game_id,season,week,season_type,start_date,home_team,away_team,home_points,away_points,neutral_site,conference_game,sample_weight,home_power_rating,away_power_rating,home_sp_rating,home_sp_offense,home_sp_defense,away_sp_rating,away_sp_offense,away_sp_defense,home_talent,away_talent,margin,total_points,home_win,vegas_spread,vegas_over_under,vegas_num_books
401426532,2022,1,regular,2022-08-27 16:00:00+00:00,Western Kentucky,Austin Peay,38,27,False,False,0.421875,0.0,0.0,1.7,31.3,30.1,,,,495.64,121.11,11,65,1,-32.5,72.0,1.0
401405059,2022,1,regular,2022-08-27 16:30:00+00:00,Northwestern,Nebraska,31,28,True,True,0.421875,0.0,0.0,-13.4,17.0,28.6,-1.2,25.5,25.6,653.48,752.12,3,59,1,12.5,52.0,1.0
401413256,2022,1,regular,2022-08-27 19:30:00+00:00,UNLV,Idaho State,52,21,False,False,0.421875,0.0,0.0,-11.9,20.8,34.1,,,,368.29,37.08,31,73,1,-22.5,51.0,1.0
401404146,2022,1,regular,2022-08-27 20:00:00+00:00,Utah State,UConn,31,20,False,False,0.421875,0.0,0.0,-13.3,25.4,38.5,-14.6,14.2,27.9,371.37,239.17,11,51,1,-24.0,59.5,1.0
401405058,2022,1,regular,2022-08-27 20:00:00+00:00,Illinois,Wyoming,38,6,False,False,0.421875,0.0,0.0,15.9,20.6,5.5,-10.8,14.9,26.2,631.46,292.03,32,44,1,-14.0,42.5,1.0
401411090,2022,1,regular,2022-08-27 21:00:00+00:00,Florida State,Duquesne,47,7,False,False,0.421875,0.0,0.0,13.2,34.8,20.4,,,,780.76,94.04,40,54,1,-42.0,57.0,1.0
401426530,2022,1,regular,2022-08-27 23:00:00+00:00,Florida Atlantic,Charlotte,43,13,False,True,0.421875,0.0,0.0,-7.1,24.4,30.4,-16.4,24.0,39.2,550.51,487.24,30,56,1,-7.0,60.0,1.0
401411091,2022,1,regular,2022-08-28 00:15:00+00:00,North Carolina,Florida A&M,56,24,False,False,0.421875,0.0,0.0,7.8,41.7,35.0,,,,812.94,223.82,32,80,1,-45.5,56.5,1.0
401426531,2022,1,regular,2022-08-28 01:00:00+00:00,UTEP,North Texas,13,31,False,True,0.421875,0.0,0.0,-10.7,20.8,32.7,-1.5,31.3,34.1,289.39,504.97,-18,44,0,1.5,52.5,1.0
401409235,2022,1,regular,2022-08-28 02:00:00+00:00,New Mexico State,Nevada,12,23,False,False,0.421875,0.0,0.0,-15.4,12.0,26.0,-22.4,15.9,37.8,189.37,416.44,-11,35,0,7.0,48.0,1.0
401403853,2022,1,regular,2022-08-28 02:30:00+00:00,Hawai'i,Vanderbilt,10,63,False,False,0.421875,0.0,0.0,-24.7,15.8,39.4,-4.7,29.9,33.4,419.54,629.76,-53,73,0,9.0,54.5,1.0
401416568,2022,1,regular,2022-09-01 22:00:00+00:00,Akron,Saint Francis,30,23,False,False,0.421875,0.0,0.0,-23.4,16.7,38.5,,,,456.15,16.89,7,53,1,,,
401415610,2022,1,regular,2022-09-01 23:00:00+00:00,UCF,South Carolina State,56,10,False,False,0.421875,0.0,0.0,10.3,31.1,20.3,,,,636.16,35.03,46,66,1,-43.5,58.0,1.0
401403864,2022,1,regular,2022-09-01 23:00:00+00:00,Tennessee,Ball State,59,10,False,False,0.421875,0.0,0.0,25.2,47.3,22.6,-14.9,16.0,30.1,764.8,345.29,49,69,1,-35.5,66.5,1.0
401426533,2022,1,regular,2022-09-01 23:00:00+00:00,Florida International,Bryant,38,37,False,False,0.421875,0.0,0.0,-25.5,18.4,42.3,,,,459.71,14.59,1,75,1,-10.5,58.5,1.0
401411092,2022,1,regular,2022-09-01 23:00:00+00:00,Pittsburgh,West Virginia,38,31,False,False,0.421875,0.0,0.0,8.6,32.8,24.7,2.4,36.3,34.5,654.56,662.57,7,69,1,-7.5,51.0,1.0
401416569,2022,1,regular,2022-09-01 23:00:00+00:00,Oklahoma State,Central Michigan,58,44,False,False,0.421875,0.0,0.0,11.3,37.6,27.9,-14.0,19.0,32.2,670.53,384.48,14,102,1,-20.5,58.0,1.0
401441990,2022,1,regular,2022-09-01 23:00:00+00:00,Toledo,Long Island University,37,0,False,False,0.421875,0.0,0.0,-3.7,25.7,27.9,,,,498.98,,37,37,1,-47.5,57.0,1.0
401411093,2022,1,regular,2022-09-01 23:30:00+00:00,Wake Forest,VMI,44,10,False,False,0.421875,0.0,0.0,8.2,43.3,35.2,,,,575.42,,34,54,1,-33.5,66.5,1.0
401426534,2022,1,regular,2022-09-02 00:00:00+00:00,UAB,Alabama A&M,59,0,False,False,0.421875,0.0,0.0,-0.5,25.7,25.3,,,,443.8,293.63,59,59,1,-40.5,60.5,1.0
401405064,2022,1,regular,2022-09-02 00:00:00+00:00,Purdue,Penn State,31,35,False,True,0.421875,0.0,0.0,7.7,31.6,22.4,22.4,36.6,13.9,646.08,830.44,-4,66,0,3.5,53.5,1.0
401426537,2022,1,regular,2022-09-02 00:00:00+00:00,Missouri,Louisiana Tech,52,24,False,False,0.421875,0.0,0.0,8.1,26.0,18.3,-17.8,29.6,47.0,715.36,473.76,28,76,1,-20.5,62.5,1.0
401416592,2022,1,regular,2022-09-02 00:00:00+00:00,Northern Illinois,Eastern Illinois,34,27,False,False,0.421875,0.0,0.0,-18.8,25.3,43.1,,,,409.86,55.8,7,61,1,-35.0,55.5,1.0
401405060,2022,1,regular,2022-09-02 01:00:00+00:00,Minnesota,New Mexico State,38,0,False,False,0.421875,0.0,-105.0,16.0,23.5,8.6,-15.4,12.0,26.0,649.43,189.37,38,38,1,-36.0,52.5,1.0
401403965,2022,1,regular,2022-09-02 02:00:00+00:00,Arizona State,Northern Arizona,40,3,False,False,0.421875,0.0,0.0,-4.1,30.5,35.7,,,,670.18,47.14,37,43,1,-25.5,52.5,1.0
401415213,2022,1,regular,2022-09-02 02:30:00+00:00,San José State,Portland State,21,17,False,False,0.421875,0.0,0.0,-4.3,19.1,21.6,,,,417.95,110.5,4,38,1,-22.0,51.0,1.0
401413224,2022,1,regular,2022-09-02 02:30:00+00:00,Fresno State,Cal Poly,35,7,False,False,0.421875,0.0,0.0,3.3,27.1,24.4,,,,502.26,55.91,28,42,1,-42.5,63.0,1.0
401426535,2022,1,regular,2022-09-02 23:00:00+00:00,Charlotte,William & Mary,24,41,False,False,0.421875,-97.0,0.0,-16.4,24.0,39.2,,,,487.24,10.64,-17,65,0,-4.5,52.0,1.0
401416591,2022,1,regular,2022-09-02 23:00:00+00:00,Michigan State,Western Michigan,35,13,False,False,0.421875,0.0,0.0,1.2,31.9,29.7,-17.3,11.2,27.3,693.91,449.89,22,48,1,-21.5,54.5,1.0
401426330,2022,1,regular,2022-09-02 23:00:00+00:00,Old Dominion,Virginia Tech,20,17,False,False,0.421875,0.0,0.0,-13.0,16.9,29.3,-9.5,13.5,22.8,438.06,640.85,3,37,1,6.0,48.5,1.0
401416590,2022,1,regular,2022-09-02 23:00:00+00:00,Eastern Michigan,Eastern Kentucky,42,34,False,False,0.421875,0.0,0.0,-7.1,24.0,32.4,,,,404.1,224.82,8,76,1,-10.5,57.5,1.0
401411094,2022,1,regular,2022-09-02 23:30:00+00:00,Duke,Temple,30,0,False,False,0.421875,0.0,0.0,5.0,29.4,24.7,-12.9,16.3,28.6,603.98,505.48,30,30,1,-9.5,51.5,1.0
401405061,2022,1,regular,2022-09-03 00:00:00+00:00,Indiana,Illinois,23,20,False,True,0.421875,0.0,60.0,-7.1,29.9,36.6,15.9,20.6,5.5,680.74,631.46,3,43,1,-1.0,47.5,1.0
401404052,2022,1,regular,2022-09-03 00:00:00+00:00,Kansas,Tennessee Tech,56,10,False,False,0.421875,0.0,0.0,2.9,40.6,36.0,,,,574.29,43.6,46,66,1,-30.5,62.0,1.0
401403966,2022,1,regular,2022-09-03 02:00:00+00:00,Colorado,TCU,13,38,False,False,0.421875,0.0,0.0,-20.4,24.0,45.0,24.3,43.3,20.2,616.28,712.05,-25,51,0,13.5,59.5,1.0
401411096,2022,1,regular,2022-09-03 16:00:00+00:00,East Carolina,NC State,20,21,False,False,0.421875,0.0,0.0,1.1,31.5,28.7,6.8,20.4,15.3,494.82,686.19,-1,41,0,12.5,51.5,1.0
401415611,2022,1,regular,2022-09-03 16:00:00+00:00,Navy,Delaware,7,14,False,False,0.421875,0.0,0.0,-7.2,18.2,24.4,,,,0.0,39.14,-7,21,0,-13.0,48.5,1.0
401405067,2022,1,regular,2022-09-03 16:00:00+00:00,Michigan,Colorado State,51,7,False,False,0.421875,0.0,0.0,32.0,38.0,7.6,-22.2,7.8,29.0,847.24,431.38,44,58,1,-31.0,60.5,1.0
401403865,2022,1,regular,2022-09-03 16:00:00+00:00,Texas A&M,Sam Houston,31,0,False,False,0.421875,0.0,0.0,9.1,25.4,16.6,,,,947.3,200.06,31,31,1,-36.5,54.0,1.0
401405062,2022,1,regular,2022-09-03 16:00:00+00:00,Iowa,South Dakota State,7,3,False,False,0.421875,0.0,0.0,12.7,16.0,5.1,,,,681.98,5.97,4,10,1,-10.5,42.0,1.0
401404147,2022,1,regular,2022-09-03 16:00:00+00:00,UConn,Central Connecticut,28,3,False,False,0.421875,-97.0,0.0,-14.6,14.2,27.9,,,,239.17,11.33,25,31,1,-20.5,51.5,1.0
401411095,2022,1,regular,2022-09-03 16:00:00+00:00,App State,North Carolina,61,63,False,False,0.421875,0.0,60.0,1.7,32.9,29.8,7.8,41.7,35.0,456.66,812.94,-2,124,0,-3.0,56.5,1.0
401405066,2022,1,regular,2022-09-03 16:00:00+00:00,Maryland,Buffalo,31,10,False,False,0.421875,0.0,0.0,11.2,33.8,24.2,-9.2,25.0,35.0,680.22,370.96,21,41,1,-24.0,65.5,1.0
401405069,2022,1,regular,2022-09-03 16:00:00+00:00,Boston College,Rutgers,21,22,False,False,0.421875,0.0,0.0,-14.9,20.4,33.8,-9.1,16.4,25.2,664.63,631.47,-1,43,0,-9.0,47.5,1.0
401411100,2022,1,regular,2022-09-03 16:30:00+00:00,Virginia,Richmond,34,17,False,False,0.421875,0.0,0.0,-9.0,16.2,24.4,,,,625.94,55.5,17,51,1,-21.5,60.5,1.0
401415209,2022,1,regular,2022-09-03 17:00:00+00:00,Air Force,Northern Iowa,48,17,False,False,0.421875,0.0,0.0,3.9,16.3,12.3,,,,0.0,185.49,31,65,1,-14.5,46.5,1.0
401404057,2022,1,regular,2022-09-03 18:00:00+00:00,Iowa State,Southeast Missouri State,42,10,False,False,0.421875,0.0,0.0,5.3,17.7,10.6,,,,590.43,26.12,32,52,1,-33.5,54.5,1.0
401403971,2022,1,regular,2022-09-03 18:30:00+00:00,UCLA,Bowling Green,45,17,False,False,0.421875,0.0,0.0,15.0,45.7,30.1,-18.1,23.8,40.6,733.3,415.08,28,62,1,-24.0,56.5,1.0
401403858,2022,1,regular,2022-09-03 19:30:00+00:00,Georgia,Oregon,49,3,True,False,0.421875,0.0,0.0,35.3,37.2,3.7,18.9,44.9,26.5,989.76,877.93,46,52,1,-16.0,54.5,1.0
401403967,2022,1,regular,2022-09-03 19:30:00+00:00,San Diego State,Arizona,20,38,False,False,0.421875,0.0,0.0,-4.4,15.1,21.1,-3.2,37.6,41.1,372.29,652.06,-18,58,0,-6.5,46.5,1.0
401411097,2022,1,regular,2022-09-03 19:30:00+00:00,Miami,Bethune-Cookman,70,13,False,False,0.421875,0.0,0.0,-2.7,24.4,28.9,,,,854.72,205.68,57,83,1,-49.5,60.5,1.0
401415015,2022,1,regular,2022-09-03 19:30:00+00:00,Marshall,Norfolk State,55,3,False,False,0.421875,0.0,0.0,3.0,15.7,11.4,,,,455.3,61.79,52,58,1,-40.5,59.0,1.0
401415211,2022,1,regular,2022-09-03 19:30:00+00:00,Wyoming,Tulsa,40,37,False,False,0.421875,-19.0,0.0,-10.8,14.9,26.2,-6.1,32.7,38.5,292.03,485.87,3,77,1,6.5,46.0,1.0
401426541,2022,1,regular,2022-09-03 19:30:00+00:00,Oklahoma,UTEP,45,13,False,False,0.421875,0.0,-70.0,15.4,40.8,26.5,-10.7,20.8,32.7,870.34,289.39,32,58,1,-31.0,58.0,1.0
401426542,2022,1,regular,2022-09-03 19:30:00+00:00,UTSA,Houston,35,37,False,False,0.421875,0.0,0.0,7.2,39.3,32.6,4.5,42.5,37.7,515.76,629.12,-2,72,0,3.5,62.0,1.0
401403855,2022,1,regular,2022-09-03 19:30:00+00:00,Arkansas,Cincinnati,31,24,False,False,0.421875,0.0,0.0,12.0,38.3,26.3,13.1,27.6,16.1,741.06,650.89,7,55,1,-6.5,54.5,1.0
401405063,2022,1,regular,2022-09-03 19:30:00+00:00,Nebraska,North Dakota,38,17,False,False,0.421875,-75.0,0.0,-1.2,25.5,25.6,,,,752.12,,21,55,1,-28.5,62.5,1.0
401403860,2022,1,regular,2022-09-03 20:00:00+00:00,Ole Miss,Troy,28,10,False,False,0.421875,0.0,0.0,16.2,38.8,23.7,8.1,17.7,11.2,757.39,464.3,18,38,1,-21.5,57.0,1.0
401403968,2022,1,regular,2022-09-03 20:00:00+00:00,California,UC Davis,34,13,False,False,0.421875,0.0,0.0,-3.0,23.2,25.9,,,,653.31,103.7,21,47,1,-14.0,44.0,1.0
401415612,2022,1,regular,2022-09-03 20:00:00+00:00,South Florida,BYU,21,50,False,False,0.421875,0.0,0.0,-17.0,34.1,50.3,-1.4,34.3,34.8,574.32,415.19,-29,71,0,11.5,58.5,1.0
401421116,2022,1,regular,2022-09-03 21:00:00+00:00,South Alabama,Nicholls,48,7,False,False,0.421875,0.0,0.0,10.8,26.8,17.4,,,,466.34,100.39,41,55,1,-13.5,53.0,1.0
401415212,2022,1,regular,2022-09-03 21:30:00+00:00,Nevada,Texas State,38,14,False,False,0.421875,68.0,0.0,-22.4,15.9,37.8,-11.5,17.4,29.5,416.44,464.66,24,52,1,2.0,51.5,1.0
401426540,2022,1,regular,2022-09-03 22:00:00+00:00,USC,Rice,66,14,False,False,0.421875,0.0,0.0,18.9,46.6,26.3,-15.2,23.1,36.9,860.12,441.93,52,80,1,-32.5,61.5,1.0
401420777,2022,1,regular,2022-09-03 22:00:00+00:00,Georgia Southern,Morgan State,59,7,False,False,0.421875,0.0,0.0,-6.4,34.3,40.3,,,,414.14,28.0,52,66,1,-39.5,53.5,1.0
401426536,2022,1,regular,2022-09-03 22:00:00+00:00,Ohio,Florida Atlantic,41,38,False,False,0.421875,0.0,60.0,-4.6,31.6,35.2,-7.1,24.4,30.4,365.74,550.51,3,79,1,6.0,51.0,1.0
401426538,2022,1,regular,2022-09-03 22:00:00+00:00,James Madison,Middle Tennessee,44,7,False,False,0.421875,0.0,0.0,6.5,31.3,23.6,-6.9,25.6,33.3,104.24,425.43,37,51,1,-4.5,60.5,1.0
401424416,2022,1,regular,2022-09-03 23:00:00+00:00,Baylor,UAlbany,69,10,False,False,0.421875,0.0,0.0,11.7,37.6,26.1,,,,666.05,92.55,59,79,1,-42.5,46.5,1.0
401425418,2022,1,regular,2022-09-03 23:00:00+00:00,Arkansas State,Grambling,58,3,False,False,0.421875,0.0,0.0,-13.0,23.7,38.5,,,,471.65,221.26,55,61,1,-25.5,57.5,1.0
401403857,2022,1,regular,2022-09-03 23:00:00+00:00,Florida,Utah,29,26,False,False,0.421875,0.0,0.0,10.4,39.6,29.5,19.2,37.3,17.3,856.95,705.12,3,55,1,2.5,51.5,1.0
401414778,2022,1,regular,2022-09-03 23:00:00+00:00,Tulane,Massachusetts,42,10,False,False,0.421875,0.0,0.0,12.4,32.0,19.7,-30.3,7.5,36.4,521.86,292.14,32,52,1,-28.5,58.5,1.0
401421121,2022,1,regular,2022-09-03 23:00:00+00:00,Louisiana,SE Louisiana,24,7,False,False,0.421875,0.0,0.0,2.0,21.7,20.3,,,,458.15,166.75,17,31,1,-13.5,61.0,1.0
401405065,2022,1,regular,2022-09-03 23:00:00+00:00,Wisconsin,Illinois State,38,0,False,False,0.421875,0.0,0.0,8.3,25.7,17.1,,,,744.44,92.75,38,38,1,-36.5,42.5,1.0
401403859,2022,1,regular,2022-09-03 23:00:00+00:00,Kentucky,Miami (OH),37,13,False,False,0.421875,0.0,0.0,13.0,23.2,9.9,-12.7,8.6,22.1,737.33,397.26,24,50,1,-15.0,55.0,1.0
401404134,2022,1,regular,2022-09-03 23:00:00+00:00,Coastal Carolina,Army,38,28,False,False,0.421875,0.0,0.0,0.6,32.7,30.6,-1.5,24.6,25.3,446.58,17.27,10,66,1,-1.5,54.0,1.0
401404157,2022,1,regular,2022-09-03 23:00:00+00:00,Southern Miss,Liberty,27,29,False,False,0.421875,0.0,0.0,-3.5,18.3,22.9,-1.5,24.1,25.4,478.97,161.88,-2,56,0,3.5,50.0,1.0
401403866,2022,1,regular,2022-09-03 23:00:00+00:00,Vanderbilt,Elon,42,31,False,False,0.421875,68.0,0.0,-4.7,29.9,33.4,,,,629.76,64.96,11,73,1,-18.5,51.5,1.0
401403856,2022,1,regular,2022-09-03 23:00:00+00:00,Auburn,Mercer,42,16,False,False,0.421875,0.0,0.0,5.1,32.6,27.9,,,,783.87,38.11,26,58,1,-30.0,51.5,1.0
401404056,2022,1,regular,2022-09-03 23:00:00+00:00,Kansas State,South Dakota,34,0,False,False,0.421875,0.0,0.0,21.4,36.4,15.7,,,,584.68,51.92,34,34,1,-27.0,50.5,1.0
401426539,2022,1,regular,2022-09-03 23:30:00+00:00,North Texas,SMU,10,48,False,False,0.421875,68.0,0.0,-1.5,31.3,34.1,4.7,42.0,38.1,504.97,598.49,-38,58,0,9.5,67.5,1.0
401404124,2022,1,regular,2022-09-03 23:30:00+00:00,Ohio State,Notre Dame,21,10,False,False,0.421875,0.0,0.0,31.1,45.1,15.7,10.3,30.5,21.4,983.14,866.48,11,31,1,-17.0,58.5,1.0
401403863,2022,1,regular,2022-09-03 23:30:00+00:00,South Carolina,Georgia State,35,14,False,False,0.421875,0.0,0.0,12.7,36.0,25.2,-3.3,33.7,38.3,762.63,471.84,21,49,1,-12.5,55.0,1.0
401403861,2022,1,regular,2022-09-03 23:30:00+00:00,Mississippi State,Memphis,49,23,False,False,0.421875,0.0,0.0,15.4,35.1,19.9,6.8,37.0,31.8,725.55,533.26,26,72,1,-17.0,58.0,1.0
401403854,2022,1,regular,2022-09-03 23:30:00+00:00,Alabama,Utah State,55,0,False,False,0.421875,0.0,60.0,30.3,42.9,14.2,-13.3,25.4,38.5,1016.79,371.37,55,55,1,-42.0,63.0,1.0
401404055,2022,1,regular,2022-09-04 00:00:00+00:00,Texas Tech,Murray State,63,10,False,False,0.421875,0.0,0.0,8.5,38.5,30.5,,,,660.31,56.27,53,73,1,-38.0,64.0,1.0
401411099,2022,1,regular,2022-09-04 00:00:00+00:00,Syracuse,Louisville,31,7,False,True,0.421875,0.0,0.0,2.5,27.4,24.7,9.0,27.0,19.1,590.36,625.42,24,38,1,6.0,55.0,1.0
401403970,2022,1,regular,2022-09-04 00:00:00+00:00,Stanford,Colgate,41,10,False,False,0.421875,0.0,0.0,-7.2,25.6,34.2,,,,757.81,14.43,31,51,1,-40.0,51.5,1.0
401415210,2022,1,regular,2022-09-04 00:00:00+00:00,New Mexico,Maine,41,0,False,False,0.421875,0.0,0.0,-26.9,6.0,31.9,,,,312.79,54.69,41,41,1,-6.0,42.5,1.0
401404059,2022,1,regular,2022-09-04 00:00:00+00:00,Texas,UL Monroe,52,10,False,False,0.421875,0.0,0.0,23.1,38.1,15.6,-15.7,23.2,39.0,887.45,348.53,42,62,1,-37.5,64.5,1.0
401403974,2022,1,regular,2022-09-04 01:30:00+00:00,Washington State,Idaho,24,17,False,False,0.421875,0.0,0.0,9.5,25.1,16.7,,,,570.94,82.22,7,41,1,-28.5,63.5,1.0
401403969,2022,1,regular,2022-09-04 02:30:00+00:00,Oregon State,Boise State,34,17,False,False,0.421875,0.0,0.0,14.3,33.3,17.7,5.7,24.1,18.5,635.88,533.92,17,51,1,-1.5,55.5,1.0
401403973,2022,1,regular,2022-09-04 02:30:00+00:00,Washington,Kent State,45,20,False,False,0.421875,0.0,0.0,15.7,41.2,25.5,-13.1,25.6,37.9,761.72,386.94,25,65,1,-23.5,61.5,1.0
401426543,2022,1,regular,2022-09-04 03:59:00+00:00,Hawai'i,Western Kentucky,17,49,False,False,0.421875,-70.0,60.0,-24.7,15.8,39.4,1.7,31.3,30.1,419.54,495.64,-32,66,0,16.5,67.5,1.0
401403867,2022,1,regular,2022-09-04 23:30:00+00:00,Florida State,LSU,24,23,True,False,0.421875,60.0,0.0,13.2,34.8,20.4,16.2,34.2,17.6,780.76,872.61,1,47,1,4.5,51.0,1.0
401411101,2022,1,regular,2022-09-06 00:00:00+00:00,Georgia Tech,Clemson,10,41,True,True,0.421875,0.0,0.0,-11.8,18.8,29.5,17.6,34.9,18.5,715.48,943.0,-31,51,0,24.5,51.5,1.0
401415613,2022,2,regular,2022-09-09 23:30:00+00:00,UCF,Louisville,14,20,False,False,0.421875,60.0,-57.2,10.3,31.1,20.3,9.0,27.0,19.1,636.16,625.42,-6,34,0,-5.5,62.5,1.0
401415214,2022,2,regular,2022-09-10 01:00:00+00:00,New Mexico,Boise State,14,31,False,True,0.421875,60.0,-19.0,-26.9,6.0,31.9,5.7,24.1,18.5,312.79,533.92,-17,45,0,17.0,43.5,1.0
401411103,2022,2,regular,2022-09-10 16:00:00+00:00,Georgia State,North Carolina,28,35,False,False,0.421875,-19.0,152.8,-3.3,33.7,38.3,7.8,41.7,35.0,471.84,812.94,-7,63,0,7.0,64.0,1.0
401426553,2022,2,regular,2022-09-10 16:00:00+00:00,Army,UTSA,38,41,False,False,0.421875,-57.2,-21.0,-1.5,24.6,25.3,7.2,39.3,32.6,17.27,515.76,-3,79,0,2.0,54.0,1.0
401405073,2022,2,regular,2022-09-10 16:00:00+00:00,Northwestern,Duke,23,31,False,False,0.421875,120.0,60.0,-13.4,17.0,28.6,5.0,29.4,24.7,653.48,603.98,-8,54,0,-10.0,56.0,1.0
401405080,2022,2,regular,2022-09-10 16:00:00+00:00,Penn State,Ohio,46,10,False,False,0.421875,92.80000000000001,50.0,22.4,36.6,13.9,-4.6,31.6,35.2,830.44,365.74,36,56,1,-28.0,54.5,1.0
401405079,2022,2,regular,2022-09-10 16:00:00+00:00,Ohio State,Arkansas State,45,12,False,False,0.421875,162.0,60.0,31.1,45.1,15.7,-13.0,23.7,38.5,983.14,471.65,33,57,1,-44.5,68.5,1.0
401403868,2022,2,regular,2022-09-10 16:00:00+00:00,Texas,Alabama,19,20,False,False,0.421875,60.0,60.0,23.1,38.1,15.6,30.3,42.9,14.2,887.45,1016.79,-1,39,0,21.0,63.5,1.0
401403869,2022,2,regular,2022-09-10 16:00:00+00:00,Arkansas,South Carolina,44,30,False,True,0.421875,106.0,96.0,12.0,38.3,26.3,12.7,36.0,25.2,741.06,762.63,14,74,1,-8.5,56.0,1.0
401403876,2022,2,regular,2022-09-10 16:00:00+00:00,Kansas State,Missouri,40,12,False,False,0.421875,60.0,60.0,21.4,36.4,15.7,8.1,26.0,18.3,584.68,715.36,28,52,1,-7.5,52.5,1.0
401405071,2022,2,regular,2022-09-10 16:00:00+00:00,Minnesota,Western Illinois,62,10,False,False,0.421875,60.0,0.0,16.0,23.5,8.6,,,,649.43,91.95,52,72,1,-41.0,56.5,1.0
401403879,2022,2,regular,2022-09-10 16:00:00+00:00,Vanderbilt,Wake Forest,25,45,False,False,0.421875,128.0,60.0,-4.7,29.9,33.4,8.2,43.3,35.2,629.76,575.42,-20,70,0,13.5,65.0,1.0
401411105,2022,2,regular,2022-09-10 16:00:00+00:00,Miami,Southern Miss,30,7,False,False,0.421875,60.0,-50.0,-2.7,24.4,28.9,-3.5,18.3,22.9,854.72,478.97,23,37,1,-27.5,50.5,1.0
401411106,2022,2,regular,2022-09-10 16:30:00+00:00,NC State,Charleston Southern,55,3,False,False,0.421875,92.80000000000001,0.0,6.8,20.4,15.3,,,,686.19,28.1,52,58,1,-45.5,55.0,1.0
401416597,2022,2,regular,2022-09-10 17:00:00+00:00,Central Michigan,South Alabama,24,38,False,False,0.421875,9.0,60.0,-14.0,19.0,32.2,10.8,26.8,17.4,384.48,466.34,-14,62,0,-6.0,57.5,1.0
401403982,2022,2,regular,2022-09-10 17:30:00+00:00,Utah,Southern Utah,73,7,False,False,0.421875,-9.0,0.0,19.2,37.3,17.3,,,,705.12,52.58,66,80,1,-45.5,58.5,1.0
401415614,2022,2,regular,2022-09-10 18:00:00+00:00,Temple,Lafayette,30,14,False,False,0.421875,-57.2,0.0,-12.9,16.3,28.6,,,,505.48,22.41,16,44,1,-13.5,39.5,1.0
401416594,2022,2,regular,2022-09-10 18:00:00+00:00,Ball State,Western Michigan,30,37,False,True,0.421875,-19.0,3.0,-14.9,16.0,30.1,-17.3,11.2,27.3,345.29,449.89,-7,67,0,6.5,51.5,1.0
401404125,2022,2,regular,2022-09-10 18:30:00+00:00,Notre Dame,Marshall,21,26,False,False,0.421875,29.0,60.0,10.3,30.5,21.4,3.0,15.7,11.4,866.48,455.3,-5,47,0,-20.5,48.0,1.0
401403977,2022,2,regular,2022-09-10 19:30:00+00:00,Air Force,Colorado,41,10,False,False,0.421875,60.0,-35.0,3.9,16.3,12.3,-20.4,24.0,45.0,0.0,616.28,31,51,1,-17.5,50.0,1.0
401426545,2022,2,regular,2022-09-10 19:30:00+00:00,Charlotte,Maryland,21,56,False,False,0.421875,-202.0,60.0,-16.4,24.0,39.2,11.2,33.8,24.2,487.24,680.22,-35,77,0,28.0,65.0,1.0
401403877,2022,2,regular,2022-09-10 19:30:00+00:00,Pittsburgh,Tennessee,27,34,False,False,0.421875,80.0,60.0,8.6,32.8,24.7,25.2,47.3,22.6,654.56,764.8,-7,61,0,6.0,62.5,1.0
401403984,2022,2,regular,2022-09-10 19:30:00+00:00,Wisconsin,Washington State,14,17,False,False,0.421875,60.0,50.0,8.3,25.7,17.1,9.5,25.1,16.7,744.44,570.94,-3,31,0,-17.5,49.0,1.0
401415617,2022,2,regular,2022-09-10 19:30:00+00:00,Navy,Memphis,13,37,False,True,0.421875,-75.0,-19.0,-7.2,18.2,24.4,6.8,37.0,31.8,0.0,533.26,-24,50,0,4.5,47.5,1.0
401411102,2022,2,regular,2022-09-10 19:30:00+00:00,Clemson,Furman,35,12,False,False,0.421875,90.0,0.0,17.6,34.9,18.5,,,,943.0,67.63,23,47,1,-45.5,51.5,1.0
401415619,2022,2,regular,2022-09-10 19:30:00+00:00,Cincinnati,Kennesaw State,63,10,False,False,0.421875,5.0,0.0,13.1,27.6,16.1,,,,650.89,22.69,53,73,1,,,
401403878,2022,2,regular,2022-09-10 19:30:00+00:00,Texas A&M,App State,14,17,False,False,0.421875,60.0,-50.0,9.1,25.4,16.6,1.7,32.9,29.8,947.3,456.66,-3,31,0,-18.0,54.0,1.0
401403872,2022,2,regular,2022-09-10 20:00:00+00:00,Georgia,Samford,33,0,False,False,0.421875,225.0,0.0,35.3,37.2,3.7,,,,989.76,100.34,33,33,1,-53.0,62.5,1.0
401403976,2022,2,regular,2022-09-10 20:00:00+00:00,California,UNLV,20,14,False,False,0.421875,60.0,60.0,-3.0,23.2,25.9,-11.9,20.8,34.1,653.31,368.29,6,34,1,-12.5,49.5,1.0
401404063,2022,2,regular,2022-09-10 20:00:00+00:00,Texas Tech,Houston,33,30,False,False,0.421875,60.0,92.80000000000001,8.5,38.5,30.5,4.5,42.5,37.7,660.31,629.12,3,63,1,-4.0,62.0,1.0
401404064,2022,2,regular,2022-09-10 20:00:00+00:00,Iowa,Iowa State,7,10,False,False,0.421875,50.0,60.0,12.7,16.0,5.1,5.3,17.7,10.6,681.98,590.43,-3,17,0,-3.5,39.0,1.0
401405070,2022,2,regular,2022-09-10 20:00:00+00:00,Illinois,Virginia,24,3,False,False,0.421875,-7.0,60.0,15.9,20.6,5.5,-9.0,16.2,24.4,631.46,625.94,21,27,1,-4.0,55.0,1.0
401415177,2022,2,regular,2022-09-10 20:00:00+00:00,Wyoming,Northern Colorado,33,10,False,False,0.421875,61.0,0.0,-10.8,14.9,26.2,,,,292.03,227.83,23,43,1,-23.5,54.5,1.0
401416595,2022,2,regular,2022-09-10 20:00:00+00:00,Bowling Green,Eastern Kentucky,57,59,False,False,0.421875,-19.0,-67.0,-18.1,23.8,40.6,,,,415.08,224.82,-2,116,0,-7.5,57.0,1.0
401426548,2022,2,regular,2022-09-10 20:00:00+00:00,Colorado State,Middle Tennessee,19,34,False,False,0.421875,17.0,-57.2,-22.2,7.8,29.0,-6.9,25.6,33.3,431.38,425.43,-15,53,0,-13.5,58.5,1.0
401405081,2022,2,regular,2022-09-10 20:00:00+00:00,Rutgers,Wagner,66,7,False,False,0.421875,58.0,0.0,-9.1,16.4,25.2,,,,631.47,39.77,59,73,1,-48.5,55.5,1.0
401405074,2022,2,regular,2022-09-10 20:00:00+00:00,Purdue,Indiana State,56,0,False,False,0.421875,-25.0,0.0,7.7,31.6,22.4,,,,646.08,70.29,56,56,1,-37.0,54.0,1.0
401420788,2022,2,regular,2022-09-10 20:00:00+00:00,James Madison,Norfolk State,63,7,False,False,0.421875,96.0,-57.2,6.5,31.3,23.6,,,,104.24,61.79,56,70,1,-41.5,54.5,1.0
401405078,2022,2,regular,2022-09-10 20:00:00+00:00,Michigan State,Akron,52,0,False,False,0.421875,60.0,50.0,1.2,31.9,29.7,-23.4,16.7,38.5,693.91,456.15,52,52,1,-34.5,56.0,1.0
401403983,2022,2,regular,2022-09-10 20:00:00+00:00,Washington,Portland State,52,6,False,False,0.421875,60.0,-37.2,15.7,41.2,25.5,,,,761.72,110.5,46,58,1,-31.0,55.0,1.0
401403981,2022,2,regular,2022-09-10 21:00:00+00:00,UCLA,Alabama State,45,7,False,False,0.421875,60.0,0.0,15.0,45.7,30.1,,,,733.3,208.22,38,52,1,-48.5,61.5,1.0
401415216,2022,2,regular,2022-09-10 21:30:00+00:00,Nevada,Incarnate Word,41,55,False,False,0.421875,128.0,0.0,-22.4,15.9,37.8,,,,416.44,40.89,-14,96,0,-4.0,61.5,1.0
401426332,2022,2,regular,2022-09-10 22:00:00+00:00,Coastal Carolina,Gardner-Webb,31,27,False,False,0.421875,96.0,0.0,0.6,32.7,30.6,,,,446.58,19.68,4,58,1,-32.5,66.5,1.0
401416596,2022,2,regular,2022-09-10 22:00:00+00:00,Buffalo,Holy Cross,31,37,False,False,0.421875,-19.0,0.0,-9.2,25.0,35.0,,,,370.96,,-6,68,0,-6.0,51.5,1.0
401415024,2022,2,regular,2022-09-10 22:00:00+00:00,East Carolina,Old Dominion,39,21,False,False,0.421875,1.0,50.0,1.1,31.5,28.7,-13.0,16.9,29.3,494.82,438.06,18,60,1,-13.0,50.0,1.0
401416599,2022,2,regular,2022-09-10 22:00:00+00:00,Miami (OH),Robert Morris,31,14,False,False,0.421875,-7.0,0.0,-12.7,8.6,22.1,,,,397.26,21.85,17,45,1,-30.0,54.0,1.0
401404065,2022,2,regular,2022-09-10 22:00:00+00:00,West Virginia,Kansas,42,55,False,True,0.421875,9.0,60.0,2.4,36.3,34.5,2.9,40.6,36.0,662.57,574.29,-13,97,0,-14.0,59.5,1.0
401426551,2022,2,regular,2022-09-10 22:00:00+00:00,Liberty,UAB,21,14,False,False,0.421875,92.80000000000001,60.0,-1.5,24.1,25.4,-0.5,25.7,25.3,161.88,443.8,7,35,1,6.0,50.0,1.0
401426546,2022,2,regular,2022-09-10 22:00:00+00:00,Florida Atlantic,SE Louisiana,42,9,False,False,0.421875,22.799999999999997,-57.2,-7.1,24.4,30.4,,,,550.51,166.75,33,51,1,-11.0,63.5,1.0
401415215,2022,2,regular,2022-09-10 23:00:00+00:00,Utah State,Weber State,7,35,False,False,0.421875,91.0,0.0,-13.3,25.4,38.5,,,,371.37,53.15,-28,42,0,-6.5,59.5,1.0
401426544,2022,2,regular,2022-09-10 23:00:00+00:00,Texas State,Florida International,41,12,False,False,0.421875,-97.0,50.0,-11.5,17.4,29.5,-25.5,18.4,42.3,464.66,459.71,29,53,1,-13.5,62.5,1.0
401415620,2022,2,regular,2022-09-10 23:00:00+00:00,Tulsa,Northern Illinois,38,35,False,False,0.421875,-67.0,50.0,-6.1,32.7,38.5,-18.8,25.3,43.1,485.87,409.86,3,73,1,-6.5,63.0,1.0
401403871,2022,2,regular,2022-09-10 23:00:00+00:00,Florida,Kentucky,16,26,False,True,0.421875,138.0,60.0,10.4,39.6,29.5,13.0,23.2,9.9,856.95,737.33,-10,42,0,-6.0,52.5,1.0
401404148,2022,2,regular,2022-09-10 23:00:00+00:00,UConn,Syracuse,14,48,False,False,0.421875,-37.0,120.0,-14.6,14.2,27.9,2.5,27.4,24.7,239.17,590.36,-34,62,0,23.5,49.5,1.0
401411104,2022,2,regular,2022-09-10 23:00:00+00:00,Georgia Tech,Western Carolina,35,17,False,False,0.421875,31.0,0.0,-11.8,18.8,29.5,,,,715.48,35.6,18,52,1,-24.5,65.5,1.0
401414779,2022,2,regular,2022-09-10 23:00:00+00:00,Toledo,Massachusetts,55,10,False,False,0.421875,60.0,-19.0,-3.7,25.7,27.9,-30.3,7.5,36.4,498.98,292.14,45,65,1,-28.0,49.5,1.0
401415618,2022,2,regular,2022-09-10 23:00:00+00:00,South Florida,Howard,42,20,False,False,0.421875,-33.0,0.0,-17.0,34.1,50.3,,,,574.32,,22,62,1,-39.5,61.5,1.0
401415616,2022,2,regular,2022-09-10 23:00:00+00:00,SMU,Lamar,45,16,False,False,0.421875,108.80000000000001,0.0,4.7,42.0,38.1,,,,598.49,23.88,29,61,1,-48.5,66.0,1.0
401423439,2022,2,regular,2022-09-10 23:00:00+00:00,Troy,Alabama A&M,38,17,False,False,0.421875,-9.0,-57.2,8.1,17.7,11.2,,,,464.3,293.63,21,55,1,-37.5,52.0,1.0
401403874,2022,2,regular,2022-09-10 23:00:00+00:00,Ole Miss,Central Arkansas,59,3,False,False,0.421875,96.0,0.0,16.2,38.8,23.7,,,,757.39,82.3,56,62,1,-36.5,61.0,1.0
401416598,2022,2,regular,2022-09-10 23:00:00+00:00,Louisiana,Eastern Michigan,49,21,False,False,0.421875,60.0,50.0,2.0,21.7,20.3,-7.1,24.0,32.4,458.15,404.1,28,70,1,-11.0,56.0,1.0
401426547,2022,2,regular,2022-09-10 23:00:00+00:00,Louisiana Tech,Stephen F. Austin,52,17,False,False,0.421875,-57.2,0.0,-17.8,29.6,47.0,,,,473.76,130.97,35,69,1,-6.5,64.5,1.0
401404066,2022,2,regular,2022-09-10 23:00:00+00:00,Oklahoma,Kent State,33,3,False,False,0.421875,60.0,-19.0,15.4,40.8,26.5,-13.1,25.6,37.9,870.34,386.94,30,36,1,-33.0,72.5,1.0
401415615,2022,2,regular,2022-09-10 23:00:00+00:00,Tulane,Alcorn State,52,0,False,False,0.421875,60.0,0.0,12.4,32.0,19.7,,,,521.86,62.59,52,52,1,-35.5,59.5,1.0
401426549,2022,2,regular,2022-09-10 23:30:00+00:00,North Texas,Texas Southern,59,27,False,False,0.421875,-2.0,0.0,-1.5,31.3,34.1,,,,504.97,54.59,32,86,1,-38.5,64.5,1.0
401426550,2022,2,regular,2022-09-10 23:30:00+00:00,Rice,McNeese,52,10,False,False,0.421875,5.0,0.0,-15.2,23.1,36.9,,,,441.93,155.54,42,62,1,-7.5,52.5,1.0
401403980,2022,2,regular,2022-09-10 23:30:00+00:00,Stanford,USC,28,41,False,True,0.421875,60.0,60.0,-7.2,25.6,34.2,18.9,46.6,26.3,757.81,860.12,-13,69,0,9.5,66.5,1.0
401403873,2022,2,regular,2022-09-10 23:30:00+00:00,LSU,Southern,65,17,False,False,0.421875,-25.0,0.0,16.2,34.2,17.6,,,,872.61,178.64,48,82,1,-44.5,58.0,1.0
401403975,2022,2,regular,2022-09-10 23:30:00+00:00,Oklahoma State,Arizona State,34,17,False,False,0.421875,60.0,60.0,11.3,37.6,27.9,-4.1,30.5,35.7,670.53,670.18,17,51,1,-11.5,58.0,1.0
401403870,2022,2,regular,2022-09-10 23:30:00+00:00,Auburn,San José State,24,16,False,False,0.421875,60.0,50.0,5.1,32.6,27.9,-4.3,19.1,21.6,783.87,417.95,8,40,1,-24.0,48.5,1.0
401405072,2022,2,regular,2022-09-10 23:30:00+00:00,Nebraska,Georgia Southern,42,45,False,False,0.421875,-15.0,60.0,-1.2,25.5,25.6,-6.4,34.3,40.3,752.12,414.14,-3,87,0,-23.5,64.0,1.0
401413257,2022,2,regular,2022-09-11 00:00:00+00:00,San Diego State,Idaho State,38,7,False,False,0.421875,-70.0,-97.0,-4.4,15.1,21.1,,,,372.29,37.08,31,45,1,-33.5,50.5,1.0
401404067,2022,2,regular,2022-09-11 00:00:00+00:00,TCU,Tarleton State,59,17,False,False,0.421875,68.0,0.0,24.3,43.3,20.2,,,,712.05,,42,76,1,-40.0,66.5,1.0
401405075,2022,2,regular,2022-09-11 00:00:00+00:00,Indiana,Idaho,35,22,False,False,0.421875,100.0,-9.0,-7.1,29.9,36.6,,,,680.74,82.22,13,57,1,-24.5,50.5,1.0
401405077,2022,2,regular,2022-09-11 00:00:00+00:00,Michigan,Hawai'i,56,10,False,False,0.421875,60.0,-140.0,32.0,38.0,7.6,-24.7,15.8,39.4,847.24,419.54,46,66,1,-52.5,66.5,1.0
401421117,2022,2,regular,2022-09-11 00:00:00+00:00,UL Monroe,Nicholls,35,7,False,False,0.421875,-19.0,-19.0,-15.7,23.2,39.0,,,,348.53,100.39,28,42,1,-4.5,58.5,1.0
401411108,2022,2,regular,2022-09-11 00:00:00+00:00,Virginia Tech,Boston College,27,10,False,True,0.421875,-67.0,-75.0,-9.5,13.5,22.8,-14.9,20.4,33.8,640.85,664.63,17,37,1,-3.0,45.0,1.0
401403978,2022,2,regular,2022-09-11 00:30:00+00:00,Oregon,Eastern Washington,70,14,False,False,0.421875,34.0,0.0,18.9,44.9,26.5,,,,877.93,73.36,56,84,1,-27.5,69.5,1.0
401426552,2022,2,regular,2022-09-11 01:00:00+00:00,UTEP,New Mexico State,20,13,False,False,0.421875,-55.0,-124.0,-10.7,20.8,32.7,-15.4,12.0,26.0,289.39,189.37,7,33,1,-17.5,46.5,1.0
401404062,2022,2,regular,2022-09-11 02:15:00+00:00,BYU,Baylor,26,20,False,False,0.421875,68.0,60.0,-1.4,34.3,34.8,11.7,37.6,26.1,415.19,666.05,6,46,1,-2.5,55.0,1.0
401403979,2022,2,regular,2022-09-11 02:30:00+00:00,Fresno State,Oregon State,32,35,False,False,0.421875,60.0,96.0,3.3,27.1,24.4,14.3,33.3,17.7,502.26,635.88,-3,67,0,-1.0,58.5,1.0
401403875,2022,2,regular,2022-09-11 03:00:00+00:00,Arizona,Mississippi State,17,39,False,False,0.421875,108.80000000000001,96.0,-3.2,37.6,41.1,15.4,35.1,19.9,652.06,725.55,-22,56,0,12.5,58.0,1.0
401411109,2022,3,regular,2022-09-16 23:30:00+00:00,Louisville,Florida State,31,35,False,True,0.421875,58.8,210.0,9.0,27.0,19.1,13.2,34.8,20.4,625.42,780.76,-4,66,0,2.5,57.0,1.0
401415217,2022,3,regular,2022-09-17 00:00:00+00:00,Wyoming,Air Force,17,14,False,True,0.421875,121.0,120.0,-10.8,14.9,26.2,3.9,16.3,12.3,292.03,0.0,3,31,1,16.5,47.0,1.0
401411114,2022,3,regular,2022-09-17 15:00:00+00:00,Virginia Tech,Wofford,27,7,False,False,0.421875,-7.0,0.0,-9.5,13.5,22.8,,,,640.85,17.85,20,34,1,-38.5,45.5,1.0
401404149,2022,3,regular,2022-09-17 16:00:00+00:00,Michigan,UConn,59,0,False,False,0.421875,120.0,-107.0,32.0,38.0,7.6,-14.6,14.2,27.9,847.24,239.17,59,59,1,-47.5,59.0,1.0
401405083,2022,3,regular,2022-09-17 16:00:00+00:00,Northwestern,Southern Illinois,24,31,False,False,0.421875,70.0,0.0,-13.4,17.0,28.6,,,,653.48,183.5,-7,55,0,-13.5,58.5,1.0
401404071,2022,3,regular,2022-09-17 16:00:00+00:00,Baylor,Texas State,42,7,False,False,0.421875,61.0,-37.0,11.7,37.6,26.1,-11.5,17.4,29.5,666.05,464.66,35,49,1,-30.0,53.0,1.0
401403884,2022,3,regular,2022-09-17 16:00:00+00:00,Kentucky,Youngstown State,31,0,False,False,0.421875,224.0,0.0,13.0,23.2,9.9,,,,737.33,94.39,31,31,1,-30.0,49.5,1.0
401426563,2022,3,regular,2022-09-17 16:00:00+00:00,Indiana,Western Kentucky,33,30,False,False,0.421875,160.0,128.0,-7.1,29.9,36.6,1.7,31.3,30.1,680.74,495.64,3,63,1,-7.0,61.5,1.0
401404070,2022,3,regular,2022-09-17 16:00:00+00:00,Nebraska,Oklahoma,14,49,False,False,0.421875,-65.0,120.0,-1.2,25.5,25.6,15.4,40.8,26.5,752.12,870.34,-35,63,0,10.5,65.5,1.0
401404136,2022,3,regular,2022-09-17 16:00:00+00:00,Army,Villanova,49,10,False,False,0.421875,-107.2,0.0,-1.5,24.6,25.3,,,,17.27,15.94,39,59,1,-14.0,56.0,1.0
401416603,2022,3,regular,2022-09-17 16:00:00+00:00,Kent State,Long Island University,63,10,False,False,0.421875,0.0,-57.2,-13.1,25.6,37.9,,,,386.94,,53,73,1,-40.0,64.5,1.0
401403888,2022,3,regular,2022-09-17 16:00:00+00:00,South Carolina,Georgia,7,48,False,True,0.421875,97.0,285.0,12.7,36.0,25.2,35.3,37.2,3.7,762.63,989.76,-41,55,0,25.5,56.0,1.0
401403887,2022,3,regular,2022-09-17 16:00:00+00:00,Missouri,Abilene Christian,34,17,False,False,0.421875,41.0,0.0,8.1,26.0,18.3,,,,715.36,260.16,17,51,1,-31.5,56.5,1.0
401415623,2022,3,regular,2022-09-17 16:00:00+00:00,Miami (OH),Cincinnati,17,38,True,False,0.421875,53.0,65.0,-12.7,8.6,22.1,13.1,27.6,16.1,397.26,650.89,-21,55,0,24.0,51.0,1.0
401405084,2022,3,regular,2022-09-17 16:00:00+00:00,Syracuse,Purdue,32,29,False,False,0.421875,188.0,35.0,2.5,27.4,24.7,7.7,31.6,22.4,590.36,646.08,3,61,1,-1.5,59.5,1.0
401404073,2022,3,regular,2022-09-17 17:00:00+00:00,West Virginia,Towson,65,7,False,False,0.421875,-61.0,0.0,2.4,36.3,34.5,,,,662.57,178.36,58,72,1,-41.0,58.5,1.0
401416602,2022,3,regular,2022-09-17 17:00:00+00:00,Central Michigan,Bucknell,41,0,False,False,0.421875,-26.0,0.0,-14.0,19.0,32.2,,,,384.48,,41,41,1,-41.0,59.0,1.0
401416601,2022,3,regular,2022-09-17 17:00:00+00:00,Coastal Carolina,Buffalo,38,26,False,False,0.421875,146.0,-94.0,0.6,32.7,30.6,-9.2,25.0,35.0,446.58,370.96,12,64,1,-12.0,59.5,1.0
401405089,2022,3,regular,2022-09-17 18:00:00+00:00,Temple,Rutgers,14,16,False,False,0.421875,2.799999999999997,118.0,-12.9,16.3,28.6,-9.1,16.4,25.2,505.48,631.47,-2,30,0,18.0,42.5,1.0
401404069,2022,3,regular,2022-09-17 18:00:00+00:00,Iowa State,Ohio,43,10,False,False,0.421875,176.0,31.0,5.3,17.7,10.6,-4.6,31.6,35.2,590.43,365.74,33,53,1,-20.0,48.0,1.0
401403991,2022,3,regular,2022-09-17 18:00:00+00:00,UCLA,South Alabama,32,31,False,False,0.421875,120.0,128.0,15.0,45.7,30.1,10.8,26.8,17.4,733.3,466.34,1,63,1,-15.5,59.0,1.0
401416600,2022,3,regular,2022-09-17 18:00:00+00:00,Ball State,Murray State,31,0,False,False,0.421875,-94.0,-57.2,-14.9,16.0,30.1,,,,345.29,56.27,31,31,1,-21.0,53.0,1.0
401411113,2022,3,regular,2022-09-17 18:00:00+00:00,Virginia,Old Dominion,16,14,False,False,0.421875,41.0,-7.200000000000003,-9.0,16.2,24.4,-13.0,16.9,29.3,625.94,438.06,2,30,1,-8.5,52.5,1.0
401403987,2022,3,regular,2022-09-17 18:30:00+00:00,Notre Dame,California,24,17,False,False,0.421875,-21.0,110.0,10.3,30.5,21.4,-3.0,23.2,25.9,866.48,653.31,7,41,1,-13.5,41.0,1.0
401426558,2022,3,regular,2022-09-17 19:00:00+00:00,UNLV,North Texas,58,27,False,False,0.421875,22.799999999999997,58.0,-11.9,20.8,34.1,-1.5,31.3,34.1,368.29,504.97,31,85,1,-2.5,62.5,1.0
401404074,2022,3,regular,2022-09-17 19:00:00+00:00,Kansas State,Tulane,10,17,False,False,0.421875,156.0,120.0,21.4,36.4,15.7,12.4,32.0,19.7,584.68,521.86,-7,27,0,-14.0,49.5,1.0
401426560,2022,3,regular,2022-09-17 19:30:00+00:00,UAB,Georgia Southern,35,21,False,False,0.421875,22.799999999999997,152.8,-0.5,25.7,25.3,-6.4,34.3,40.3,443.8,414.14,14,56,1,-11.5,59.0,1.0
401403988,2022,3,regular,2022-09-17 19:30:00+00:00,Minnesota,Colorado,49,7,False,False,0.421875,120.0,-92.2,16.0,23.5,8.6,-20.4,24.0,45.0,649.43,616.28,42,56,1,-28.0,47.5,1.0
401405085,2022,3,regular,2022-09-17 19:30:00+00:00,Wisconsin,New Mexico State,66,7,False,False,0.421875,35.0,-191.0,8.3,25.7,17.1,-15.4,12.0,26.0,744.44,189.37,59,73,1,-37.5,45.5,1.0
401426333,2022,3,regular,2022-09-17 19:30:00+00:00,App State,Troy,32,28,False,True,0.421875,106.0,51.0,1.7,32.9,29.8,8.1,17.7,11.2,456.66,464.3,4,60,1,-14.0,52.0,1.0
401403886,2022,3,regular,2022-09-17 19:30:00+00:00,Georgia Tech,Ole Miss,0,42,False,False,0.421875,91.0,156.0,-11.8,18.8,29.5,16.2,38.8,23.7,715.48,757.39,-42,42,0,17.0,63.0,1.0
401403891,2022,3,regular,2022-09-17 19:30:00+00:00,Northern Illinois,Vanderbilt,28,38,False,False,0.421875,12.799999999999997,99.0,-18.8,25.3,43.1,-4.7,29.9,33.4,409.86,629.76,-10,66,0,-2.5,58.5,1.0
401403882,2022,3,regular,2022-09-17 19:30:00+00:00,Auburn,Penn State,12,41,False,False,0.421875,140.0,188.8,5.1,32.6,27.9,22.4,36.6,13.9,783.87,830.44,-29,53,0,2.5,47.5,1.0
401403989,2022,3,regular,2022-09-17 19:30:00+00:00,Oregon,BYU,41,20,False,False,0.421875,94.0,202.0,18.9,44.9,26.5,-1.4,34.3,34.8,877.93,415.19,21,61,1,-3.5,57.5,1.0
401414780,2022,3,regular,2022-09-17 19:30:00+00:00,Massachusetts,Stony Brook,20,3,False,False,0.421875,-76.2,0.0,-30.3,7.5,36.4,,,,292.14,69.58,17,23,1,-1.0,44.5,1.0
401415218,2022,3,regular,2022-09-17 20:00:00+00:00,Boise State,UT Martin,30,7,False,False,0.421875,49.0,0.0,5.7,24.1,18.5,,,,533.92,128.97,23,37,1,-24.5,53.5,1.0
401403880,2022,3,regular,2022-09-17 20:00:00+00:00,Alabama,UL Monroe,63,7,False,False,0.421875,176.0,41.0,30.3,42.9,14.2,-15.7,23.2,39.0,1016.79,348.53,56,70,1,-49.5,61.5,1.0
401404068,2022,3,regular,2022-09-17 20:00:00+00:00,Houston,Kansas,30,48,False,False,0.421875,55.60000000000001,168.8,4.5,42.5,37.7,2.9,40.6,36.0,629.12,574.29,-18,78,0,-8.5,58.0,1.0
401403995,2022,3,regular,2022-09-17 21:00:00+00:00,Washington State,Colorado State,38,7,False,False,0.421875,180.0,-53.0,9.5,25.1,16.7,-22.2,7.8,29.0,570.94,431.38,31,45,1,-17.0,52.5,1.0
401404159,2022,3,regular,2022-09-17 21:00:00+00:00,Wake Forest,Liberty,37,36,False,False,0.421875,168.8,172.8,8.2,43.3,35.2,-1.5,24.1,25.4,575.42,161.88,1,73,1,-17.5,63.5,1.0
401415029,2022,3,regular,2022-09-17 21:00:00+00:00,Bowling Green,Marshall,34,31,False,False,0.421875,-94.0,212.0,-18.1,23.8,40.6,3.0,15.7,11.4,415.08,455.3,3,65,1,17.0,50.0,1.0
401415621,2022,3,regular,2022-09-17 22:00:00+00:00,East Carolina,Campbell,49,10,False,False,0.421875,61.0,0.0,1.1,31.5,28.7,,,,494.82,124.16,39,59,1,-32.5,58.0,1.0
401411112,2022,3,regular,2022-09-17 22:00:00+00:00,Duke,North Carolina A&T,49,20,False,False,0.421875,118.0,0.0,5.0,29.4,24.7,,,,603.98,142.63,29,69,1,-30.5,53.0,1.0
401403885,2022,3,regular,2022-09-17 22:00:00+00:00,LSU,Mississippi State,31,16,False,True,0.421875,35.0,204.8,16.2,34.2,17.6,15.4,35.1,19.9,872.61,725.55,15,47,1,3.0,53.0,1.0
401413216,2022,3,regular,2022-09-17 23:00:00+00:00,Tulsa,Jacksonville State,54,17,False,False,0.421875,-17.0,0.0,-6.1,32.7,38.5,,,,485.87,229.74,37,71,1,-12.0,64.0,1.0
401415622,2022,3,regular,2022-09-17 23:00:00+00:00,Memphis,Arkansas State,44,32,False,False,0.421875,49.0,87.0,6.8,37.0,31.8,-13.0,23.7,38.5,533.26,471.65,12,76,1,-14.5,64.5,1.0
401405088,2022,3,regular,2022-09-17 23:00:00+00:00,Ohio State,Toledo,77,21,False,False,0.421875,222.0,120.0,31.1,45.1,15.7,-3.7,25.7,27.9,983.14,498.98,56,98,1,-31.0,63.0,1.0
401415032,2022,3,regular,2022-09-17 23:00:00+00:00,Southern Miss,Northwestern State,64,10,False,False,0.421875,-47.0,0.0,-3.5,18.3,22.9,,,,478.97,134.66,54,74,1,-32.5,50.5,1.0
401404075,2022,3,regular,2022-09-17 23:00:00+00:00,Oklahoma State,Arkansas-Pine Bluff,63,7,False,False,0.421875,156.0,0.0,11.3,37.6,27.9,,,,670.53,20.54,56,70,1,-54.5,64.5,1.0
401426557,2022,3,regular,2022-09-17 23:00:00+00:00,Middle Tennessee,Tennessee State,49,6,False,False,0.421875,10.799999999999997,0.0,-6.9,25.6,33.3,,,,425.43,194.56,43,55,1,-19.5,52.5,1.0
401403889,2022,3,regular,2022-09-17 23:00:00+00:00,Tennessee,Akron,63,6,False,False,0.421875,194.0,55.0,25.2,47.3,22.6,-23.4,16.7,38.5,764.8,456.15,57,69,1,-47.5,67.0,1.0
401404072,2022,3,regular,2022-09-17 23:00:00+00:00,NC State,Texas Tech,27,14,False,False,0.421875,152.8,162.0,6.8,20.4,15.3,8.5,38.5,30.5,686.19,660.31,13,41,1,-10.5,56.0,1.0
401426554,2022,3,regular,2022-09-17 23:00:00+00:00,Georgia State,Charlotte,41,42,False,False,0.421875,-69.0,-237.0,-3.3,33.7,38.3,-16.4,24.0,39.2,471.84,487.24,-1,83,0,-19.5,63.5,1.0
401403881,2022,3,regular,2022-09-17 23:00:00+00:00,Arkansas,Missouri State,38,27,False,False,0.421875,226.0,0.0,12.0,38.3,26.3,,,,741.06,251.03,11,65,1,-26.0,60.0,1.0
401405082,2022,3,regular,2022-09-17 23:30:00+00:00,Iowa,Nevada,27,0,False,False,0.421875,0.0,23.0,12.7,16.0,5.1,-22.4,15.9,37.8,681.98,416.44,27,27,1,-24.0,39.5,1.0
401411115,2022,3,regular,2022-09-17 23:30:00+00:00,Western Michigan,Pittsburgh,13,34,False,False,0.421875,61.0,59.0,-17.3,11.2,27.3,8.6,32.8,24.7,449.89,654.56,-21,47,0,10.0,46.0,1.0
401403883,2022,3,regular,2022-09-17 23:30:00+00:00,Florida,South Florida,31,28,False,False,0.421875,115.0,27.0,10.4,39.6,29.5,-17.0,34.1,50.3,856.95,574.32,3,59,1,-23.5,58.5,1.0
401411110,2022,3,regular,2022-09-17 23:30:00+00:00,Boston College,Maine,38,17,False,False,0.421875,-172.0,-97.0,-14.9,20.4,33.8,,,,664.63,54.69,21,55,1,-31.0,48.0,1.0
401403994,2022,3,regular,2022-09-17 23:30:00+00:00,Washington,Michigan State,39,28,False,False,0.421875,120.0,120.0,15.7,41.2,25.5,1.2,31.9,29.7,761.72,693.91,11,67,1,-3.5,56.5,1.0
401405087,2022,3,regular,2022-09-17 23:30:00+00:00,Maryland,SMU,34,27,False,False,0.421875,128.0,168.8,11.2,33.8,24.2,4.7,42.0,38.1,680.22,598.49,7,61,1,-2.5,73.5,1.0
401426555,2022,3,regular,2022-09-17 23:30:00+00:00,Florida Atlantic,UCF,14,40,False,False,0.421875,82.8,35.0,-7.1,24.4,30.4,10.3,31.1,20.3,550.51,636.16,-26,54,0,7.5,61.5,1.0
401426559,2022,3,regular,2022-09-17 23:30:00+00:00,Rice,Louisiana,33,21,False,False,0.421875,65.0,120.0,-15.2,23.1,36.9,2.0,21.7,20.3,441.93,458.15,12,54,1,11.5,52.0,1.0
401426561,2022,3,regular,2022-09-18 00:00:00+00:00,New Mexico,UTEP,27,10,False,False,0.421875,-10.0,-5.0,-26.9,6.0,31.9,-10.7,20.8,32.7,312.79,289.39,17,37,1,2.0,38.0,1.0
401426556,2022,3,regular,2022-09-18 00:00:00+00:00,Clemson,Louisiana Tech,48,20,False,False,0.421875,150.0,2.799999999999997,17.6,34.9,18.5,-17.8,29.6,47.0,943.0,473.76,28,68,1,-33.5,53.5,1.0
401403990,2022,3,regular,2022-09-18 00:00:00+00:00,Oregon State,Montana State,68,28,True,False,0.421875,188.8,0.0,14.3,33.3,17.7,,,,635.88,98.27,40,96,1,-16.5,56.5,1.0
401426562,2022,3,regular,2022-09-18 00:00:00+00:00,Texas,UTSA,41,20,False,False,0.421875,85.0,71.80000000000001,23.1,38.1,15.6,7.2,39.3,32.6,887.45,515.76,21,61,1,-13.0,57.0,1.0
401403890,2022,3,regular,2022-09-18 01:00:00+00:00,Texas A&M,Miami,17,9,False,False,0.421875,10.0,156.0,9.1,25.4,16.6,-2.7,24.4,28.9,947.3,854.72,8,26,1,-6.5,45.5,1.0
401403993,2022,3,regular,2022-09-18 02:00:00+00:00,Utah,San Diego State,35,7,False,False,0.421875,51.0,-10.0,19.2,37.3,17.3,-4.4,15.1,21.1,705.12,372.29,28,42,1,-22.5,48.5,1.0
401403992,2022,3,regular,2022-09-18 02:30:00+00:00,USC,Fresno State,45,17,False,False,0.421875,128.0,35.0,18.9,46.6,26.3,3.3,27.1,24.4,860.12,502.26,28,62,1,-11.5,71.5,1.0
401403985,2022,3,regular,2022-09-18 03:00:00+00:00,Arizona,North Dakota State,31,28,False,False,0.421875,73.80000000000001,0.0,-3.2,37.6,41.1,,,,652.06,25.18,3,59,1,3.0,49.0,1.0
401403986,2022,3,regular,2022-09-18 03:00:00+00:00,Arizona State,Eastern Michigan,21,30,False,False,0.421875,71.0,-7.200000000000003,-4.1,30.5,35.7,-7.1,24.0,32.4,670.18,404.1,-9,51,0,-20.5,56.5,1.0
401415219,2022,3,regular,2022-09-18 03:59:00+00:00,Hawai'i,Duquesne,24,14,False,False,0.421875,-115.0,-19.0,-24.7,15.8,39.4,,,,419.54,94.04,10,38,1,,,
401411116,2022,4,regular,2022-09-22 23:30:00+00:00,Virginia Tech,West Virginia,10,33,False,False,0.421875,53.0,-1.0,-9.5,13.5,22.8,2.4,36.3,34.5,640.85,662.57,-23,43,0,2.0,49.5,1.0
401426334,2022,4,regular,2022-09-22 23:30:00+00:00,Georgia State,Coastal Carolina,24,41,False,True,0.421875,-144.0,206.0,-3.3,33.7,38.3,0.6,32.7,30.6,471.84,446.58,-17,65,0,2.5,63.5,1.0
401421129,2022,4,regular,2022-09-23 00:30:00+00:00,Illinois,Chattanooga,31,0,False,False,0.421875,53.0,0.0,15.9,20.6,5.5,,,,631.46,237.41,31,31,1,-20.0,44.5,1.0
401411117,2022,4,regular,2022-09-23 23:00:00+00:00,Syracuse,Virginia,22,20,False,True,0.421875,268.0,91.0,2.5,27.4,24.7,-9.0,16.2,24.4,590.36,625.94,2,42,1,-9.5,53.5,1.0
401415220,2022,4,regular,2022-09-24 00:00:00+00:00,Air Force,Nevada,48,20,False,True,0.421875,53.0,4.0,3.9,16.3,12.3,-22.4,15.9,37.8,0.0,416.44,28,68,1,-24.0,46.5,1.0
401426571,2022,4,regular,2022-09-24 01:00:00+00:00,UTEP,Boise State,27,10,False,False,0.421875,-102.0,109.0,-10.7,20.8,32.7,5.7,24.1,18.5,289.39,533.92,17,37,1,16.5,44.5,1.0
401403899,2022,4,regular,2022-09-24 16:00:00+00:00,Mississippi State,Bowling Green,45,14,False,False,0.421875,185.8,-14.0,15.4,35.1,19.9,-18.1,23.8,40.6,725.55,415.08,31,59,1,-31.0,53.0,1.0
401405097,2022,4,regular,2022-09-24 16:00:00+00:00,Michigan,Maryland,34,27,False,True,0.421875,180.0,208.0,32.0,38.0,7.6,11.2,33.8,24.2,847.24,680.22,7,61,1,-17.0,66.0,1.0
401416604,2022,4,regular,2022-09-24 16:00:00+00:00,Eastern Michigan,Buffalo,31,50,False,True,0.421875,85.60000000000001,-151.2,-7.1,24.0,32.4,-9.2,25.0,35.0,404.1,370.96,-19,81,0,-6.5,57.5,1.0
401411119,2022,4,regular,2022-09-24 16:00:00+00:00,Louisville,South Florida,41,3,False,False,0.421875,33.8,34.0,9.0,27.0,19.1,-17.0,34.1,50.3,625.42,574.32,38,44,1,-15.5,63.5,1.0
401405098,2022,4,regular,2022-09-24 16:00:00+00:00,Penn State,Central Michigan,33,14,False,False,0.421875,297.6,34.0,22.4,36.6,13.9,-14.0,19.0,32.2,830.44,384.48,19,47,1,-28.0,61.5,1.0
401404080,2022,4,regular,2022-09-24 16:00:00+00:00,Iowa State,Baylor,24,31,False,True,0.421875,272.0,121.0,5.3,17.7,10.6,11.7,37.6,26.1,590.43,666.05,-7,55,0,-2.5,45.0,1.0
401404079,2022,4,regular,2022-09-24 16:00:00+00:00,Kansas,Duke,35,27,False,False,0.421875,277.6,178.0,2.9,40.6,36.0,5.0,29.4,24.7,574.29,603.98,8,62,1,-7.0,65.5,1.0
401403895,2022,4,regular,2022-09-24 16:00:00+00:00,Georgia,Kent State,39,22,False,False,0.421875,421.0,60.0,35.3,37.2,3.7,-13.1,25.6,37.9,989.76,386.94,17,61,1,-45.0,61.5,1.0
401403894,2022,4,regular,2022-09-24 16:00:00+00:00,Auburn,Missouri,17,14,False,True,0.421875,113.0,101.0,5.1,32.6,27.9,8.1,26.0,18.3,783.87,715.36,3,31,1,-7.5,51.0,1.0
401404078,2022,4,regular,2022-09-24 16:00:00+00:00,SMU,TCU,34,42,False,False,0.421875,159.8,128.0,4.7,42.0,38.1,24.3,43.3,20.2,598.49,712.05,-8,76,0,2.5,72.0,1.0
401411123,2022,4,regular,2022-09-24 16:00:00+00:00,Wake Forest,Clemson,45,51,False,True,0.421875,248.8,210.0,8.2,43.3,35.2,17.6,34.9,18.5,575.42,943.0,-6,96,0,7.5,58.0,1.0
401411121,2022,4,regular,2022-09-24 16:00:00+00:00,Pittsburgh,Rhode Island,45,24,False,False,0.421875,127.0,0.0,8.6,32.8,24.7,,,,654.56,158.52,21,69,1,-32.5,55.0,1.0
401403998,2022,4,regular,2022-09-24 18:00:00+00:00,Colorado,UCLA,17,45,False,True,0.421875,-111.2,220.0,-20.4,24.0,45.0,15.0,45.7,30.1,616.28,733.3,-28,62,0,22.0,57.0,1.0
401414781,2022,4,regular,2022-09-24 18:00:00+00:00,Temple,Massachusetts,28,0,False,False,0.421875,-72.2,-16.200000000000003,-12.9,16.3,28.6,-30.3,7.5,36.4,505.48,292.14,28,28,1,-10.0,44.0,1.0
401416606,2022,4,regular,2022-09-24 18:00:00+00:00,Ohio,Fordham,59,52,False,False,0.421875,-26.200000000000003,0.0,-4.6,31.6,35.2,,,,365.74,32.71,7,111,1,-16.5,73.5,1.0
401403901,2022,4,regular,2022-09-24 19:30:00+00:00,Tennessee,Florida,38,33,False,True,0.421875,254.0,165.0,25.2,47.3,22.6,10.4,39.6,29.5,764.8,856.95,5,71,1,-11.0,62.5,1.0
401404126,2022,4,regular,2022-09-24 19:30:00+00:00,North Carolina,Notre Dame,32,45,False,False,0.421875,245.60000000000002,59.0,7.8,41.7,35.0,10.3,30.5,21.4,812.94,866.48,-13,77,0,-2.5,55.5,1.0
401405092,2022,4,regular,2022-09-24 19:30:00+00:00,Michigan State,Minnesota,7,34,False,True,0.421875,101.0,180.0,1.2,31.9,29.7,16.0,23.5,8.6,693.91,649.43,-27,41,0,3.0,50.0,1.0
401405096,2022,4,regular,2022-09-24 19:30:00+00:00,Cincinnati,Indiana,45,24,False,False,0.421875,155.0,240.0,13.1,27.6,16.1,-7.1,29.9,36.6,650.89,680.74,21,69,1,-16.5,57.0,1.0
401415037,2022,4,regular,2022-09-24 19:30:00+00:00,App State,James Madison,28,32,False,True,0.421875,186.0,156.0,1.7,32.9,29.8,6.5,31.3,23.6,456.66,104.24,-4,60,0,-6.5,56.5,1.0
401426568,2022,4,regular,2022-09-24 19:30:00+00:00,Miami,Middle Tennessee,31,45,False,False,0.421875,151.0,70.8,-2.7,24.4,28.9,-6.9,25.6,33.3,854.72,425.43,-14,76,0,-25.5,53.5,1.0
401426572,2022,4,regular,2022-09-24 19:30:00+00:00,UTSA,Texas Southern,52,24,False,False,0.421875,62.80000000000001,-57.2,7.2,39.3,32.6,,,,515.76,54.59,28,76,1,-42.0,65.5,1.0
401426565,2022,4,regular,2022-09-24 19:30:00+00:00,Western Kentucky,Florida International,73,0,False,True,0.421875,61.0,-47.0,1.7,31.3,30.1,-25.5,18.4,42.3,495.64,459.71,73,73,1,-31.0,65.5,1.0
401415224,2022,4,regular,2022-09-24 19:30:00+00:00,San Diego State,Toledo,17,14,False,False,0.421875,-5.0,147.0,-4.4,15.1,21.1,-3.7,25.7,27.9,372.29,498.98,3,31,1,3.0,44.5,1.0
401426569,2022,4,regular,2022-09-24 19:30:00+00:00,Memphis,North Texas,44,34,False,False,0.421875,109.0,-39.0,6.8,37.0,31.8,-1.5,31.3,34.1,533.26,504.97,10,78,1,-12.5,68.5,1.0
401404082,2022,4,regular,2022-09-24 19:30:00+00:00,Texas Tech,Texas,37,34,False,True,0.421875,163.0,181.0,8.5,38.5,30.5,23.1,38.1,15.6,660.31,887.45,3,71,1,7.0,60.5,1.0
401403999,2022,4,regular,2022-09-24 20:00:00+00:00,Washington State,Oregon,41,44,False,True,0.421875,240.0,242.0,9.5,25.1,16.7,18.9,44.9,26.5,570.94,877.93,-3,85,0,6.5,57.5,1.0
401411122,2022,4,regular,2022-09-24 20:00:00+00:00,UCF,Georgia Tech,27,10,False,False,0.421875,103.0,68.0,10.3,31.1,20.3,-11.8,18.8,29.5,636.16,715.48,17,37,1,-21.0,56.5,1.0
401403898,2022,4,regular,2022-09-24 20:00:00+00:00,Ole Miss,Tulsa,35,27,False,False,0.421875,224.0,43.0,16.2,38.8,23.7,-6.1,32.7,38.5,757.39,485.87,8,62,1,-21.0,66.5,1.0
401415221,2022,4,regular,2022-09-24 20:00:00+00:00,Colorado State,Sacramento State,10,41,False,False,0.421875,-72.0,0.0,-22.2,7.8,29.0,,,,431.38,96.08,-31,51,0,4.5,59.5,1.0
401403996,2022,4,regular,2022-09-24 21:30:00+00:00,California,Arizona,49,31,False,True,0.421875,101.0,123.80000000000001,-3.0,23.2,25.9,-3.2,37.6,41.1,653.31,652.06,18,80,1,-3.5,50.5,1.0
401404160,2022,4,regular,2022-09-24 22:00:00+00:00,Liberty,Akron,21,12,False,False,0.421875,177.8,58.0,-1.5,24.1,25.4,-23.4,16.7,38.5,161.88,456.15,9,33,1,-26.5,53.5,1.0
401416605,2022,4,regular,2022-09-24 22:00:00+00:00,Georgia Southern,Ball State,34,23,False,False,0.421875,95.60000000000001,-34.0,-6.4,34.3,40.3,-14.9,16.0,30.1,414.14,345.29,11,57,1,-9.5,67.0,1.0
401426335,2022,4,regular,2022-09-24 22:00:00+00:00,Old Dominion,Arkansas State,29,26,False,True,0.421875,-74.2,29.799999999999997,-13.0,16.9,29.3,-13.0,23.7,38.5,438.06,471.65,3,55,1,-5.0,56.5,1.0
401426570,2022,4,regular,2022-09-24 22:00:00+00:00,Houston,Rice,34,27,False,False,0.421875,-14.399999999999991,161.0,4.5,42.5,37.7,-15.2,23.1,36.9,629.12,441.93,7,61,1,-17.5,52.5,1.0
401415624,2022,4,regular,2022-09-24 22:00:00+00:00,East Carolina,Navy,20,23,False,True,0.421875,121.0,-145.0,1.1,31.5,28.7,-7.2,18.2,24.4,494.82,0.0,-3,43,0,-16.5,48.5,1.0
401405091,2022,4,regular,2022-09-24 23:00:00+00:00,Rutgers,Iowa,10,27,False,True,0.421875,176.0,60.0,-9.1,16.4,25.2,12.7,16.0,5.1,631.47,681.98,-17,37,0,7.5,34.5,1.0
401418793,2022,4,regular,2022-09-24 23:00:00+00:00,Texas State,Houston Christian,34,0,False,False,0.421875,-38.0,0.0,-11.5,17.4,29.5,,,,464.66,5.41,34,34,1,-26.5,65.0,1.0
401415222,2022,4,regular,2022-09-24 23:00:00+00:00,Utah State,UNLV,24,34,False,True,0.421875,-14.0,118.8,-13.3,25.4,38.5,-11.9,20.8,34.1,371.37,368.29,-10,58,0,3.0,61.5,1.0
401426393,2022,4,regular,2022-09-24 23:00:00+00:00,Troy,Marshall,16,7,False,True,0.421875,13.799999999999997,145.0,8.1,17.7,11.2,3.0,15.7,11.4,464.3,455.3,9,23,1,3.5,51.5,1.0
401403896,2022,4,regular,2022-09-24 23:00:00+00:00,Kentucky,Northern Illinois,31,23,False,False,0.421875,284.0,-57.2,13.0,23.2,9.9,-18.8,25.3,43.1,737.33,409.86,8,54,1,-26.5,53.0,1.0
401426567,2022,4,regular,2022-09-24 23:00:00+00:00,South Alabama,Louisiana Tech,38,14,False,False,0.421875,119.0,25.799999999999997,10.8,26.8,17.4,-17.8,29.6,47.0,466.34,473.76,24,52,1,-13.0,59.0,1.0
401403893,2022,4,regular,2022-09-24 23:00:00+00:00,Texas A&M,Arkansas,23,21,True,True,0.421875,136.0,286.0,9.1,25.4,16.6,12.0,38.3,26.3,947.3,741.06,2,44,1,-1.5,51.0,1.0
401415040,2022,4,regular,2022-09-24 23:00:00+00:00,Tulane,Southern Miss,24,27,False,False,0.421875,236.0,13.0,12.4,32.0,19.7,-3.5,18.3,22.9,521.86,478.97,-3,51,0,-11.5,48.5,1.0
401426564,2022,4,regular,2022-09-24 23:30:00+00:00,South Carolina,Charlotte,56,20,False,False,0.421875,112.0,-144.2,12.7,36.0,25.2,-16.4,24.0,39.2,762.63,487.24,36,76,1,-23.5,66.5,1.0
401405093,2022,4,regular,2022-09-24 23:30:00+00:00,Northwestern,Miami (OH),14,17,False,False,0.421875,-5.0,18.0,-13.4,17.0,28.6,-12.7,8.6,22.1,653.48,397.26,-3,31,0,-7.5,50.0,1.0
401426566,2022,4,regular,2022-09-24 23:30:00+00:00,Purdue,Florida Atlantic,28,26,False,False,0.421875,-2.200000000000003,47.8,7.7,31.6,22.4,-7.1,24.4,30.4,646.08,550.51,2,54,1,-16.5,57.5,1.0
401403892,2022,4,regular,2022-09-24 23:30:00+00:00,Alabama,Vanderbilt,55,3,False,True,0.421875,236.0,167.0,30.3,42.9,14.2,-4.7,29.9,33.4,1016.79,629.76,52,58,1,-40.5,60.5,1.0
401404150,2022,4,regular,2022-09-24 23:30:00+00:00,NC State,UConn,41,10,False,False,0.421875,248.8,-82.0,6.8,20.4,15.3,-14.6,14.2,27.9,686.19,239.17,31,51,1,-38.5,47.5,1.0
401405095,2022,4,regular,2022-09-24 23:30:00+00:00,Ohio State,Wisconsin,52,21,False,True,0.421875,318.0,95.0,31.1,45.1,15.7,8.3,25.7,17.1,983.14,744.44,31,73,1,-18.5,56.5,1.0
401403897,2022,4,regular,2022-09-24 23:30:00+00:00,LSU,New Mexico,38,0,False,False,0.421875,155.0,50.0,16.2,34.2,17.6,-26.9,6.0,31.9,872.61,312.79,38,38,1,-31.5,44.0,1.0
401426336,2022,4,regular,2022-09-25 00:00:00+00:00,UL Monroe,Louisiana,21,17,False,True,0.421875,70.0,23.0,-15.7,23.2,39.0,2.0,21.7,20.3,348.53,458.15,4,38,1,9.5,51.0,1.0
401409237,2022,4,regular,2022-09-25 00:00:00+00:00,New Mexico State,Hawai'i,45,26,False,False,0.421875,-248.2,-55.0,-15.4,12.0,26.0,-24.7,15.8,39.4,189.37,419.54,19,71,1,-4.5,53.0,1.0
401411118,2022,4,regular,2022-09-25 00:00:00+00:00,Florida State,Boston College,44,14,False,True,0.421875,326.0,-112.0,13.2,34.8,20.4,-14.9,20.4,33.8,780.76,664.63,30,58,1,-18.5,48.5,1.0
401404081,2022,4,regular,2022-09-25 00:00:00+00:00,Oklahoma,Kansas State,34,41,False,True,0.421875,228.8,131.0,15.4,40.8,26.5,21.4,36.4,15.7,870.34,584.68,-7,75,0,-13.5,53.0,1.0
401404000,2022,4,regular,2022-09-25 01:30:00+00:00,Oregon State,USC,14,17,False,True,0.421875,278.8,224.0,14.3,33.3,17.7,18.9,46.6,26.3,635.88,860.12,-3,31,0,5.5,70.5,1.0
401415223,2022,4,regular,2022-09-25 02:15:00+00:00,BYU,Wyoming,38,24,False,False,0.421875,185.0,201.0,-1.4,34.3,34.8,-10.8,14.9,26.2,415.19,292.03,14,62,1,-21.5,49.5,1.0
401403997,2022,4,regular,2022-09-25 02:30:00+00:00,Arizona State,Utah,13,34,False,True,0.421875,-4.0,147.0,-4.1,30.5,35.7,19.2,37.3,17.3,670.18,705.12,-21,47,0,16.5,54.0,1.0
401415225,2022,4,regular,2022-09-25 02:30:00+00:00,San José State,Western Michigan,34,6,False,False,0.421875,12.799999999999997,32.0,-4.3,19.1,21.6,-17.3,11.2,27.3,417.95,449.89,28,40,1,-6.5,48.5,1.0
401404001,2022,4,regular,2022-09-25 02:30:00+00:00,Washington,Stanford,40,22,False,True,0.421875,270.0,57.0,15.7,41.2,25.5,-7.2,25.6,34.2,761.72,757.81,18,62,1,-14.0,62.0,1.0
401403908,2022,5,regular,2022-09-29 23:00:00+00:00,South Carolina,South Carolina State,50,10,False,False,0.421875,172.0,-19.0,12.7,36.0,25.2,,,,762.63,35.03,40,60,1,-40.5,57.0,1.0
401415226,2022,5,regular,2022-09-30 00:00:00+00:00,BYU,Utah State,38,26,False,False,0.421875,245.0,-119.0,-1.4,34.3,34.8,-13.3,25.4,38.5,415.19,371.37,12,64,1,-26.0,60.0,1.0
401415625,2022,5,regular,2022-09-30 23:00:00+00:00,Houston,Tulane,24,27,False,True,0.421875,35.60000000000001,186.0,4.5,42.5,37.7,12.4,32.0,19.7,629.12,521.86,-3,51,0,-5.5,51.5,1.0
401426576,2022,5,regular,2022-09-30 23:30:00+00:00,Middle Tennessee,UTSA,30,45,False,True,0.421875,208.8,122.80000000000001,-6.9,25.6,33.3,7.2,39.3,32.6,425.43,515.76,-15,75,0,4.5,64.0,1.0
401415228,2022,5,regular,2022-10-01 00:00:00+00:00,Boise State,San Diego State,35,13,False,True,0.421875,12.0,75.0,5.7,24.1,18.5,-4.4,15.1,21.1,533.92,372.29,22,48,1,-6.0,38.0,1.0
401404007,2022,5,regular,2022-10-01 02:30:00+00:00,UCLA,Washington,40,32,False,True,0.421875,288.0,330.0,15.0,45.7,30.1,15.7,41.2,25.5,733.3,761.72,8,72,1,2.5,64.5,1.0
401415229,2022,5,regular,2022-10-01 03:00:00+00:00,UNLV,New Mexico,31,20,False,True,0.421875,186.8,31.0,-11.9,20.8,34.1,-26.9,6.0,31.9,368.29,312.79,11,51,1,-14.0,44.5,1.0
401411124,2022,5,regular,2022-10-01 16:00:00+00:00,Boston College,Louisville,34,33,False,True,0.421875,-131.0,93.8,-14.9,20.4,33.8,9.0,27.0,19.1,664.63,625.42,1,67,1,13.5,48.5,1.0
401415227,2022,5,regular,2022-10-01 16:00:00+00:00,Air Force,Navy,13,10,False,False,0.421875,113.0,-52.19999999999999,3.9,16.3,12.3,-7.2,18.2,24.4,0.0,0.0,3,23,1,-14.0,38.0,1.0
401404086,2022,5,regular,2022-10-01 16:00:00+00:00,TCU,Oklahoma,55,24,False,True,0.421875,220.8,203.8,24.3,43.3,20.2,15.4,40.8,26.5,712.05,870.34,31,79,1,5.0,69.5,1.0
401405099,2022,5,regular,2022-10-01 16:00:00+00:00,Wisconsin,Illinois,10,34,False,True,0.421875,122.0,113.0,8.3,25.7,17.1,15.9,20.6,5.5,744.44,631.46,-24,44,0,-6.5,43.5,1.0
401403905,2022,5,regular,2022-10-01 16:00:00+00:00,Ole Miss,Kentucky,22,19,False,True,0.421875,304.0,334.0,16.2,38.8,23.7,13.0,23.2,9.9,757.39,737.33,3,41,1,-6.5,55.0,1.0
401405100,2022,5,regular,2022-10-01 16:00:00+00:00,Iowa,Michigan,14,27,False,True,0.421875,128.0,280.0,12.7,16.0,5.1,32.0,38.0,7.6,681.98,847.24,-13,41,0,10.5,42.0,1.0
401415628,2022,5,regular,2022-10-01 16:00:00+00:00,Memphis,Temple,24,3,False,True,0.421875,205.0,-12.200000000000003,6.8,37.0,31.8,-12.9,16.3,28.6,533.26,505.48,21,27,1,-18.5,50.0,1.0
401404137,2022,5,regular,2022-10-01 16:00:00+00:00,Army,Georgia State,14,31,False,False,0.421875,-47.2,-214.0,-1.5,24.6,25.3,-3.3,33.7,38.3,17.27,471.84,-17,45,0,-8.5,54.0,1.0
401405101,2022,5,regular,2022-10-01 16:00:00+00:00,Minnesota,Purdue,10,20,False,True,0.421875,288.8,47.8,16.0,23.5,8.6,7.7,31.6,22.4,649.43,646.08,-10,30,0,-9.5,53.0,1.0
401404085,2022,5,regular,2022-10-01 16:00:00+00:00,Kansas State,Texas Tech,37,28,False,True,0.421875,287.0,271.0,21.4,36.4,15.7,8.5,38.5,30.5,584.68,660.31,9,65,1,-7.5,56.0,1.0
401426338,2022,5,regular,2022-10-01 17:30:00+00:00,James Madison,Texas State,40,13,False,True,0.421875,248.8,22.0,6.5,31.3,23.6,-11.5,17.4,29.5,104.24,464.66,27,53,1,-21.5,51.5,1.0
401414782,2022,5,regular,2022-10-01 18:00:00+00:00,Eastern Michigan,Massachusetts,20,13,False,False,0.421875,-19.39999999999999,-113.2,-7.1,24.0,32.4,-30.3,7.5,36.4,404.1,292.14,7,33,1,-20.0,53.5,1.0
401404006,2022,5,regular,2022-10-01 18:00:00+00:00,Utah,Oregon State,42,16,False,True,0.421875,255.8,291.8,19.2,37.3,17.3,14.3,33.3,17.7,705.12,635.88,26,58,1,-10.5,54.5,1.0
401416608,2022,5,regular,2022-10-01 18:00:00+00:00,Ball State,Northern Illinois,44,38,False,True,0.421875,-91.2,-30.200000000000003,-14.9,16.0,30.1,-18.8,25.3,43.1,345.29,409.86,6,82,1,3.5,58.5,1.0
401415626,2022,5,regular,2022-10-01 18:30:00+00:00,South Florida,East Carolina,28,48,True,True,0.421875,15.0,46.0,-17.0,34.1,50.3,1.1,31.5,28.7,574.32,494.82,-20,76,0,9.5,55.5,1.0
401404083,2022,5,regular,2022-10-01 19:30:00+00:00,Baylor,Oklahoma State,25,36,False,True,0.421875,213.8,216.0,11.7,37.6,26.1,11.3,37.6,27.9,666.05,670.53,-11,61,0,-2.5,56.0,1.0
401416611,2022,5,regular,2022-10-01 19:30:00+00:00,Kent State,Ohio,31,24,False,True,0.421875,91.0,23.799999999999997,-13.1,25.6,37.9,-4.6,31.6,35.2,386.94,365.74,7,55,1,-12.5,65.5,1.0
401405105,2022,5,regular,2022-10-01 19:30:00+00:00,Penn State,Northwestern,17,7,False,True,0.421875,357.6,-80.0,22.4,36.6,13.9,-13.4,17.0,28.6,830.44,653.48,10,24,1,-25.5,50.0,1.0
401421140,2022,5,regular,2022-10-01 19:30:00+00:00,App State,The Citadel,49,0,False,False,0.421875,136.0,0.0,1.7,32.9,29.8,,,,456.66,21.07,49,49,1,-39.0,54.5,1.0
401426339,2022,5,regular,2022-10-01 19:30:00+00:00,Marshall,Gardner-Webb,28,7,False,False,0.421875,107.8,-37.2,3.0,15.7,11.4,,,,455.3,19.68,21,35,1,-31.0,56.0,1.0
401411127,2022,5,regular,2022-10-01 19:30:00+00:00,Florida State,Wake Forest,21,31,False,True,0.421875,386.0,265.8,13.2,34.8,20.4,8.2,43.3,35.2,780.76,575.42,-10,52,0,-6.0,67.5,1.0
401405103,2022,5,regular,2022-10-01 19:30:00+00:00,Maryland,Michigan State,27,13,False,True,0.421875,243.0,66.0,11.2,33.8,24.2,1.2,31.9,29.7,680.22,693.91,14,40,1,-7.5,58.5,1.0
401416609,2022,5,regular,2022-10-01 19:30:00+00:00,Akron,Bowling Green,28,31,False,True,0.421875,20.799999999999997,-33.0,-23.4,16.7,38.5,-18.1,23.8,40.6,456.15,415.08,-3,59,0,9.5,49.5,1.0
401403902,2022,5,regular,2022-10-01 19:30:00+00:00,Arkansas,Alabama,26,49,False,True,0.421875,270.0,332.0,12.0,38.3,26.3,30.3,42.9,14.2,741.06,1016.79,-23,75,0,17.0,61.0,1.0
401416607,2022,5,regular,2022-10-01 19:30:00+00:00,Toledo,Central Michigan,38,17,False,True,0.421875,109.8,39.0,-3.7,25.7,27.9,-14.0,19.0,32.2,498.98,384.48,21,55,1,-6.5,56.0,1.0
401404151,2022,5,regular,2022-10-01 19:30:00+00:00,UConn,Fresno State,19,14,False,False,0.421875,-73.0,54.0,-14.6,14.2,27.9,3.3,27.1,24.4,239.17,502.26,5,33,1,23.5,51.0,1.0
401404084,2022,5,regular,2022-10-01 19:30:00+00:00,Kansas,Iowa State,14,11,False,True,0.421875,357.6,265.0,2.9,40.6,36.0,5.3,17.7,10.6,574.29,590.43,3,25,1,3.5,59.0,1.0
401416610,2022,5,regular,2022-10-01 19:30:00+00:00,Buffalo,Miami (OH),24,20,False,True,0.421875,-83.2,76.0,-9.2,25.0,35.0,-12.7,8.6,22.1,370.96,397.26,4,44,1,-3.0,50.5,1.0
401405104,2022,5,regular,2022-10-01 19:30:00+00:00,Ohio State,Rutgers,49,10,False,True,0.421875,414.0,141.0,31.1,45.1,15.7,-9.1,16.4,25.2,983.14,631.47,39,59,1,-39.0,58.0,1.0
401411128,2022,5,regular,2022-10-01 19:30:00+00:00,North Carolina,Virginia Tech,41,10,False,True,0.421875,210.60000000000002,-17.0,7.8,41.7,35.0,-9.5,13.5,22.8,812.94,640.85,31,51,1,-9.5,57.0,1.0
401403906,2022,5,regular,2022-10-01 20:00:00+00:00,Mississippi State,Texas A&M,42,24,False,True,0.421875,245.8,334.0,15.4,35.1,19.9,9.1,25.4,16.6,725.55,947.3,18,66,1,-4.0,45.0,1.0
401426575,2022,5,regular,2022-10-01 20:00:00+00:00,North Texas,Florida Atlantic,45,28,False,True,0.421875,-96.2,10.599999999999994,-1.5,31.3,34.1,-7.1,24.4,30.4,504.97,550.51,17,73,1,3.0,67.5,1.0
401411130,2022,5,regular,2022-10-01 21:00:00+00:00,Syracuse,Wagner,59,0,False,False,0.421875,318.0,-97.0,2.5,27.4,24.7,,,,590.36,39.77,59,59,1,-54.0,62.5,1.0
401426341,2022,5,regular,2022-10-01 21:00:00+00:00,Louisiana,South Alabama,17,20,False,True,0.421875,-44.0,179.0,2.0,21.7,20.3,10.8,26.8,17.4,458.15,466.34,-3,37,0,8.5,47.5,1.0
401404004,2022,5,regular,2022-10-01 21:30:00+00:00,Washington State,California,28,9,False,True,0.421875,237.0,197.0,9.5,25.1,16.7,-3.0,23.2,25.9,570.94,653.31,19,37,1,-4.0,52.5,1.0
401416612,2022,5,regular,2022-10-01 22:00:00+00:00,Western Michigan,New Hampshire,44,7,False,False,0.421875,-25.200000000000003,0.0,-17.3,11.2,27.3,,,,449.89,24.6,37,51,1,-15.0,52.5,1.0
401426573,2022,5,regular,2022-10-01 22:00:00+00:00,Charlotte,UTEP,35,41,False,True,0.421875,-163.2,-6.0,-16.4,24.0,39.2,-10.7,20.8,32.7,487.24,289.39,-6,76,0,3.5,56.0,1.0
401404161,2022,5,regular,2022-10-01 22:00:00+00:00,Old Dominion,Liberty,24,38,False,False,0.421875,-24.200000000000003,227.8,-13.0,16.9,29.3,-1.5,24.1,25.4,438.06,161.88,-14,62,0,3.5,47.5,1.0
401415627,2022,5,regular,2022-10-01 23:00:00+00:00,Tulsa,Cincinnati,21,31,False,True,0.421875,54.0,215.0,-6.1,32.7,38.5,13.1,27.6,16.1,485.87,650.89,-10,52,0,10.0,59.0,1.0
401426578,2022,5,regular,2022-10-01 23:00:00+00:00,Western Kentucky,Troy,27,34,False,False,0.421875,121.0,93.8,1.7,31.3,30.1,8.1,17.7,11.2,495.64,464.3,-7,61,0,-5.5,55.0,1.0
401426340,2022,5,regular,2022-10-01 23:00:00+00:00,Arkansas State,UL Monroe,45,28,False,True,0.421875,-37.2,150.0,-13.0,23.7,38.5,-15.7,23.2,39.0,471.65,348.53,17,73,1,-7.0,59.0,1.0
401403903,2022,5,regular,2022-10-01 23:00:00+00:00,Auburn,LSU,17,21,False,True,0.421875,193.0,215.0,5.1,32.6,27.9,16.2,34.2,17.6,783.87,872.61,-4,38,0,8.0,44.5,1.0
401426337,2022,5,regular,2022-10-01 23:00:00+00:00,Coastal Carolina,Georgia Southern,34,30,False,True,0.421875,314.8,155.60000000000002,0.6,32.7,30.6,-6.4,34.3,40.3,446.58,414.14,4,64,1,-10.0,69.5,1.0
401411125,2022,5,regular,2022-10-01 23:30:00+00:00,Clemson,NC State,30,20,False,True,0.421875,336.0,308.8,17.6,34.9,18.5,6.8,20.4,15.3,943.0,686.19,10,50,1,-6.5,45.5,1.0
401411126,2022,5,regular,2022-10-01 23:30:00+00:00,Duke,Virginia,38,17,False,True,0.421875,140.8,53.8,5.0,29.4,24.7,-9.0,16.2,24.4,603.98,625.94,21,55,1,-2.0,55.0,1.0
401426577,2022,5,regular,2022-10-01 23:30:00+00:00,Rice,UAB,28,24,False,True,0.421875,123.8,118.8,-15.2,23.1,36.9,-0.5,25.7,25.3,441.93,443.8,4,52,1,10.5,51.0,1.0
401404087,2022,5,regular,2022-10-01 23:30:00+00:00,Texas,West Virginia,38,20,False,True,0.421875,143.8,67.0,23.1,38.1,15.6,2.4,36.3,34.5,887.45,662.57,18,58,1,-7.5,61.0,1.0
401415230,2022,5,regular,2022-10-01 23:30:00+00:00,Wyoming,San José State,16,33,False,True,0.421875,196.0,72.8,-10.8,14.9,26.2,-4.3,19.1,21.6,292.03,417.95,-17,49,0,2.5,42.5,1.0
401405102,2022,5,regular,2022-10-01 23:30:00+00:00,Nebraska,Indiana,35,21,False,True,0.421875,-60.0,221.0,-1.2,25.5,25.6,-7.1,29.9,36.6,752.12,680.74,14,56,1,-6.5,61.5,1.0
401403907,2022,5,regular,2022-10-01 23:30:00+00:00,Missouri,Georgia,22,26,False,True,0.421875,63.8,481.0,8.1,26.0,18.3,35.3,37.2,3.7,715.36,989.76,-4,48,0,30.5,54.5,1.0
401426574,2022,5,regular,2022-10-02 00:00:00+00:00,New Mexico State,Florida International,7,21,False,False,0.421875,-188.2,-104.2,-15.4,12.0,26.0,-25.5,18.4,42.3,189.37,459.71,-14,28,0,-16.0,54.0,1.0
401411129,2022,5,regular,2022-10-02 00:00:00+00:00,Pittsburgh,Georgia Tech,21,26,False,True,0.421875,187.0,49.0,8.6,32.8,24.7,-11.8,18.8,29.5,654.56,715.48,-5,47,0,-21.5,47.0,1.0
401404002,2022,5,regular,2022-10-02 01:30:00+00:00,Arizona,Colorado,43,20,False,True,0.421875,66.60000000000001,-146.2,-3.2,37.6,41.1,-20.4,24.0,45.0,652.06,616.28,23,63,1,-18.0,58.0,1.0
401404003,2022,5,regular,2022-10-02 02:30:00+00:00,USC,Arizona State,42,25,False,True,0.421875,340.0,-13.0,18.9,46.6,26.3,-4.1,30.5,35.7,860.12,670.18,17,67,1,-24.5,61.0,1.0
401404005,2022,5,regular,2022-10-02 03:00:00+00:00,Oregon,Stanford,45,27,False,True,0.421875,358.0,54.0,18.9,44.9,26.5,-7.2,25.6,34.2,877.93,757.81,18,72,1,-17.5,63.0,1.0
401403904,2022,5,regular,2022-10-02 16:00:00+00:00,Florida,Eastern Washington,52,17,False,False,0.421875,186.0,-19.0,10.4,39.6,29.5,,,,856.95,73.36,35,69,1,-32.0,71.5,1.0
401415629,2022,6,regular,2022-10-05 23:00:00+00:00,UCF,SMU,41,19,False,True,0.421875,163.0,134.8,10.3,31.1,20.3,4.7,42.0,38.1,636.16,598.49,22,60,1,-3.0,65.0,1.0
401405111,2022,6,regular,2022-10-07 23:00:00+00:00,Rutgers,Nebraska,13,14,False,True,0.421875,168.0,0.0,-9.1,16.4,25.2,-1.2,25.5,25.6,631.47,752.12,-1,27,0,3.0,50.5,1.0
401415630,2022,6,regular,2022-10-07 23:30:00+00:00,Memphis,Houston,32,33,False,True,0.421875,265.0,10.600000000000009,6.8,37.0,31.8,4.5,42.5,37.7,533.26,629.12,-1,65,0,-1.5,57.5,1.0
401415233,2022,6,regular,2022-10-08 02:30:00+00:00,Nevada,Colorado State,14,17,False,True,0.421875,-53.2,-177.0,-22.4,15.9,37.8,-22.2,7.8,29.0,416.44,431.38,-3,31,0,-3.5,45.0,1.0
401415236,2022,6,regular,2022-10-08 02:30:00+00:00,San José State,UNLV,40,7,False,True,0.421875,140.8,246.8,-4.3,19.1,21.6,-11.9,20.8,34.1,417.95,368.29,33,47,1,-6.5,51.5,1.0
401416614,2022,6,regular,2022-10-08 16:00:00+00:00,Western Michigan,Eastern Michigan,23,45,False,True,0.421875,34.8,30.60000000000001,-17.3,11.2,27.3,-7.1,24.0,32.4,449.89,404.1,-22,68,0,-4.5,55.0,1.0
401411136,2022,6,regular,2022-10-08 16:00:00+00:00,Virginia,Louisville,17,34,False,True,0.421875,-3.4000000000000057,26.799999999999997,-9.0,16.2,24.4,9.0,27.0,19.1,625.94,625.42,-17,51,0,-1.5,47.5,1.0
401403914,2022,6,regular,2022-10-08 16:00:00+00:00,Mississippi State,Arkansas,40,17,False,True,0.421875,383.8,283.0,15.4,35.1,19.9,12.0,38.3,26.3,725.55,741.06,23,57,1,-8.5,55.5,1.0
401405108,2022,6,regular,2022-10-08 16:00:00+00:00,Indiana,Michigan,10,31,False,True,0.421875,163.8,416.0,-7.1,29.9,36.6,32.0,38.0,7.6,680.74,847.24,-21,41,0,23.5,58.0,1.0
401403913,2022,6,regular,2022-10-08 16:00:00+00:00,LSU,Tennessee,13,40,False,True,0.421875,307.8,366.0,16.2,34.2,17.6,25.2,47.3,22.6,872.61,764.8,-27,53,0,2.5,63.5,1.0
401403910,2022,6,regular,2022-10-08 16:00:00+00:00,Florida,Missouri,24,17,False,True,0.421875,246.0,88.8,10.4,39.6,29.5,8.1,26.0,18.3,856.95,715.36,7,41,1,-10.5,53.5,1.0
401404090,2022,6,regular,2022-10-08 16:00:00+00:00,Oklahoma,Texas,0,49,True,True,0.421875,184.8,239.8,15.4,40.8,26.5,23.1,38.1,15.6,870.34,887.45,-49,49,0,7.5,65.5,1.0
401405109,2022,6,regular,2022-10-08 16:00:00+00:00,Maryland,Purdue,29,31,False,True,0.421875,339.0,193.8,11.2,33.8,24.2,7.7,31.6,22.4,680.22,646.08,-2,60,0,-3.0,59.5,1.0
401404089,2022,6,regular,2022-10-08 16:00:00+00:00,Kansas,TCU,31,38,False,True,0.421875,437.6,356.8,2.9,40.6,36.0,24.3,43.3,20.2,574.29,712.05,-7,69,0,7.0,70.0,1.0
401416617,2022,6,regular,2022-10-08 16:00:00+00:00,Bowling Green,Buffalo,7,38,False,True,0.421875,25.0,-33.2,-18.1,23.8,40.6,-9.2,25.0,35.0,415.08,370.96,-31,45,0,2.0,54.5,1.0
401426342,2022,6,regular,2022-10-08 18:00:00+00:00,Georgia State,Georgia Southern,41,33,False,True,0.421875,-105.19999999999999,118.4,-3.3,33.7,38.3,-6.4,34.3,40.3,471.84,414.14,8,74,1,-2.5,66.5,1.0
401416616,2022,6,regular,2022-10-08 18:00:00+00:00,Ohio,Akron,55,34,False,True,0.421875,-43.2,-54.2,-4.6,31.6,35.2,-23.4,16.7,38.5,365.74,456.15,21,89,1,-10.0,59.0,1.0
401415633,2022,6,regular,2022-10-08 18:30:00+00:00,Cincinnati,South Florida,28,24,False,True,0.421875,323.8,-55.0,13.1,27.6,16.1,-17.0,34.1,50.3,650.89,574.32,4,52,1,-27.0,58.5,1.0
401416618,2022,6,regular,2022-10-08 19:30:00+00:00,Miami (OH),Kent State,27,24,False,True,0.421875,9.0,171.0,-12.7,8.6,22.1,-13.1,25.6,37.9,397.26,386.94,3,51,1,5.5,56.5,1.0
401403911,2022,6,regular,2022-10-08 19:30:00+00:00,Georgia,Auburn,42,10,False,True,0.421875,573.8,168.0,35.3,37.2,3.7,5.1,32.6,27.9,989.76,783.87,32,52,1,-28.0,49.5,1.0
401405107,2022,6,regular,2022-10-08 19:30:00+00:00,Northwestern,Wisconsin,7,42,False,True,0.421875,-69.0,87.0,-13.4,17.0,28.6,8.3,25.7,17.1,653.48,744.44,-35,49,0,10.0,44.5,1.0
401415631,2022,6,regular,2022-10-08 19:30:00+00:00,Tulane,East Carolina,24,9,False,True,0.421875,278.8,136.0,12.4,32.0,19.7,1.1,31.5,28.7,521.86,494.82,15,33,1,-3.0,55.5,1.0
401416615,2022,6,regular,2022-10-08 19:30:00+00:00,Northern Illinois,Toledo,32,52,False,True,0.421875,-97.2,169.8,-18.8,25.3,43.1,-3.7,25.7,27.9,409.86,498.98,-20,84,0,6.5,59.0,1.0
401411135,2022,6,regular,2022-10-08 19:30:00+00:00,Pittsburgh,Virginia Tech,45,29,False,True,0.421875,112.0,-74.2,8.6,32.8,24.7,-9.5,13.5,22.8,654.56,640.85,16,74,1,-14.5,42.0,1.0
401415632,2022,6,regular,2022-10-08 19:30:00+00:00,Navy,Tulsa,53,21,False,True,0.421875,-89.39999999999999,19.0,-7.2,18.2,24.4,-6.1,32.7,38.5,0.0,485.87,32,74,1,4.5,46.0,1.0
401404091,2022,6,regular,2022-10-08 19:30:00+00:00,Oklahoma State,Texas Tech,41,31,False,True,0.421875,372.0,264.0,11.3,37.6,27.9,8.5,38.5,30.5,670.53,660.31,10,72,1,-11.5,65.5,1.0
401426581,2022,6,regular,2022-10-08 19:30:00+00:00,UAB,Middle Tennessee,41,14,False,True,0.421875,51.8,138.8,-0.5,25.7,25.3,-6.9,25.6,33.3,443.8,425.43,27,55,1,-10.0,53.0,1.0
401416613,2022,6,regular,2022-10-08 19:30:00+00:00,Central Michigan,Ball State,16,17,False,True,0.421875,-18.200000000000003,-41.2,-14.0,19.0,32.2,-14.9,16.0,30.1,384.48,345.29,-1,33,0,-7.5,63.5,1.0
401404164,2022,6,regular,2022-10-08 19:30:00+00:00,Massachusetts,Liberty,24,42,False,True,0.421875,-180.2,295.8,-30.3,7.5,36.4,-1.5,24.1,25.4,292.14,161.88,-18,66,0,22.5,46.0,1.0
401404011,2022,6,regular,2022-10-08 19:30:00+00:00,UCLA,Utah,42,32,False,True,0.421875,410.0,375.8,15.0,45.7,30.1,19.2,37.3,17.3,733.3,705.12,10,74,1,3.0,64.5,1.0
401403915,2022,6,regular,2022-10-08 20:00:00+00:00,Vanderbilt,Ole Miss,28,52,False,True,0.421875,196.0,442.0,-4.7,29.9,33.4,16.2,38.8,23.7,629.76,757.39,-24,80,0,17.0,59.5,1.0
401411133,2022,6,regular,2022-10-08 20:00:00+00:00,Miami,North Carolina,24,27,False,True,0.421875,81.0,270.6,-2.7,24.4,28.9,7.8,41.7,35.0,854.72,812.94,-3,51,0,-4.0,67.5,1.0
401404009,2022,6,regular,2022-10-08 20:00:00+00:00,Arizona State,Washington,45,38,False,True,0.421875,8.0,321.0,-4.1,30.5,35.7,15.7,41.2,25.5,670.18,761.72,7,83,1,13.5,56.0,1.0
401405110,2022,6,regular,2022-10-08 20:00:00+00:00,Michigan State,Ohio State,20,49,False,True,0.421875,47.0,474.0,1.2,31.9,29.7,31.1,45.1,15.7,693.91,983.14,-29,69,0,27.0,64.5,1.0
401411132,2022,6,regular,2022-10-08 20:00:00+00:00,Georgia Tech,Duke,23,20,False,True,0.421875,169.0,200.8,-11.8,18.8,29.5,5.0,29.4,24.7,715.48,603.98,3,43,1,3.5,54.0,1.0
401426582,2022,6,regular,2022-10-08 22:00:00+00:00,UTSA,Western Kentucky,31,28,False,True,0.421875,231.60000000000002,71.0,7.2,39.3,32.6,1.7,31.3,30.1,515.76,495.64,3,59,1,-6.5,72.5,1.0
401426345,2022,6,regular,2022-10-08 23:00:00+00:00,Texas State,App State,36,24,False,True,0.421875,-35.2,196.0,-11.5,17.4,29.5,1.7,32.9,29.8,464.66,456.66,12,60,1,19.5,54.5,1.0
401426346,2022,6,regular,2022-10-08 23:00:00+00:00,Troy,Southern Miss,27,10,False,True,0.421875,186.60000000000002,129.0,8.1,17.7,11.2,-3.5,18.3,22.9,464.3,478.97,17,37,1,-7.0,44.0,1.0
401426579,2022,6,regular,2022-10-08 23:00:00+00:00,Florida International,UConn,12,33,False,False,0.421875,-36.2,7.0,-25.5,18.4,42.3,-14.6,14.2,27.9,459.71,239.17,-21,45,0,5.5,46.5,1.0
401415231,2022,6,regular,2022-10-08 23:00:00+00:00,Utah State,Air Force,34,27,False,True,0.421875,-124.0,163.0,-13.3,25.4,38.5,3.9,16.3,12.3,371.37,0.0,7,61,1,11.5,53.5,1.0
401426343,2022,6,regular,2022-10-08 23:00:00+00:00,Arkansas State,James Madison,20,42,False,True,0.421875,22.799999999999997,308.8,-13.0,23.7,38.5,6.5,31.3,23.6,471.65,104.24,-22,62,0,11.5,55.0,1.0
401415234,2022,6,regular,2022-10-08 23:00:00+00:00,New Mexico,Wyoming,14,27,False,True,0.421875,-66.0,126.0,-26.9,6.0,31.9,-10.8,14.9,26.2,312.79,292.03,-13,41,0,3.0,37.0,1.0
401426580,2022,6,regular,2022-10-08 23:00:00+00:00,Louisiana Tech,UTEP,41,31,False,True,0.421875,6.799999999999997,52.0,-17.8,29.6,47.0,-10.7,20.8,32.7,473.76,289.39,10,72,1,-1.5,52.5,1.0
401404138,2022,6,regular,2022-10-08 23:30:00+00:00,Wake Forest,Army,45,10,False,False,0.421875,407.8,-117.2,8.2,43.3,35.2,-1.5,24.6,25.3,575.42,17.27,35,55,1,-16.0,65.5,1.0
401404088,2022,6,regular,2022-10-08 23:30:00+00:00,Iowa State,Kansas State,9,10,False,True,0.421875,227.8,367.0,5.3,17.7,10.6,21.4,36.4,15.7,590.43,584.68,-1,19,0,1.0,45.0,1.0
401403912,2022,6,regular,2022-10-08 23:30:00+00:00,Kentucky,South Carolina,14,24,False,True,0.421875,349.0,232.0,13.0,23.2,9.9,12.7,36.0,25.2,737.33,762.63,-10,38,0,-4.5,45.0,1.0
401404012,2022,6,regular,2022-10-08 23:30:00+00:00,USC,Washington State,30,14,False,True,0.421875,436.0,333.0,18.9,46.6,26.3,9.5,25.1,16.7,860.12,570.94,16,44,1,-12.5,64.5,1.0
401404127,2022,6,regular,2022-10-08 23:30:00+00:00,Notre Dame,BYU,28,20,True,True,0.421875,167.8,305.0,10.3,30.5,21.4,-1.4,34.3,34.8,866.48,415.19,8,48,1,-3.5,51.5,1.0
401411131,2022,6,regular,2022-10-08 23:30:00+00:00,Boston College,Clemson,3,31,False,True,0.421875,-31.0,488.0,-14.9,20.4,33.8,17.6,34.9,18.5,664.63,943.0,-28,34,0,21.0,48.5,1.0
401405106,2022,6,regular,2022-10-08 23:30:00+00:00,Illinois,Iowa,9,6,False,True,0.421875,221.8,137.0,15.9,20.6,5.5,12.7,16.0,5.1,631.46,681.98,3,15,1,-3.5,36.5,1.0
401426344,2022,6,regular,2022-10-09 00:00:00+00:00,UL Monroe,Coastal Carolina,21,28,False,True,0.421875,53.0,394.8,-15.7,23.2,39.0,0.6,32.7,30.6,348.53,446.58,-7,49,0,12.5,58.0,1.0
401411134,2022,6,regular,2022-10-09 00:00:00+00:00,NC State,Florida State,19,17,False,True,0.421875,331.8,359.0,6.8,20.4,15.3,13.2,34.8,20.4,686.19,780.76,2,36,1,-3.5,50.5,1.0
401403909,2022,6,regular,2022-10-09 00:00:00+00:00,Alabama,Texas A&M,24,20,False,True,0.421875,480.0,315.0,30.3,42.9,14.2,9.1,25.4,16.6,1016.79,947.3,4,44,1,-24.0,48.0,1.0
401404008,2022,6,regular,2022-10-09 01:00:00+00:00,Arizona,Oregon,22,49,False,True,0.421875,126.60000000000001,418.0,-3.2,37.6,41.1,18.9,44.9,26.5,652.06,877.93,-27,71,0,13.5,72.0,1.0
401415232,2022,6,regular,2022-10-09 01:45:00+00:00,Boise State,Fresno State,40,20,False,True,0.421875,108.0,-13.0,5.7,24.1,18.5,3.3,27.1,24.4,533.92,502.26,20,60,1,-10.5,45.5,1.0
401415235,2022,6,regular,2022-10-09 02:30:00+00:00,San Diego State,Hawai'i,16,14,False,True,0.421875,17.799999999999997,-152.0,-4.4,15.1,21.1,-24.7,15.8,39.4,372.29,419.54,2,30,1,-23.5,49.0,1.0
401404010,2022,6,regular,2022-10-09 03:00:00+00:00,Stanford,Oregon State,27,28,False,True,0.421875,61.0,300.8,-7.2,25.6,34.2,14.3,33.3,17.7,757.81,635.88,-1,55,0,4.5,53.5,1.0
401426347,2022,7,regular,2022-10-12 23:30:00+00:00,Marshall,Louisiana,13,23,False,True,0.421875,167.8,-69.0,3.0,15.7,11.4,2.0,21.7,20.3,455.3,458.15,-10,36,0,-10.5,45.0,1.0
401415634,2022,7,regular,2022-10-13 23:00:00+00:00,UCF,Temple,70,13,False,True,0.421875,259.0,-69.4,10.3,31.1,20.3,-12.9,16.3,28.6,636.16,505.48,57,83,1,-23.5,46.5,1.0
401404092,2022,7,regular,2022-10-13 23:00:00+00:00,West Virginia,Baylor,43,40,False,True,0.421875,48.0,212.8,2.4,36.3,34.5,11.7,37.6,26.1,662.57,666.05,3,83,1,3.0,55.0,1.0
401415635,2022,7,regular,2022-10-14 23:30:00+00:00,SMU,Navy,40,34,False,True,0.421875,115.80000000000001,6.6000000000000085,4.7,42.0,38.1,-7.2,18.2,24.4,598.49,0.0,6,74,1,-12.5,58.5,1.0
401426584,2022,7,regular,2022-10-15 00:00:00+00:00,Florida International,UTSA,10,30,False,True,0.421875,-141.2,311.6,-25.5,18.4,42.3,7.2,39.3,32.6,459.71,515.76,-20,40,0,33.5,63.5,1.0
401416622,2022,7,regular,2022-10-15 16:00:00+00:00,Bowling Green,Miami (OH),17,13,False,True,0.421875,-80.0,59.0,-18.1,23.8,40.6,-12.7,8.6,22.1,415.08,397.26,4,30,1,7.0,45.0,1.0
401426348,2022,7,regular,2022-10-15 16:00:00+00:00,Coastal Carolina,Old Dominion,21,49,False,True,0.421875,452.8,-94.2,0.6,32.7,30.6,-13.0,16.9,29.3,446.58,438.06,-28,70,0,-11.5,58.5,1.0
401404094,2022,7,regular,2022-10-15 16:00:00+00:00,Oklahoma,Kansas,52,42,False,True,0.421875,149.8,430.6,15.4,40.8,26.5,2.9,40.6,36.0,870.34,574.29,10,94,1,-10.5,66.0,1.0
401405112,2022,7,regular,2022-10-15 16:00:00+00:00,Illinois,Minnesota,26,14,False,True,0.421875,321.8,218.8,15.9,20.6,5.5,16.0,23.5,8.6,631.46,649.43,12,40,1,4.5,40.0,1.0
401403920,2022,7,regular,2022-10-15 16:00:00+00:00,Ole Miss,Auburn,48,34,False,True,0.421875,550.8,197.0,16.2,38.8,23.7,5.1,32.6,27.9,757.39,783.87,14,82,1,-15.5,55.0,1.0
401416619,2022,7,regular,2022-10-15 16:00:00+00:00,Akron,Central Michigan,21,28,False,True,0.421875,-111.4,-93.2,-23.4,16.7,38.5,-14.0,19.0,32.2,456.15,384.48,-7,49,0,12.0,60.5,1.0
401404139,2022,7,regular,2022-10-15 16:00:00+00:00,Army,Colgate,42,17,False,False,0.421875,-114.2,-97.0,-1.5,24.6,25.3,,,,17.27,14.43,25,59,1,-31.0,51.0,1.0
401405115,2022,7,regular,2022-10-15 16:00:00+00:00,Michigan,Penn State,41,17,False,True,0.421875,484.0,417.6,32.0,38.0,7.6,22.4,36.6,13.9,847.24,830.44,24,58,1,-7.0,49.0,1.0
401404093,2022,7,regular,2022-10-15 16:00:00+00:00,Texas,Iowa State,24,21,False,True,0.421875,419.8,214.8,23.1,38.1,15.6,5.3,17.7,10.6,887.45,590.43,3,45,1,-15.5,48.5,1.0
401411140,2022,7,regular,2022-10-15 16:30:00+00:00,Virginia Tech,Miami,14,20,False,True,0.421875,-93.2,31.0,-9.5,13.5,22.8,-2.7,24.4,28.9,640.85,854.72,-6,34,0,8.5,48.0,1.0
401414783,2022,7,regular,2022-10-15 17:00:00+00:00,Massachusetts,Buffalo,7,34,False,False,0.421875,-250.2,34.8,-30.3,7.5,36.4,-9.2,25.0,35.0,292.14,370.96,-27,41,0,17.0,47.5,1.0
401404153,2022,7,regular,2022-10-15 18:00:00+00:00,Ball State,UConn,25,21,False,False,0.421875,16.799999999999997,75.0,-14.9,16.0,30.1,-14.6,14.2,27.9,345.29,239.17,4,46,1,-9.5,47.5,1.0
401404014,2022,7,regular,2022-10-15 18:00:00+00:00,Colorado,California,20,13,False,True,0.421875,-203.4,178.0,-20.4,24.0,45.0,-3.0,23.2,25.9,616.28,653.31,7,33,1,15.0,49.0,1.0
401404162,2022,7,regular,2022-10-15 19:30:00+00:00,Liberty,Gardner-Webb,21,20,False,False,0.421875,363.8,-94.4,-1.5,24.1,25.4,,,,161.88,19.68,1,41,1,-24.5,55.0,1.0
401404095,2022,7,regular,2022-10-15 19:30:00+00:00,TCU,Oklahoma State,43,40,False,True,0.421875,486.8,468.0,24.3,43.3,20.2,11.3,37.6,27.9,712.05,670.53,3,83,1,-5.0,69.5,1.0
401403916,2022,7,regular,2022-10-15 19:30:00+00:00,BYU,Arkansas,35,52,False,False,0.421875,280.0,270.0,-1.4,34.3,34.8,12.0,38.3,26.3,415.19,741.06,-17,87,0,-1.0,66.5,1.0
401411139,2022,7,regular,2022-10-15 19:30:00+00:00,Syracuse,NC State,24,9,False,True,0.421875,378.0,431.8,2.5,27.4,24.7,6.8,20.4,15.3,590.36,686.19,15,33,1,-3.0,42.5,1.0
401416620,2022,7,regular,2022-10-15 19:30:00+00:00,Eastern Michigan,Northern Illinois,10,39,False,True,0.421875,98.60000000000001,-167.2,-7.1,24.0,32.4,-18.8,25.3,43.1,404.1,409.86,-29,49,0,-3.5,64.5,1.0
401416621,2022,7,regular,2022-10-15 19:30:00+00:00,Toledo,Kent State,52,31,False,True,0.421875,237.8,104.0,-3.7,25.7,27.9,-13.1,25.6,37.9,498.98,386.94,21,83,1,-7.5,62.5,1.0
401426583,2022,7,regular,2022-10-15 19:30:00+00:00,UAB,Charlotte,34,20,False,True,0.421875,147.8,-238.2,-0.5,25.7,25.3,-16.4,24.0,39.2,443.8,487.24,14,54,1,-22.5,65.0,1.0
401426587,2022,7,regular,2022-10-15 19:30:00+00:00,Middle Tennessee,Western Kentucky,17,35,False,True,0.421875,81.6,33.8,-6.9,25.6,33.3,1.7,31.3,30.1,425.43,495.64,-18,52,0,7.5,67.5,1.0
401403921,2022,7,regular,2022-10-15 19:30:00+00:00,Tennessee,Alabama,52,49,False,True,0.421875,504.0,580.0,25.2,47.3,22.6,30.3,42.9,14.2,764.8,1016.79,3,101,1,9.0,68.0,1.0
401403918,2022,7,regular,2022-10-15 19:30:00+00:00,Georgia,Vanderbilt,55,0,False,True,0.421875,669.8,195.0,35.3,37.2,3.7,-4.7,29.9,33.4,989.76,629.76,55,55,1,-37.5,56.5,1.0
401405114,2022,7,regular,2022-10-15 19:30:00+00:00,Indiana,Maryland,33,38,False,True,0.421875,172.8,289.0,-7.1,29.9,36.6,11.2,33.8,24.2,680.74,680.22,-5,71,0,11.0,63.5,1.0
401426352,2022,7,regular,2022-10-15 19:30:00+00:00,Troy,Texas State,17,14,False,True,0.421875,282.6,60.8,8.1,17.7,11.2,-11.5,17.4,29.5,464.3,464.66,3,31,1,-16.5,47.0,1.0
401416623,2022,7,regular,2022-10-15 19:30:00+00:00,Western Michigan,Ohio,14,33,False,True,0.421875,-70.2,16.799999999999997,-17.3,11.2,27.3,-4.6,31.6,35.2,449.89,365.74,-19,47,0,-2.0,61.5,1.0
401415636,2022,7,regular,2022-10-15 20:00:00+00:00,South Florida,Tulane,31,45,False,True,0.421875,-60.0,374.8,-17.0,34.1,50.3,12.4,32.0,19.7,574.32,521.86,-14,76,0,12.0,55.0,1.0
401426586,2022,7,regular,2022-10-15 20:00:00+00:00,North Texas,Louisiana Tech,47,27,False,True,0.421875,-36.2,66.8,-1.5,31.3,34.1,-17.8,29.6,47.0,504.97,473.76,20,74,1,-6.5,68.5,1.0
401426349,2022,7,regular,2022-10-15 20:00:00+00:00,Georgia Southern,James Madison,45,38,False,True,0.421875,81.2,376.8,-6.4,34.3,40.3,6.5,31.3,23.6,414.14,104.24,7,83,1,13.0,67.5,1.0
401405116,2022,7,regular,2022-10-15 20:00:00+00:00,Michigan State,Wisconsin,34,28,False,True,0.421875,58.0,155.0,1.2,31.9,29.7,8.3,25.7,17.1,693.91,744.44,6,62,1,7.0,49.5,1.0
401404013,2022,7,regular,2022-10-15 21:30:00+00:00,Washington,Arizona,49,39,False,True,0.421875,283.8,119.60000000000001,15.7,41.2,25.5,-3.2,37.6,41.1,761.72,652.06,10,88,1,-14.5,71.5,1.0
401426585,2022,7,regular,2022-10-15 22:00:00+00:00,Florida Atlantic,Rice,17,14,False,True,0.421875,-46.60000000000001,203.8,-7.1,24.4,30.4,-15.2,23.1,36.9,550.51,441.93,3,31,1,-4.0,54.5,1.0
401415238,2022,7,regular,2022-10-15 23:00:00+00:00,Colorado State,Utah State,13,17,False,True,0.421875,-119.0,-44.0,-22.2,7.8,29.0,-13.3,25.4,38.5,431.38,371.37,-4,30,0,14.0,45.5,1.0
401403917,2022,7,regular,2022-10-15 23:00:00+00:00,Florida,LSU,35,45,False,True,0.421875,326.0,308.8,10.4,39.6,29.5,16.2,34.2,17.6,856.95,872.61,-10,80,0,-2.0,51.5,1.0
401426350,2022,7,regular,2022-10-15 23:00:00+00:00,South Alabama,UL Monroe,41,34,False,True,0.421875,271.8,3.0,10.8,26.8,17.4,-15.7,23.2,39.0,466.34,348.53,7,75,1,-17.0,51.0,1.0
401426351,2022,7,regular,2022-10-15 23:00:00+00:00,Southern Miss,Arkansas State,20,19,False,True,0.421875,71.8,-47.2,-3.5,18.3,22.9,-13.0,23.7,38.5,478.97,471.65,1,39,1,-4.5,53.0,1.0
401403919,2022,7,regular,2022-10-15 23:30:00+00:00,Kentucky,Mississippi State,27,17,False,True,0.421875,314.0,503.8,13.0,23.2,9.9,15.4,35.1,19.9,737.33,725.55,10,44,1,3.5,50.5,1.0
401411138,2022,7,regular,2022-10-15 23:30:00+00:00,Florida State,Clemson,28,34,False,True,0.421875,374.0,556.0,13.2,34.8,20.4,17.6,34.9,18.5,780.76,943.0,-6,62,0,4.5,51.0,1.0
401415637,2022,7,regular,2022-10-15 23:30:00+00:00,East Carolina,Memphis,47,45,False,True,0.421875,117.0,215.0,1.1,31.5,28.7,6.8,37.0,31.8,494.82,533.26,2,92,1,-5.5,62.5,1.0
401405113,2022,7,regular,2022-10-15 23:30:00+00:00,Purdue,Nebraska,43,37,False,True,0.421875,309.8,58.0,7.7,31.6,22.4,-1.2,25.5,25.6,646.08,752.12,6,80,1,-14.0,56.0,1.0
401404016,2022,7,regular,2022-10-15 23:30:00+00:00,Notre Dame,Stanford,14,16,False,False,0.421875,347.8,36.0,10.3,30.5,21.4,-7.2,25.6,34.2,866.48,757.81,-2,30,0,-16.5,53.5,1.0
401404017,2022,7,regular,2022-10-16 00:00:00+00:00,Utah,USC,43,42,False,True,0.421875,372.8,556.0,19.2,37.3,17.3,18.9,46.6,26.3,705.12,860.12,1,85,1,-3.5,65.0,1.0
401409239,2022,7,regular,2022-10-16 00:00:00+00:00,New Mexico State,New Mexico,21,9,False,False,0.421875,-293.2,-171.0,-15.4,12.0,26.0,-26.9,6.0,31.9,189.37,312.79,12,30,1,7.0,38.5,1.0
401411137,2022,7,regular,2022-10-16 00:00:00+00:00,Duke,North Carolina,35,38,False,True,0.421875,133.8,363.40000000000003,5.0,29.4,24.7,7.8,41.7,35.0,603.98,812.94,-3,73,0,7.0,70.0,1.0
401404015,2022,7,regular,2022-10-16 01:00:00+00:00,Oregon State,Washington State,24,10,False,True,0.421875,358.8,354.0,14.3,33.3,17.7,9.5,25.1,16.7,635.88,570.94,14,34,1,-3.0,51.5,1.0
401415237,2022,7,regular,2022-10-16 02:30:00+00:00,UNLV,Air Force,7,42,False,True,0.421875,189.6,96.0,-11.9,20.8,34.1,3.9,16.3,12.3,368.29,0.0,-35,49,0,10.0,50.0,1.0
401415239,2022,7,regular,2022-10-16 02:45:00+00:00,Fresno State,San José State,17,10,False,True,0.421875,-70.2,200.8,3.3,27.1,24.4,-4.3,19.1,21.6,502.26,417.95,7,27,1,7.0,47.0,1.0
401415240,2022,7,regular,2022-10-16 03:59:00+00:00,Hawai'i,Nevada,31,16,False,True,0.421875,-189.2,-128.2,-24.7,15.8,39.4,-22.4,15.9,37.8,419.54,416.44,15,47,1,6.25,51.5,2.0
401426353,2022,8,regular,2022-10-19 23:30:00+00:00,App State,Georgia State,42,17,False,True,0.421875,99.0,-25.19999999999999,1.7,32.9,29.8,-3.3,33.7,38.3,456.66,471.84,25,59,1,-9.5,60.0,1.0
401426354,2022,8,regular,2022-10-20 23:30:00+00:00,South Alabama,Troy,6,10,False,True,0.421875,321.8,332.6,10.8,26.8,17.4,8.1,17.7,11.2,466.34,464.3,-4,16,0,-3.0,47.0,1.0
401411141,2022,8,regular,2022-10-20 23:30:00+00:00,Georgia Tech,Virginia,9,16,False,True,0.421875,249.0,-38.400000000000006,-11.8,18.8,29.5,-9.0,16.2,24.4,715.48,625.94,-7,25,0,-3.5,48.0,1.0
401415638,2022,8,regular,2022-10-21 23:30:00+00:00,Temple,Tulsa,16,27,False,True,0.421875,-88.4,-78.0,-12.9,16.3,28.6,-6.1,32.7,38.5,505.48,485.87,-11,43,0,13.5,53.5,1.0
401426592,2022,8,regular,2022-10-22 00:00:00+00:00,Western Kentucky,UAB,20,17,False,True,0.421875,142.60000000000002,207.8,1.7,31.3,30.1,-0.5,25.7,25.3,495.64,443.8,3,37,1,-1.0,60.5,1.0
401416628,2022,8,regular,2022-10-22 16:00:00+00:00,Kent State,Akron,33,27,False,True,0.421875,46.8,-186.4,-13.1,25.6,37.9,-23.4,16.7,38.5,386.94,456.15,6,60,1,-15.5,65.0,1.0
401415641,2022,8,regular,2022-10-22 16:00:00+00:00,SMU,Cincinnati,27,29,False,True,0.421875,165.8,373.8,4.7,42.0,38.1,13.1,27.6,16.1,598.49,650.89,-2,56,0,3.5,59.5,1.0
401403926,2022,8,regular,2022-10-22 16:00:00+00:00,Tennessee,UT Martin,65,24,False,False,0.421875,650.0,-57.2,25.2,47.3,22.6,,,,764.8,128.97,41,89,1,-38.5,71.5,1.0
401411142,2022,8,regular,2022-10-22 16:00:00+00:00,Clemson,Syracuse,27,21,False,True,0.421875,672.0,520.0,17.6,34.9,18.5,2.5,27.4,24.7,943.0,590.36,6,48,1,-14.0,50.0,1.0
401405119,2022,8,regular,2022-10-22 16:00:00+00:00,Ohio State,Iowa,54,10,False,True,0.421875,582.8,128.0,31.1,45.1,15.7,12.7,16.0,5.1,983.14,681.98,44,64,1,-29.5,49.5,1.0
401404140,2022,8,regular,2022-10-22 16:00:00+00:00,Army,UL Monroe,48,24,False,False,0.421875,-54.2,-6.0,-1.5,24.6,25.3,-15.7,23.2,39.0,17.27,348.53,24,72,1,-6.5,55.5,1.0
401405121,2022,8,regular,2022-10-22 16:00:00+00:00,Rutgers,Indiana,24,17,False,True,0.421875,118.0,147.8,-9.1,16.4,25.2,-7.1,29.9,36.6,631.47,680.74,7,41,1,-3.0,48.0,1.0
401415640,2022,8,regular,2022-10-22 16:00:00+00:00,Navy,Houston,20,38,False,True,0.421875,-30.599999999999994,103.40000000000002,-7.2,18.2,24.4,4.5,42.5,37.7,0.0,629.12,-18,58,0,3.0,50.5,1.0
401404096,2022,8,regular,2022-10-22 16:00:00+00:00,Baylor,Kansas,35,23,False,True,0.421875,175.60000000000002,411.6,11.7,37.6,26.1,2.9,40.6,36.0,666.05,574.29,12,58,1,-10.5,56.5,1.0
401411144,2022,8,regular,2022-10-22 16:30:00+00:00,Miami,Duke,21,45,False,True,0.421875,89.0,83.8,-2.7,24.4,28.9,5.0,29.4,24.7,854.72,603.98,-24,66,0,-10.0,59.0,1.0
401416626,2022,8,regular,2022-10-22 17:00:00+00:00,Buffalo,Toledo,34,27,False,True,0.421875,102.8,297.8,-9.2,25.0,35.0,-3.7,25.7,27.9,370.96,498.98,7,61,1,7.0,56.0,1.0
401416629,2022,8,regular,2022-10-22 17:00:00+00:00,Central Michigan,Bowling Green,18,34,False,True,0.421875,-35.2,-30.0,-14.0,19.0,32.2,-18.1,23.8,40.6,384.48,415.08,-16,52,0,-6.5,50.5,1.0
401416625,2022,8,regular,2022-10-22 18:00:00+00:00,Ohio,Northern Illinois,24,17,False,True,0.421875,84.8,-99.2,-4.6,31.6,35.2,-18.8,25.3,43.1,365.74,409.86,7,41,1,2.5,65.5,1.0
401416624,2022,8,regular,2022-10-22 18:00:00+00:00,Ball State,Eastern Michigan,16,20,False,True,0.421875,66.8,-6.3999999999999915,-14.9,16.0,30.1,-7.1,24.0,32.4,345.29,404.1,-4,36,0,-2.5,57.5,1.0
401404128,2022,8,regular,2022-10-22 18:30:00+00:00,Notre Dame,UNLV,44,21,False,False,0.421875,272.8,119.6,10.3,30.5,21.4,-11.9,20.8,34.1,866.48,368.29,23,65,1,-26.0,46.5,1.0
401404099,2022,8,regular,2022-10-22 19:00:00+00:00,Texas Tech,West Virginia,48,10,False,True,0.421875,283.0,148.0,8.5,38.5,30.5,2.4,36.3,34.5,660.31,662.57,38,58,1,-5.0,65.5,1.0
401426590,2022,8,regular,2022-10-22 19:00:00+00:00,Louisiana Tech,Rice,41,42,False,True,0.421875,9.599999999999994,136.8,-17.8,29.6,47.0,-15.2,23.1,36.9,473.76,441.93,-1,83,0,3.0,57.0,1.0
401404021,2022,8,regular,2022-10-22 19:30:00+00:00,Oregon,UCLA,45,30,False,True,0.421875,526.8,560.0,18.9,44.9,26.5,15.0,45.7,30.1,877.93,733.3,15,75,1,-7.0,70.5,1.0
401411145,2022,8,regular,2022-10-22 19:30:00+00:00,Wake Forest,Boston College,43,15,False,True,0.421875,503.8,-24.0,8.2,43.3,35.2,-14.9,20.4,33.8,575.42,664.63,28,58,1,-20.0,60.0,1.0
401415639,2022,8,regular,2022-10-22 19:30:00+00:00,Tulane,Memphis,38,28,False,True,0.421875,442.8,177.8,12.4,32.0,19.7,6.8,37.0,31.8,521.86,533.26,10,66,1,-7.0,55.5,1.0
401426356,2022,8,regular,2022-10-22 19:30:00+00:00,Old Dominion,Georgia Southern,23,28,False,True,0.421875,14.600000000000009,183.2,-13.0,16.9,29.3,-6.4,34.3,40.3,438.06,414.14,-5,51,0,-1.5,66.0,1.0
401426588,2022,8,regular,2022-10-22 19:30:00+00:00,Charlotte,Florida International,15,34,False,True,0.421875,-295.4,-211.2,-16.4,24.0,39.2,-25.5,18.4,42.3,487.24,459.71,-19,49,0,-13.5,63.5,1.0
401405117,2022,8,regular,2022-10-22 19:30:00+00:00,Wisconsin,Purdue,35,24,False,True,0.421875,117.8,389.8,8.3,25.7,17.1,7.7,31.6,22.4,744.44,646.08,11,59,1,-1.5,51.5,1.0
401404163,2022,8,regular,2022-10-22 19:30:00+00:00,Liberty,BYU,41,14,False,True,0.421875,413.8,245.0,-1.5,24.1,25.4,-1.4,34.3,34.8,161.88,415.19,27,55,1,7.0,58.0,1.0
401426591,2022,8,regular,2022-10-22 19:30:00+00:00,UTSA,North Texas,31,27,False,True,0.421875,379.6,23.799999999999997,7.2,39.3,32.6,-1.5,31.3,34.1,515.76,504.97,4,58,1,-10.0,73.0,1.0
401405118,2022,8,regular,2022-10-22 19:30:00+00:00,Maryland,Northwestern,31,24,False,True,0.421875,347.0,-139.0,11.2,33.8,24.2,-13.4,17.0,28.6,680.22,653.48,7,55,1,-14.5,51.0,1.0
401426355,2022,8,regular,2022-10-22 19:30:00+00:00,James Madison,Marshall,12,26,False,True,0.421875,339.6,97.8,6.5,31.3,23.6,3.0,15.7,11.4,104.24,455.3,-14,38,0,-9.5,48.5,1.0
401404098,2022,8,regular,2022-10-22 19:30:00+00:00,Oklahoma State,Texas,41,34,False,True,0.421875,485.0,499.8,11.3,37.6,27.9,23.1,38.1,15.6,670.53,887.45,7,75,1,6.5,58.5,1.0
401403923,2022,8,regular,2022-10-22 19:30:00+00:00,LSU,Ole Miss,45,20,False,True,0.421875,444.8,646.8,16.2,34.2,17.6,16.2,38.8,23.7,872.61,757.39,25,65,1,0.0,64.0,1.0
401416627,2022,8,regular,2022-10-22 19:30:00+00:00,Miami (OH),Western Michigan,10,16,False,True,0.421875,-8.0,-140.2,-12.7,8.6,22.1,-17.3,11.2,27.3,397.26,449.89,-6,26,0,-7.0,44.0,1.0
401404018,2022,8,regular,2022-10-22 20:00:00+00:00,Stanford,Arizona State,15,14,False,True,0.421875,152.0,118.0,-7.2,25.6,34.2,-4.1,30.5,35.7,757.81,670.18,1,29,1,-3.0,52.0,1.0
401403924,2022,8,regular,2022-10-22 20:00:00+00:00,Missouri,Vanderbilt,17,14,False,True,0.421875,79.8,226.0,8.1,26.0,18.3,-4.7,29.9,33.4,715.36,629.76,3,31,1,-14.0,49.0,1.0
401426589,2022,8,regular,2022-10-22 20:00:00+00:00,UTEP,Florida Atlantic,24,21,False,True,0.421875,-45.0,3.3999999999999915,-10.7,20.8,32.7,-7.1,24.4,30.4,289.39,550.51,3,45,1,3.0,50.5,1.0
401415242,2022,8,regular,2022-10-22 20:00:00+00:00,Colorado State,Hawai'i,17,13,False,True,0.421875,-194.0,-129.2,-22.2,7.8,29.0,-24.7,15.8,39.4,431.38,419.54,4,30,1,-6.0,46.0,1.0
401426357,2022,8,regular,2022-10-22 21:00:00+00:00,Louisiana,Arkansas State,38,18,False,True,0.421875,39.80000000000001,-84.4,2.0,21.7,20.3,-13.0,23.7,38.5,458.15,471.65,20,56,1,-6.5,51.0,1.0
401426358,2022,8,regular,2022-10-22 21:00:00+00:00,Texas State,Southern Miss,14,20,False,True,0.421875,23.599999999999994,121.8,-11.5,17.4,29.5,-3.5,18.3,22.9,464.66,478.97,-6,34,0,2.5,43.0,1.0
401415243,2022,8,regular,2022-10-22 22:30:00+00:00,New Mexico,Fresno State,9,41,False,True,0.421875,-268.0,9.799999999999997,-26.9,6.0,31.9,3.3,27.1,24.4,312.79,502.26,-32,50,0,9.5,40.5,1.0
401403922,2022,8,regular,2022-10-22 23:00:00+00:00,Alabama,Mississippi State,30,6,False,True,0.421875,611.0,492.8,30.3,42.9,14.2,15.4,35.1,19.9,1016.79,725.55,24,36,1,-21.0,61.5,1.0
401415241,2022,8,regular,2022-10-22 23:00:00+00:00,Air Force,Boise State,14,19,False,True,0.421875,164.0,204.0,3.9,16.3,12.3,5.7,24.1,18.5,0.0,533.92,-5,33,0,-2.5,46.5,1.0
401403925,2022,8,regular,2022-10-22 23:30:00+00:00,South Carolina,Texas A&M,30,24,False,True,0.421875,394.0,356.0,12.7,36.0,25.2,9.1,25.4,16.6,762.63,947.3,6,54,1,3.0,44.5,1.0
401415642,2022,8,regular,2022-10-22 23:30:00+00:00,East Carolina,UCF,34,13,False,True,0.421875,197.0,319.0,1.1,31.5,28.7,10.3,31.1,20.3,494.82,636.16,21,47,1,5.5,63.5,1.0
401405120,2022,8,regular,2022-10-22 23:30:00+00:00,Penn State,Minnesota,45,17,False,True,0.421875,440.6,203.8,22.4,36.6,13.9,16.0,23.5,8.6,830.44,649.43,28,62,1,-5.5,43.0,1.0
401404097,2022,8,regular,2022-10-23 00:00:00+00:00,TCU,Kansas State,38,28,False,True,0.421875,622.8,459.8,24.3,43.3,20.2,21.4,36.4,15.7,712.05,584.68,10,66,1,-3.5,54.5,1.0
401411143,2022,8,regular,2022-10-23 00:00:00+00:00,Louisville,Pittsburgh,24,10,False,True,0.421875,94.8,172.0,9.0,27.0,19.1,8.6,32.8,24.7,625.42,654.56,14,34,1,-1.5,55.0,1.0
401404020,2022,8,regular,2022-10-23 00:00:00+00:00,Oregon State,Colorado,42,9,False,True,0.421875,478.8,-123.4,14.3,33.3,17.7,-20.4,24.0,45.0,635.88,616.28,33,51,1,-23.0,47.5,1.0
401415244,2022,8,regular,2022-10-23 01:45:00+00:00,Wyoming,Utah State,28,14,False,True,0.421875,194.0,14.0,-10.8,14.9,26.2,-13.3,25.4,38.5,292.03,371.37,14,42,1,-5.5,44.5,1.0
401415245,2022,8,regular,2022-10-23 02:30:00+00:00,Nevada,San Diego State,7,23,False,True,0.421875,-225.2,67.8,-22.4,15.9,37.8,-4.4,15.1,21.1,416.44,372.29,-16,30,0,7.5,36.0,1.0
401404019,2022,8,regular,2022-10-23 02:30:00+00:00,California,Washington,21,28,False,True,0.421875,111.0,379.8,-3.0,23.2,25.9,15.7,41.2,25.5,653.31,761.72,-7,49,0,7.5,54.5,1.0
401426359,2022,9,regular,2022-10-27 23:30:00+00:00,Southern Miss,Louisiana,39,24,False,True,0.421875,179.8,99.80000000000001,-3.5,18.3,22.9,2.0,21.7,20.3,478.97,458.15,15,63,1,2.5,43.0,1.0
401411146,2022,9,regular,2022-10-27 23:30:00+00:00,NC State,Virginia Tech,22,21,False,True,0.421875,428.8,-143.2,6.8,20.4,15.3,-9.5,13.5,22.8,686.19,640.85,1,43,1,-13.5,39.0,1.0
401404026,2022,9,regular,2022-10-28 02:00:00+00:00,Washington State,Utah,17,21,False,True,0.421875,335.0,510.8,9.5,25.1,16.7,19.2,37.3,17.3,570.94,705.12,-4,38,0,7.0,56.5,1.0
401415645,2022,9,regular,2022-10-29 00:00:00+00:00,BYU,East Carolina,24,27,False,False,0.421875,187.8,317.0,-1.4,34.3,34.8,1.1,31.5,28.7,415.19,494.82,-3,51,0,-3.5,64.0,1.0
401426594,2022,9,regular,2022-10-29 00:00:00+00:00,Florida International,Louisiana Tech,42,34,False,True,0.421875,-143.2,-65.4,-25.5,18.4,42.3,-17.8,29.6,47.0,459.71,473.76,8,76,1,6.5,57.0,1.0
401405126,2022,9,regular,2022-10-29 16:00:00+00:00,Penn State,Ohio State,31,44,False,True,0.421875,560.6,702.8,22.4,36.6,13.9,31.1,45.1,15.7,830.44,983.14,-13,75,0,15.5,60.5,1.0
401403927,2022,9,regular,2022-10-29 16:00:00+00:00,Auburn,Arkansas,27,41,False,True,0.421875,212.0,378.8,5.1,32.6,27.9,12.0,38.3,26.3,783.87,741.06,-14,68,0,4.0,60.0,1.0
401416630,2022,9,regular,2022-10-29 16:00:00+00:00,Eastern Michigan,Toledo,24,27,False,True,0.421875,51.60000000000001,230.8,-7.1,24.0,32.4,-3.7,25.7,27.9,404.1,498.98,-3,51,0,4.0,54.0,1.0
401404154,2022,9,regular,2022-10-29 16:00:00+00:00,UConn,Boston College,13,3,False,False,0.421875,8.0,-17.0,-14.6,14.2,27.9,-14.9,20.4,33.8,239.17,664.63,10,16,1,8.0,44.0,1.0
401404129,2022,9,regular,2022-10-29 16:00:00+00:00,Syracuse,Notre Dame,24,41,False,False,0.421875,553.0,332.8,2.5,27.4,24.7,10.3,30.5,21.4,590.36,866.48,-17,65,0,1.0,48.0,1.0
401415643,2022,9,regular,2022-10-29 16:00:00+00:00,Houston,South Florida,42,27,False,True,0.421875,171.40000000000003,-95.0,4.5,42.5,37.7,-17.0,34.1,50.3,629.12,574.32,15,69,1,-17.5,59.0,1.0
401404100,2022,9,regular,2022-10-29 16:00:00+00:00,Iowa State,Oklahoma,13,27,False,True,0.421875,213.8,283.8,5.3,17.7,10.6,15.4,40.8,26.5,590.43,870.34,-14,40,0,1.5,58.0,1.0
401416631,2022,9,regular,2022-10-29 16:00:00+00:00,Akron,Miami (OH),9,27,False,True,0.421875,-253.4,-83.0,-23.4,16.7,38.5,-12.7,8.6,22.1,456.15,397.26,-18,36,0,9.0,51.5,1.0
401404103,2022,9,regular,2022-10-29 16:00:00+00:00,West Virginia,TCU,31,41,False,True,0.421875,90.8,760.8,2.4,36.3,34.5,24.3,43.3,20.2,662.57,712.05,-10,72,0,7.0,69.5,1.0
401411147,2022,9,regular,2022-10-29 16:00:00+00:00,Florida State,Georgia Tech,41,16,False,True,0.421875,393.0,174.0,13.2,34.8,20.4,-11.8,18.8,29.5,780.76,715.48,25,57,1,-23.5,48.0,1.0
401411150,2022,9,regular,2022-10-29 16:30:00+00:00,Virginia,Miami,12,14,False,True,0.421875,19.599999999999994,19.0,-9.0,16.2,24.4,-2.7,24.4,28.9,625.94,854.72,-2,26,0,3.0,48.5,1.0
401426593,2022,9,regular,2022-10-29 18:00:00+00:00,Rice,Charlotte,23,56,False,True,0.421875,194.8,-400.4,-15.2,23.1,36.9,-16.4,24.0,39.2,441.93,487.24,-33,79,0,-15.5,61.0,1.0
401405123,2022,9,regular,2022-10-29 18:30:00+00:00,Minnesota,Rutgers,31,0,False,True,0.421875,204.8,168.0,16.0,23.5,8.6,-9.1,16.4,25.2,649.43,631.47,31,31,1,-14.0,40.5,1.0
401426361,2022,9,regular,2022-10-29 19:00:00+00:00,Georgia State,Old Dominion,31,17,False,True,0.421875,-82.39999999999999,-35.39999999999999,-3.3,33.7,38.3,-13.0,16.9,29.3,471.84,438.06,14,48,1,-3.5,54.0,1.0
401403928,2022,9,regular,2022-10-29 19:30:00+00:00,Georgia,Florida,42,20,True,True,0.421875,765.8,291.0,35.3,37.2,3.7,10.4,39.6,29.5,989.76,856.95,22,62,1,-23.0,56.5,1.0
401404024,2022,9,regular,2022-10-29 19:30:00+00:00,California,Oregon,24,42,False,True,0.421875,86.0,680.8,-3.0,23.2,25.9,18.9,44.9,26.5,653.31,877.93,-18,66,0,16.5,56.5,1.0
401404102,2022,9,regular,2022-10-29 19:30:00+00:00,Kansas State,Oklahoma State,48,0,False,True,0.421875,476.8,597.0,21.4,36.4,15.7,11.3,37.6,27.9,584.68,670.53,48,48,1,-2.5,57.5,1.0
401411148,2022,9,regular,2022-10-29 19:30:00+00:00,Louisville,Wake Forest,48,21,False,True,0.421875,214.8,563.8,9.0,27.0,19.1,8.2,43.3,35.2,625.42,575.42,27,69,1,3.0,66.0,1.0
401415647,2022,9,regular,2022-10-29 19:30:00+00:00,Tulsa,SMU,34,45,False,True,0.421875,-10.0,150.8,-6.1,32.7,38.5,4.7,42.0,38.1,485.87,598.49,-11,79,0,1.0,63.5,1.0
401426360,2022,9,regular,2022-10-29 19:30:00+00:00,App State,Robert Morris,42,3,False,False,0.421875,195.0,-97.0,1.7,32.9,29.8,,,,456.66,21.85,39,45,1,-50.0,59.5,1.0
401405124,2022,9,regular,2022-10-29 19:30:00+00:00,Nebraska,Illinois,9,26,False,True,0.421875,20.799999999999997,441.8,-1.2,25.5,25.6,15.9,20.6,5.5,752.12,631.46,-17,35,0,7.5,50.5,1.0
401415644,2022,9,regular,2022-10-29 19:30:00+00:00,UCF,Cincinnati,25,21,False,True,0.421875,261.8,466.6,10.3,31.1,20.3,13.1,27.6,16.1,636.16,650.89,4,46,1,-1.5,55.5,1.0
401426597,2022,9,regular,2022-10-29 19:30:00+00:00,Western Kentucky,North Texas,13,40,False,True,0.421875,222.60000000000002,-13.400000000000006,1.7,31.3,30.1,-1.5,31.3,34.1,495.64,504.97,-27,53,0,-10.0,70.0,1.0
401409242,2022,9,regular,2022-10-29 19:30:00+00:00,Massachusetts,New Mexico State,13,23,False,True,0.421875,-355.2,-233.2,-30.3,7.5,36.4,-15.4,12.0,26.0,292.14,189.37,-10,36,0,1.0,39.0,1.0
401405122,2022,9,regular,2022-10-29 19:30:00+00:00,Iowa,Northwestern,33,13,False,True,0.421875,157.0,-148.0,12.7,16.0,5.1,-13.4,17.0,28.6,681.98,653.48,20,46,1,-11.5,37.5,1.0
401415646,2022,9,regular,2022-10-29 19:30:00+00:00,Navy,Temple,27,20,False,True,0.421875,-100.6,-158.4,-7.2,18.2,24.4,-12.9,16.3,28.6,0.0,505.48,7,47,1,-14.5,41.5,1.0
401403929,2022,9,regular,2022-10-29 20:00:00+00:00,South Carolina,Missouri,10,23,False,True,0.421875,494.0,159.8,12.7,36.0,25.2,8.1,26.0,18.3,762.63,715.36,-13,33,0,-3.5,45.5,1.0
401426363,2022,9,regular,2022-10-29 20:00:00+00:00,Arkansas State,South Alabama,3,31,False,True,0.421875,-141.60000000000002,271.8,-13.0,23.7,38.5,10.8,26.8,17.4,471.65,466.34,-28,34,0,9.0,52.0,1.0
401415246,2022,9,regular,2022-10-29 23:00:00+00:00,Boise State,Colorado State,49,10,False,True,0.421875,296.8,-144.0,5.7,24.1,18.5,-22.2,7.8,29.0,533.92,431.38,39,59,1,-25.0,42.5,1.0
401404022,2022,9,regular,2022-10-29 23:00:00+00:00,Arizona,USC,37,45,False,True,0.421875,100.60000000000001,559.0,-3.2,37.6,41.1,18.9,46.6,26.3,652.06,860.12,-8,82,0,14.0,74.0,1.0
401426362,2022,9,regular,2022-10-29 23:00:00+00:00,Marshall,Coastal Carolina,13,24,False,True,0.421875,206.60000000000002,347.8,3.0,15.7,11.4,0.6,32.7,30.6,455.3,446.58,-11,37,0,-2.5,54.0,1.0
401426595,2022,9,regular,2022-10-29 23:00:00+00:00,Florida Atlantic,UAB,24,17,False,True,0.421875,-63.60000000000001,170.6,-7.1,24.4,30.4,-0.5,25.7,25.3,550.51,443.8,7,41,1,4.5,45.0,1.0
401403930,2022,9,regular,2022-10-29 23:00:00+00:00,Tennessee,Kentucky,44,6,False,True,0.421875,710.0,454.0,25.2,47.3,22.6,13.0,23.2,9.9,764.8,737.33,38,50,1,-10.5,62.5,1.0
401405125,2022,9,regular,2022-10-29 23:30:00+00:00,Michigan,Michigan State,29,7,False,True,0.421875,636.0,138.0,32.0,38.0,7.6,1.2,31.9,29.7,847.24,693.91,22,36,1,-22.5,55.0,1.0
401404101,2022,9,regular,2022-10-29 23:30:00+00:00,Texas Tech,Baylor,17,45,False,True,0.421875,379.0,271.6,8.5,38.5,30.5,11.7,37.6,26.1,660.31,666.05,-28,62,0,-1.5,61.0,1.0
401403931,2022,9,regular,2022-10-29 23:30:00+00:00,Texas A&M,Ole Miss,28,31,False,True,0.421875,347.0,627.8,9.1,25.4,16.6,16.2,38.8,23.7,947.3,757.39,-3,59,0,3.0,55.5,1.0
401404023,2022,9,regular,2022-10-29 23:30:00+00:00,Colorado,Arizona State,34,42,False,True,0.421875,-142.4,51.0,-20.4,24.0,45.0,-4.1,30.5,35.7,616.28,670.18,-8,76,0,13.0,48.5,1.0
401411149,2022,9,regular,2022-10-30 00:00:00+00:00,North Carolina,Pittsburgh,42,24,False,True,0.421875,456.20000000000005,153.0,7.8,41.7,35.0,8.6,32.8,24.7,812.94,654.56,18,66,1,-2.5,65.5,1.0
401426596,2022,9,regular,2022-10-30 01:00:00+00:00,UTEP,Middle Tennessee,13,24,False,True,0.421875,5.0,11.599999999999994,-10.7,20.8,32.7,-6.9,25.6,33.3,289.39,425.43,-11,37,0,-2.5,52.0,1.0
401404025,2022,9,regular,2022-10-30 02:30:00+00:00,UCLA,Stanford,38,13,False,True,0.421875,573.0,232.0,15.0,45.7,30.1,-7.2,25.6,34.2,733.3,757.81,25,51,1,-16.5,64.5,1.0
401415248,2022,9,regular,2022-10-30 02:30:00+00:00,Fresno State,San Diego State,32,28,False,True,0.421875,77.8,135.8,3.3,27.1,24.4,-4.4,15.1,21.1,502.26,372.29,4,60,1,-10.5,44.5,1.0
401415249,2022,9,regular,2022-10-30 02:30:00+00:00,San José State,Nevada,35,28,False,True,0.421875,163.6,-295.2,-4.3,19.1,21.6,-22.4,15.9,37.8,417.95,416.44,7,63,1,-24.5,44.5,1.0
401415247,2022,9,regular,2022-10-30 03:59:00+00:00,Hawai'i,Wyoming,20,27,False,True,0.421875,-196.2,254.0,-24.7,15.8,39.4,-10.8,14.9,26.2,419.54,292.03,-7,47,0,11.5,50.5,1.0
401416632,2022,10,regular,2022-11-01 23:00:00+00:00,Kent State,Ball State,20,27,False,True,0.421875,96.8,-8.200000000000003,-13.1,25.6,37.9,-14.9,16.0,30.1,386.94,345.29,-7,47,0,-7.0,61.5,1.0
401416633,2022,10,regular,2022-11-01 23:30:00+00:00,Ohio,Buffalo,45,24,False,True,0.421875,134.8,182.8,-4.6,31.6,35.2,-9.2,25.0,35.0,365.74,370.96,21,69,1,2.5,61.0,1.0
401416634,2022,10,regular,2022-11-02 23:00:00+00:00,Northern Illinois,Central Michigan,22,35,False,True,0.421875,-136.4,-140.2,-18.8,25.3,43.1,-14.0,19.0,32.2,409.86,384.48,-13,57,0,-4.5,53.5,1.0
401416635,2022,10,regular,2022-11-02 23:00:00+00:00,Bowling Green,Western Michigan,13,9,False,True,0.421875,38.0,-82.2,-18.1,23.8,40.6,-17.3,11.2,27.3,415.08,449.89,4,22,1,-5.0,48.0,1.0
401426601,2022,10,regular,2022-11-03 23:00:00+00:00,Rice,UTEP,37,30,False,True,0.421875,89.8,-65.0,-15.2,23.1,36.9,-10.7,20.8,32.7,441.93,289.39,7,67,1,-3.5,47.0,1.0
401426364,2022,10,regular,2022-11-03 23:30:00+00:00,Coastal Carolina,App State,35,28,False,True,0.421875,456.6,255.0,0.6,32.7,30.6,1.7,32.9,29.8,446.58,456.66,7,63,1,3.0,65.5,1.0
401411151,2022,10,regular,2022-11-04 23:00:00+00:00,Boston College,Duke,31,38,False,True,0.421875,-114.0,192.60000000000002,-14.9,20.4,33.8,5.0,29.4,24.7,664.63,603.98,-7,69,0,11.5,47.5,1.0
401404155,2022,10,regular,2022-11-04 23:00:00+00:00,UConn,Massachusetts,27,10,False,False,0.421875,68.0,-460.2,-14.6,14.2,27.9,-30.3,7.5,36.4,239.17,292.14,17,37,1,-15.0,40.0,1.0
401404031,2022,10,regular,2022-11-05 02:30:00+00:00,Washington,Oregon State,24,21,False,True,0.421875,472.6,538.8,15.7,41.2,25.5,14.3,33.3,17.7,761.72,635.88,3,45,1,-4.5,53.5,1.0
401404141,2022,10,regular,2022-11-05 15:30:00+00:00,Army,Air Force,7,13,True,False,0.421875,5.799999999999997,114.0,-1.5,24.6,25.3,3.9,16.3,12.3,17.27,0.0,-6,20,0,7.0,40.5,1.0
401411156,2022,10,regular,2022-11-05 16:00:00+00:00,Virginia,North Carolina,28,31,False,True,0.421875,-30.400000000000006,576.2,-9.0,16.2,24.4,7.8,41.7,35.0,625.94,812.94,-3,59,0,7.5,61.5,1.0
401415649,2022,10,regular,2022-11-05 16:00:00+00:00,Tulsa,Tulane,13,27,False,True,0.421875,-80.0,538.8,-6.1,32.7,38.5,12.4,32.0,19.7,485.87,521.86,-14,40,0,6.5,56.0,1.0
401405129,2022,10,regular,2022-11-05 16:00:00+00:00,Northwestern,Ohio State,7,21,False,True,0.421875,-167.0,864.8,-13.4,17.0,28.6,31.1,45.1,15.7,653.48,983.14,-14,28,0,37.5,55.5,1.0
401405128,2022,10,regular,2022-11-05 16:00:00+00:00,Nebraska,Minnesota,13,20,False,True,0.421875,3.799999999999997,264.8,-1.2,25.5,25.6,16.0,23.5,8.6,752.12,649.43,-7,33,0,14.5,44.5,1.0
401403936,2022,10,regular,2022-11-05 16:00:00+00:00,Missouri,Kentucky,17,21,False,True,0.421875,297.8,481.0,8.1,26.0,18.3,13.0,23.2,9.9,715.36,737.33,-4,38,0,-1.0,40.0,1.0
401403937,2022,10,regular,2022-11-05 16:00:00+00:00,Texas A&M,Florida,24,41,False,True,0.421875,344.0,331.0,9.1,25.4,16.6,10.4,39.6,29.5,947.3,856.95,-17,65,0,-1.5,53.5,1.0
401405131,2022,10,regular,2022-11-05 16:00:00+00:00,Wisconsin,Maryland,23,10,False,True,0.421875,213.8,397.0,8.3,25.7,17.1,11.2,33.8,24.2,744.44,680.22,13,33,1,-5.0,47.5,1.0
401405130,2022,10,regular,2022-11-05 16:00:00+00:00,Purdue,Iowa,3,24,False,True,0.421875,332.6,217.0,7.7,31.6,22.4,12.7,16.0,5.1,646.08,681.98,-21,27,0,-3.5,39.5,1.0
401426598,2022,10,regular,2022-11-05 16:00:00+00:00,Charlotte,Western Kentucky,7,59,False,True,0.421875,-332.4,152.60000000000002,-16.4,24.0,39.2,1.7,31.3,30.1,487.24,495.64,-52,66,0,14.5,72.5,1.0
401404108,2022,10,regular,2022-11-05 16:00:00+00:00,TCU,Texas Tech,34,24,False,True,0.421875,869.6,344.0,24.3,43.3,20.2,8.5,38.5,30.5,712.05,660.31,10,58,1,-8.5,69.0,1.0
401411157,2022,10,regular,2022-11-05 16:30:00+00:00,Virginia Tech,Georgia Tech,27,28,False,True,0.421875,-148.2,155.0,-9.5,13.5,22.8,-11.8,18.8,29.5,640.85,715.48,-1,55,0,-4.0,40.5,1.0
401415648,2022,10,regular,2022-11-05 18:00:00+00:00,Temple,South Florida,54,28,False,True,0.421875,-225.4,-152.2,-12.9,16.3,28.6,-17.0,34.1,50.3,505.48,574.32,26,82,1,3.5,49.0,1.0
401426366,2022,10,regular,2022-11-05 18:00:00+00:00,Old Dominion,Marshall,0,12,False,True,0.421875,-92.6,136.60000000000002,-13.0,16.9,29.3,3.0,15.7,11.4,438.06,455.3,-12,12,0,3.5,46.5,1.0
401404104,2022,10,regular,2022-11-05 19:00:00+00:00,Oklahoma,Baylor,35,38,False,True,0.421875,392.6,380.40000000000003,15.4,40.8,26.5,11.7,37.6,26.1,870.34,666.05,-3,73,0,-3.0,61.5,1.0
401426369,2022,10,regular,2022-11-05 19:00:00+00:00,Southern Miss,Georgia State,14,42,False,True,0.421875,275.8,-22.39999999999999,-3.5,18.3,22.9,-3.3,33.7,38.3,478.97,471.84,-28,56,0,-2.0,48.0,1.0
401426600,2022,10,regular,2022-11-05 19:00:00+00:00,Louisiana Tech,Middle Tennessee,40,24,False,True,0.421875,-132.4,79.6,-17.8,29.6,47.0,-6.9,25.6,33.3,473.76,425.43,16,64,1,2.5,63.5,1.0
401411155,2022,10,regular,2022-11-05 19:30:00+00:00,Pittsburgh,Syracuse,19,9,False,True,0.421875,144.0,518.0,8.6,32.8,24.7,2.5,27.4,24.7,654.56,590.36,10,28,1,-3.5,47.5,1.0
401426602,2022,10,regular,2022-11-05 19:30:00+00:00,UAB,UTSA,38,44,False,True,0.421875,103.6,459.6,-0.5,25.7,25.3,7.2,39.3,32.6,443.8,515.76,-6,82,0,2.5,53.5,1.0
401405127,2022,10,regular,2022-11-05 19:30:00+00:00,Illinois,Michigan State,15,23,False,True,0.421875,550.6,163.0,15.9,20.6,5.5,1.2,31.9,29.7,631.46,693.91,-8,38,0,-16.0,41.0,1.0
401405132,2022,10,regular,2022-11-05 19:30:00+00:00,Indiana,Penn State,14,45,False,True,0.421875,80.8,573.6,-7.1,29.9,36.6,22.4,36.6,13.9,680.74,830.44,-31,59,0,13.5,50.0,1.0
401404106,2022,10,regular,2022-11-05 19:30:00+00:00,Kansas,Oklahoma State,37,16,False,True,0.421875,392.6,586.0,2.9,40.6,36.0,11.3,37.6,27.9,574.29,670.53,21,53,1,-3.0,60.5,1.0
401403933,2022,10,regular,2022-11-05 19:30:00+00:00,Georgia,Tennessee,27,13,False,True,0.421875,945.8,844.0,35.3,37.2,3.7,25.2,47.3,22.6,989.76,764.8,14,40,1,-10.0,65.5,1.0
401404030,2022,10,regular,2022-11-05 19:30:00+00:00,Colorado,Oregon,10,49,False,True,0.421875,-192.4,789.6,-20.4,24.0,45.0,18.9,44.9,26.5,616.28,877.93,-39,59,0,31.0,62.5,1.0
401404032,2022,10,regular,2022-11-05 19:30:00+00:00,Stanford,Washington State,14,52,False,True,0.421875,241.0,334.0,-7.2,25.6,34.2,9.5,25.1,16.7,757.81,570.94,-38,66,0,3.0,48.5,1.0
401404105,2022,10,regular,2022-11-05 19:30:00+00:00,Iowa State,West Virginia,31,14,False,True,0.421875,178.8,93.8,5.3,17.7,10.6,2.4,36.3,34.5,590.43,662.57,17,45,1,-6.5,49.5,1.0
401415651,2022,10,regular,2022-11-05 19:30:00+00:00,Memphis,UCF,28,35,False,True,0.421875,160.8,373.8,6.8,37.0,31.8,10.3,31.1,20.3,533.26,636.16,-7,63,0,3.0,60.5,1.0
401415252,2022,10,regular,2022-11-05 19:30:00+00:00,Utah State,New Mexico,27,10,False,True,0.421875,-83.0,-338.0,-13.3,25.4,38.5,-26.9,6.0,31.9,371.37,312.79,17,37,1,-14.5,42.5,1.0
401415650,2022,10,regular,2022-11-05 20:00:00+00:00,Cincinnati,Navy,20,10,False,True,0.421875,457.6,-50.599999999999994,13.1,27.6,16.1,-7.2,18.2,24.4,650.89,0.0,10,30,1,-18.5,43.5,1.0
401426599,2022,10,regular,2022-11-05 20:00:00+00:00,North Texas,Florida International,52,14,False,True,0.421875,95.4,-93.2,-1.5,31.3,34.1,-25.5,18.4,42.3,504.97,459.71,38,66,1,-21.5,63.0,1.0
401403932,2022,10,regular,2022-11-05 20:00:00+00:00,Arkansas,Liberty,19,21,False,False,0.421875,487.6,509.8,12.0,38.3,26.3,-1.5,24.1,25.4,741.06,161.88,-2,40,0,-14.5,61.5,1.0
401426365,2022,10,regular,2022-11-05 20:00:00+00:00,Georgia Southern,South Alabama,31,38,False,True,0.421875,241.2,339.8,-6.4,34.3,40.3,10.8,26.8,17.4,414.14,466.34,-7,69,0,3.5,60.5,1.0
401426368,2022,10,regular,2022-11-05 21:00:00+00:00,UL Monroe,Texas State,31,30,False,True,0.421875,-63.2,-26.400000000000006,-15.7,23.2,39.0,-11.5,17.4,29.5,348.53,464.66,1,61,1,-2.5,52.5,1.0
401426367,2022,10,regular,2022-11-05 21:00:00+00:00,Louisiana,Troy,17,23,False,True,0.421875,42.60000000000001,448.6,2.0,21.7,20.3,8.1,17.7,11.2,458.15,464.3,-6,40,0,3.5,42.5,1.0
401415250,2022,10,regular,2022-11-05 23:00:00+00:00,Boise State,BYU,28,31,False,False,0.421875,356.8,137.8,5.7,24.1,18.5,-1.4,34.3,34.8,533.92,415.19,-3,59,0,-9.5,54.5,1.0
401415254,2022,10,regular,2022-11-05 23:00:00+00:00,San Diego State,UNLV,14,10,False,True,0.421875,98.6,100.6,-4.4,15.1,21.1,-11.9,20.8,34.1,372.29,368.29,4,24,1,-5.0,47.0,1.0
401403934,2022,10,regular,2022-11-05 23:00:00+00:00,LSU,Alabama,32,31,False,True,0.421875,602.8,735.0,16.2,34.2,17.6,30.3,42.9,14.2,872.61,1016.79,1,63,1,13.5,56.5,1.0
401404107,2022,10,regular,2022-11-05 23:00:00+00:00,Kansas State,Texas,27,34,False,True,0.421875,630.8,520.8,21.4,36.4,15.7,23.1,38.1,15.6,584.68,887.45,-7,61,0,3.0,54.5,1.0
401415652,2022,10,regular,2022-11-05 23:00:00+00:00,SMU,Houston,77,63,False,True,0.421875,259.6,231.40000000000003,4.7,42.0,38.1,4.5,42.5,37.7,598.49,629.12,14,140,1,-3.5,66.0,1.0
401403935,2022,10,regular,2022-11-05 23:30:00+00:00,Mississippi State,Auburn,39,33,False,True,0.421875,513.8,177.0,15.4,35.1,19.9,5.1,32.6,27.9,725.55,783.87,6,72,1,-12.5,50.5,1.0
401404027,2022,10,regular,2022-11-05 23:30:00+00:00,Utah,Arizona,45,20,False,True,0.421875,626.8,107.60000000000001,19.2,37.3,17.3,-3.2,37.6,41.1,705.12,652.06,25,65,1,-17.5,67.5,1.0
401404130,2022,10,regular,2022-11-05 23:30:00+00:00,Notre Dame,Clemson,35,14,False,False,0.421875,488.8,796.0,10.3,30.5,21.4,17.6,34.9,18.5,866.48,943.0,21,49,1,3.5,43.5,1.0
401405133,2022,10,regular,2022-11-05 23:30:00+00:00,Rutgers,Michigan,17,52,False,True,0.421875,149.0,732.0,-9.1,16.4,25.2,32.0,38.0,7.6,631.47,847.24,-35,69,0,26.5,45.0,1.0
401411152,2022,10,regular,2022-11-05 23:30:00+00:00,Louisville,James Madison,34,10,False,False,0.421875,366.8,269.6,9.0,27.0,19.1,6.5,31.3,23.6,625.42,104.24,24,44,1,-6.5,53.5,1.0
401403938,2022,10,regular,2022-11-05 23:30:00+00:00,Vanderbilt,South Carolina,27,38,False,True,0.421875,188.8,424.0,-4.7,29.9,33.4,12.7,36.0,25.2,629.76,762.63,-11,65,0,6.5,49.0,1.0
401411153,2022,10,regular,2022-11-05 23:30:00+00:00,Miami,Florida State,3,45,False,True,0.421875,77.0,453.0,-2.7,24.4,28.9,13.2,34.8,20.4,854.72,780.76,-42,48,0,6.5,54.0,1.0
401411154,2022,10,regular,2022-11-06 00:00:00+00:00,NC State,Wake Forest,30,21,False,True,0.421875,478.8,544.8,6.8,20.4,15.3,8.2,43.3,35.2,686.19,575.42,9,51,1,3.0,54.0,1.0
401404028,2022,10,regular,2022-11-06 02:30:00+00:00,Arizona State,UCLA,36,50,False,True,0.421875,109.0,633.0,-4.1,30.5,35.7,15.0,45.7,30.1,670.18,733.3,-14,86,0,11.0,67.0,1.0
401404029,2022,10,regular,2022-11-06 02:30:00+00:00,USC,California,41,35,False,True,0.421875,651.8,87.0,18.9,46.6,26.3,-3.0,23.2,25.9,860.12,653.31,6,76,1,-21.0,61.0,1.0
401415251,2022,10,regular,2022-11-06 02:30:00+00:00,San José State,Colorado State,28,16,False,True,0.421875,213.6,-201.2,-4.3,19.1,21.6,-22.2,7.8,29.0,417.95,431.38,12,44,1,-24.0,44.5,1.0
401415253,2022,10,regular,2022-11-06 02:30:00+00:00,Fresno State,Hawai'i,55,13,False,True,0.421875,157.8,-271.2,3.3,27.1,24.4,-24.7,15.8,39.4,502.26,419.54,42,68,1,-27.5,62.0,1.0
401416637,2022,11,regular,2022-11-09 00:00:00+00:00,Akron,Eastern Michigan,28,34,False,True,0.421875,-358.4,1.6000000000000085,-23.4,16.7,38.5,-7.1,24.0,32.4,456.15,404.1,-6,62,0,6.5,57.5,1.0
401416638,2022,11,regular,2022-11-09 00:30:00+00:00,Miami (OH),Ohio,21,37,False,True,0.421875,-15.0,194.8,-12.7,8.6,22.1,-4.6,31.6,35.2,397.26,365.74,-16,58,0,2.5,52.0,1.0
401416636,2022,11,regular,2022-11-09 01:00:00+00:00,Toledo,Ball State,28,21,False,True,0.421875,288.8,49.8,-3.7,25.7,27.9,-14.9,16.0,30.1,498.98,345.29,7,49,1,-13.5,53.5,1.0
401416640,2022,11,regular,2022-11-10 00:00:00+00:00,Central Michigan,Buffalo,31,27,False,True,0.421875,-72.2,125.6,-14.0,19.0,32.2,-9.2,25.0,35.0,384.48,370.96,4,58,1,-2.5,54.0,1.0
401416641,2022,11,regular,2022-11-10 00:00:00+00:00,Bowling Green,Kent State,6,40,False,True,0.421875,88.0,21.799999999999997,-18.1,23.8,40.6,-13.1,25.6,37.9,415.08,386.94,-34,46,0,2.5,55.5,1.0
401416639,2022,11,regular,2022-11-10 00:00:00+00:00,Western Michigan,Northern Illinois,21,24,False,True,0.421875,-149.2,-241.4,-17.3,11.2,27.3,-18.8,25.3,43.1,449.89,409.86,-3,45,0,1.0,49.0,1.0
401426370,2022,11,regular,2022-11-11 00:30:00+00:00,Louisiana,Georgia Southern,36,17,False,True,0.421875,-7.3999999999999915,216.2,2.0,21.7,20.3,-6.4,34.3,40.3,458.15,414.14,19,53,1,-3.5,63.0,1.0
401415653,2022,11,regular,2022-11-11 00:30:00+00:00,Memphis,Tulsa,26,10,False,True,0.421875,137.8,-101.0,6.8,37.0,31.8,-6.1,32.7,38.5,533.26,485.87,16,36,1,-6.5,62.5,1.0
401415654,2022,11,regular,2022-11-12 01:00:00+00:00,Cincinnati,East Carolina,27,25,False,True,0.421875,517.6,409.8,13.1,27.6,16.1,1.1,31.5,28.7,650.89,494.82,2,52,1,-4.5,51.5,1.0
401404033,2022,11,regular,2022-11-12 02:30:00+00:00,USC,Colorado,55,17,False,True,0.421875,731.8,-191.4,18.9,46.6,26.3,-20.4,24.0,45.0,860.12,616.28,38,72,1,-34.5,66.0,1.0
401415259,2022,11,regular,2022-11-12 03:30:00+00:00,UNLV,Fresno State,30,37,False,True,0.421875,63.39999999999999,217.8,-11.9,20.8,34.1,3.3,27.1,24.4,368.29,502.26,-7,67,0,8.5,62.0,1.0
401411159,2022,11,regular,2022-11-12 17:00:00+00:00,Duke,Virginia Tech,24,7,False,True,0.421875,250.60000000000002,-223.2,5.0,29.4,24.7,-9.5,13.5,22.8,603.98,640.85,17,31,1,-10.0,49.5,1.0
401411163,2022,11,regular,2022-11-12 17:00:00+00:00,Virginia,Pittsburgh,7,37,False,True,0.421875,-37.400000000000006,272.0,-9.0,16.2,24.4,8.6,32.8,24.7,625.94,654.56,-30,44,0,5.5,41.5,1.0
401405139,2022,11,regular,2022-11-12 17:00:00+00:00,Ohio State,Indiana,56,14,False,True,0.421875,932.8,65.8,31.1,45.1,15.7,-7.1,29.9,36.6,983.14,680.74,42,70,1,-40.5,62.0,1.0
401405138,2022,11,regular,2022-11-12 17:00:00+00:00,Michigan State,Rutgers,27,21,False,True,0.421875,303.0,158.0,1.2,31.9,29.7,-9.1,16.4,25.2,693.91,631.47,6,48,1,-10.0,41.0,1.0
401404131,2022,11,regular,2022-11-12 17:00:00+00:00,Navy,Notre Dame,32,35,True,False,0.421875,-69.6,650.8,-7.2,18.2,24.4,10.3,30.5,21.4,0.0,866.48,-3,67,0,17.0,40.5,1.0
401403939,2022,11,regular,2022-11-12 17:00:00+00:00,Arkansas,LSU,10,13,False,True,0.421875,468.6,742.8,12.0,38.3,26.3,16.2,34.2,17.6,741.06,872.61,-3,23,0,3.5,59.0,1.0
401405134,2022,11,regular,2022-11-12 17:00:00+00:00,Illinois,Purdue,24,31,False,True,0.421875,500.6,297.6,15.9,20.6,5.5,7.7,31.6,22.4,631.46,646.08,-7,55,0,-6.0,44.0,1.0
401404156,2022,11,regular,2022-11-12 17:00:00+00:00,UConn,Liberty,36,33,False,False,0.421875,128.0,625.8,-14.6,14.2,27.9,-1.5,24.1,25.4,239.17,161.88,3,69,1,13.5,45.0,1.0
401403942,2022,11,regular,2022-11-12 17:00:00+00:00,Kentucky,Vanderbilt,21,24,False,True,0.421875,573.8,153.8,13.0,23.2,9.9,-4.7,29.9,33.4,737.33,629.76,-3,45,0,-17.0,45.5,1.0
401404112,2022,11,regular,2022-11-12 17:00:00+00:00,West Virginia,Oklahoma,23,20,False,True,0.421875,36.599999999999994,367.6,2.4,36.3,34.5,15.4,40.8,26.5,662.57,870.34,3,43,1,8.5,68.5,1.0
401415656,2022,11,regular,2022-11-12 17:00:00+00:00,South Florida,SMU,23,41,False,True,0.421875,-249.2,355.6,-17.0,34.1,50.3,4.7,42.0,38.1,574.32,598.49,-18,64,0,17.5,72.5,1.0
401403945,2022,11,regular,2022-11-12 17:00:00+00:00,Tennessee,Missouri,66,24,False,True,0.421875,875.0,272.8,25.2,47.3,22.6,8.1,26.0,18.3,764.8,715.36,42,90,1,-19.5,57.5,1.0
401426374,2022,11,regular,2022-11-12 18:00:00+00:00,Old Dominion,James Madison,3,37,False,True,0.421875,-162.6,250.60000000000002,-13.0,16.9,29.3,6.5,31.3,23.6,438.06,104.24,-34,40,0,7.5,48.0,1.0
401426372,2022,11,regular,2022-11-12 18:00:00+00:00,Georgia State,UL Monroe,28,31,False,True,0.421875,86.40000000000002,-13.200000000000003,-3.3,33.7,38.3,-15.7,23.2,39.0,471.84,348.53,-3,59,0,-13.5,59.5,1.0
401426607,2022,11,regular,2022-11-12 19:00:00+00:00,Western Kentucky,Rice,45,10,False,True,0.421875,220.60000000000002,139.8,1.7,31.3,30.1,-15.2,23.1,36.9,495.64,441.93,35,55,1,-13.5,61.0,1.0
401409241,2022,11,regular,2022-11-12 19:00:00+00:00,New Mexico State,Lamar,51,14,False,False,0.421875,-165.2,-57.2,-15.4,12.0,26.0,,,,189.37,23.88,37,65,1,-22.0,48.5,1.0
401415655,2022,11,regular,2022-11-12 20:00:00+00:00,Houston,Temple,43,36,False,True,0.421875,174.20000000000002,-165.4,4.5,42.5,37.7,-12.9,16.3,28.6,629.12,505.48,7,79,1,-20.0,56.0,1.0
401414784,2022,11,regular,2022-11-12 20:00:00+00:00,Arkansas State,Massachusetts,35,33,False,False,0.421875,-176.60000000000002,-557.2,-13.0,23.7,38.5,-30.3,7.5,36.4,471.65,292.14,2,68,1,-17.5,49.5,1.0
401411158,2022,11,regular,2022-11-12 20:30:00+00:00,Clemson,Louisville,31,16,False,True,0.421875,777.0,462.8,17.6,34.9,18.5,9.0,27.0,19.1,943.0,625.42,15,47,1,-7.0,52.0,1.0
401405136,2022,11,regular,2022-11-12 20:30:00+00:00,Minnesota,Northwestern,31,3,False,True,0.421875,357.6,-154.0,16.0,23.5,8.6,-13.4,17.0,28.6,649.43,653.48,28,34,1,-17.0,41.0,1.0
401405135,2022,11,regular,2022-11-12 20:30:00+00:00,Iowa,Wisconsin,24,10,False,True,0.421875,325.8,333.8,12.7,16.0,5.1,8.3,25.7,17.1,681.98,744.44,14,34,1,1.5,35.5,1.0
401405137,2022,11,regular,2022-11-12 20:30:00+00:00,Michigan,Nebraska,34,3,False,True,0.421875,800.0,-21.200000000000003,32.0,38.0,7.6,-1.2,25.5,25.6,847.24,752.12,31,37,1,-30.5,49.5,1.0
401404110,2022,11,regular,2022-11-12 20:30:00+00:00,Oklahoma State,Iowa State,20,14,False,True,0.421875,528.8,274.8,11.3,37.6,27.9,5.3,17.7,10.6,670.53,590.43,6,34,1,2.5,47.5,1.0
401404035,2022,11,regular,2022-11-12 20:30:00+00:00,Washington State,Arizona State,28,18,False,True,0.421875,402.0,106.0,9.5,25.1,16.7,-4.1,30.5,35.7,570.94,670.18,10,46,1,-9.5,59.5,1.0
401403943,2022,11,regular,2022-11-12 20:30:00+00:00,Ole Miss,Alabama,24,30,False,True,0.421875,743.8,748.0,16.2,38.8,23.7,30.3,42.9,14.2,757.39,1016.79,-6,54,0,11.0,65.5,1.0
401411160,2022,11,regular,2022-11-12 20:30:00+00:00,Georgia Tech,Miami,14,35,False,True,0.421875,213.0,42.0,-11.8,18.8,29.5,-2.7,24.4,28.9,715.48,854.72,-21,49,0,-2.0,43.5,1.0
401426605,2022,11,regular,2022-11-12 20:30:00+00:00,UTSA,Louisiana Tech,51,7,False,True,0.421875,552.4000000000001,-36.400000000000006,7.2,39.3,32.6,-17.8,29.6,47.0,515.76,473.76,44,58,1,-17.5,68.5,1.0
401405140,2022,11,regular,2022-11-12 20:30:00+00:00,Penn State,Maryland,30,0,False,True,0.421875,641.6,339.8,22.4,36.6,13.9,11.2,33.8,24.2,830.44,680.22,30,30,1,-10.5,56.5,1.0
401404142,2022,11,regular,2022-11-12 20:30:00+00:00,Troy,Army,10,9,False,False,0.421875,541.4,-44.2,8.1,17.7,11.2,-1.5,24.6,25.3,464.3,17.27,1,19,1,-8.5,45.5,1.0
401426373,2022,11,regular,2022-11-12 20:30:00+00:00,Marshall,App State,28,21,False,True,0.421875,204.60000000000002,217.8,3.0,15.7,11.4,1.7,32.9,29.8,455.3,456.66,7,49,1,2.0,47.5,1.0
401411161,2022,11,regular,2022-11-12 20:30:00+00:00,NC State,Boston College,20,21,False,True,0.421875,590.8,-164.0,6.8,20.4,15.3,-14.9,20.4,33.8,686.19,664.63,-1,41,0,-18.0,41.0,1.0
401415256,2022,11,regular,2022-11-12 20:30:00+00:00,Air Force,New Mexico,35,3,False,True,0.421875,234.0,-435.0,3.9,16.3,12.3,-26.9,6.0,31.9,0.0,312.79,32,38,1,-21.0,37.0,1.0
401415657,2022,11,regular,2022-11-12 20:30:00+00:00,Tulane,UCF,31,38,False,True,0.421875,647.6,466.6,12.4,32.0,19.7,10.3,31.1,20.3,521.86,636.16,-7,69,0,-1.0,54.5,1.0
401426603,2022,11,regular,2022-11-12 20:30:00+00:00,Middle Tennessee,Charlotte,24,14,False,True,0.421875,-17.400000000000006,-402.4,-6.9,25.6,33.3,-16.4,24.0,39.2,425.43,487.24,10,38,1,-10.0,67.0,1.0
401426606,2022,11,regular,2022-11-12 20:30:00+00:00,UAB,North Texas,41,21,False,True,0.421875,53.599999999999994,155.4,-0.5,25.7,25.3,-1.5,31.3,34.1,443.8,504.97,20,62,1,-6.5,58.0,1.0
401403941,2022,11,regular,2022-11-12 21:00:00+00:00,Florida,South Carolina,38,6,False,True,0.421875,467.0,532.8,10.4,39.6,29.5,12.7,36.0,25.2,856.95,762.63,32,44,1,-8.0,58.0,1.0
401426375,2022,11,regular,2022-11-12 22:00:00+00:00,South Alabama,Texas State,38,21,False,True,0.421875,432.6,-93.4,10.8,26.8,17.4,-11.5,17.4,29.5,466.34,464.66,17,59,1,-16.5,46.0,1.0
401404037,2022,11,regular,2022-11-13 00:00:00+00:00,Oregon,Washington,34,37,False,True,0.421875,857.6,576.6,18.9,44.9,26.5,15.7,41.2,25.5,877.93,761.72,-3,71,0,-12.0,74.0,1.0
401426604,2022,11,regular,2022-11-13 00:00:00+00:00,Florida International,Florida Atlantic,7,52,False,True,0.421875,-150.4,16.39999999999999,-25.5,18.4,42.3,-7.1,24.4,30.4,459.71,550.51,-45,59,0,15.5,54.5,1.0
401403944,2022,11,regular,2022-11-13 00:00:00+00:00,Mississippi State,Georgia,19,45,False,True,0.421875,593.8,1113.8,15.4,35.1,19.9,35.3,37.2,3.7,725.55,989.76,-26,64,0,16.5,53.0,1.0
401415258,2022,11,regular,2022-11-13 00:00:00+00:00,Colorado State,Wyoming,13,14,False,True,0.421875,-258.4,312.0,-22.2,7.8,29.0,-10.8,14.9,26.2,431.38,292.03,-1,27,0,8.5,42.5,1.0
401404109,2022,11,regular,2022-11-13 00:00:00+00:00,Baylor,Kansas State,3,31,False,True,0.421875,496.40000000000003,605.8,11.7,37.6,26.1,21.4,36.4,15.7,666.05,584.68,-28,34,0,-2.5,52.5,1.0
401404111,2022,11,regular,2022-11-13 00:00:00+00:00,Texas Tech,Kansas,43,28,False,True,0.421875,363.0,528.6,8.5,38.5,30.5,2.9,40.6,36.0,660.31,574.29,15,71,1,-3.5,63.5,1.0
401404113,2022,11,regular,2022-11-13 00:30:00+00:00,Texas,TCU,10,17,False,True,0.421875,662.8,965.6,23.1,38.1,15.6,24.3,43.3,20.2,887.45,712.05,-7,27,0,-7.5,66.0,1.0
401411164,2022,11,regular,2022-11-13 00:30:00+00:00,Wake Forest,North Carolina,34,36,False,True,0.421875,545.8,634.2,8.2,43.3,35.2,7.8,41.7,35.0,575.42,812.94,-2,70,0,-4.5,79.0,1.0
401403940,2022,11,regular,2022-11-13 00:30:00+00:00,Auburn,Texas A&M,13,10,False,True,0.421875,168.0,309.0,5.1,32.6,27.9,9.1,25.4,16.6,783.87,947.3,3,23,1,-1.5,48.5,1.0
401426371,2022,11,regular,2022-11-13 00:30:00+00:00,Coastal Carolina,Southern Miss,26,23,False,True,0.421875,536.6,205.8,0.6,32.7,30.6,-3.5,18.3,22.9,446.58,478.97,3,49,1,-5.0,48.0,1.0
401411162,2022,11,regular,2022-11-13 01:00:00+00:00,Syracuse,Florida State,3,38,False,True,0.421875,499.0,561.8,2.5,27.4,24.7,13.2,34.8,20.4,590.36,780.76,-35,41,0,7.0,51.0,1.0
401404036,2022,11,regular,2022-11-13 02:00:00+00:00,Oregon State,California,38,10,False,True,0.421875,529.8,112.0,14.3,33.3,17.7,-3.0,23.2,25.9,635.88,653.31,28,48,1,-11.5,47.0,1.0
401404038,2022,11,regular,2022-11-13 03:00:00+00:00,Utah,Stanford,42,7,False,True,0.421875,722.8,206.0,19.2,37.3,17.3,-7.2,25.6,34.2,705.12,757.81,35,49,1,-24.0,54.0,1.0
401404034,2022,11,regular,2022-11-13 03:30:00+00:00,UCLA,Arizona,28,34,False,True,0.421875,741.8,116.60000000000001,15.0,45.7,30.1,-3.2,37.6,41.1,733.3,652.06,-6,62,0,-20.0,77.5,1.0
401415260,2022,11,regular,2022-11-13 03:30:00+00:00,San Diego State,San José State,43,27,False,True,0.421875,148.6,273.6,-4.4,15.1,21.1,-4.3,19.1,21.6,372.29,417.95,16,70,1,2.0,41.5,1.0
401415255,2022,11,regular,2022-11-13 03:30:00+00:00,Nevada,Boise State,3,41,False,True,0.421875,-332.4,306.8,-22.4,15.9,37.8,5.7,24.1,18.5,416.44,533.92,-38,44,0,21.0,47.5,1.0
401415257,2022,11,regular,2022-11-13 04:00:00+00:00,Hawai'i,Utah State,34,41,False,True,0.421875,-328.4,-23.0,-24.7,15.8,39.4,-13.3,25.4,38.5,419.54,371.37,-7,75,0,10.5,55.0,1.0
401416643,2022,12,regular,2022-11-16 00:00:00+00:00,Ball State,Ohio,18,32,False,True,0.421875,12.599999999999994,262.8,-14.9,16.0,30.1,-4.6,31.6,35.2,345.29,365.74,-14,50,0,3.5,57.5,1.0
401416642,2022,12,regular,2022-11-16 00:00:00+00:00,Toledo,Bowling Green,35,42,False,True,0.421875,338.8,-17.0,-3.7,25.7,27.9,-18.1,23.8,40.6,498.98,415.08,-7,77,0,-14.5,46.5,1.0
401416644,2022,12,regular,2022-11-16 23:00:00+00:00,Kent State,Eastern Michigan,24,31,False,True,0.421875,89.8,59.60000000000001,-13.1,25.6,37.9,-7.1,24.0,32.4,386.94,404.1,-7,55,0,-7.5,60.0,1.0
401416646,2022,12,regular,2022-11-17 00:00:00+00:00,Northern Illinois,Miami (OH),23,29,False,True,0.421875,-183.4,-85.0,-18.8,25.3,43.1,-12.7,8.6,22.1,409.86,397.26,-6,52,0,-1.0,44.0,1.0
401416645,2022,12,regular,2022-11-17 01:00:00+00:00,Central Michigan,Western Michigan,10,12,False,True,0.421875,-22.200000000000003,-224.2,-14.0,19.0,32.2,-17.3,11.2,27.3,384.48,449.89,-2,22,0,-10.0,48.5,1.0
401415658,2022,12,regular,2022-11-18 00:30:00+00:00,Tulane,SMU,59,24,False,True,0.421875,630.6,423.6,12.4,32.0,19.7,4.7,42.0,38.1,521.86,598.49,35,83,1,-3.5,65.0,1.0
401415659,2022,12,regular,2022-11-19 02:00:00+00:00,Tulsa,South Florida,48,42,False,True,0.421875,-158.2,-319.2,-6.1,32.7,38.5,-17.0,34.1,50.3,485.87,574.32,6,90,1,-13.5,57.5,1.0
401415264,2022,12,regular,2022-11-19 02:45:00+00:00,New Mexico,San Diego State,10,34,False,True,0.421875,-492.2,244.6,-26.9,6.0,31.9,-4.4,15.1,21.1,312.79,372.29,-24,44,0,14.5,36.0,1.0
401415661,2022,12,regular,2022-11-19 16:00:00+00:00,UCF,Navy,14,17,False,True,0.421875,602.6,-76.6,10.3,31.1,20.3,-7.2,18.2,24.4,636.16,0.0,-3,31,0,-15.5,53.0,1.0
401405146,2022,12,regular,2022-11-19 17:00:00+00:00,Michigan State,Indiana,31,39,False,True,0.421875,353.0,94.8,1.2,31.9,29.7,-7.1,29.9,36.6,693.91,680.74,-8,70,0,-12.0,47.5,1.0
401403951,2022,12,regular,2022-11-19 17:00:00+00:00,Mississippi State,East Tennessee State,56,7,False,False,0.421875,608.8,0.0,15.4,35.1,19.9,,,,725.55,74.98,49,63,1,-39.0,62.5,1.0
401403946,2022,12,regular,2022-11-19 17:00:00+00:00,Alabama,Austin Peay,34,0,False,False,0.421875,894.0,-57.2,30.3,42.9,14.2,,,,1016.79,121.11,34,34,1,-45.0,58.0,1.0
401411169,2022,12,regular,2022-11-19 17:00:00+00:00,Pittsburgh,Duke,28,26,False,True,0.421875,340.0,310.6,8.6,32.8,24.7,5.0,29.4,24.7,654.56,603.98,2,54,1,-7.0,49.0,1.0
401405145,2022,12,regular,2022-11-19 17:00:00+00:00,Michigan,Illinois,19,17,False,True,0.421875,896.0,450.6,32.0,38.0,7.6,15.9,20.6,5.5,847.24,631.46,2,36,1,-17.0,41.5,1.0
401405143,2022,12,regular,2022-11-19 17:00:00+00:00,Purdue,Northwestern,17,9,False,True,0.421875,423.6,-173.0,7.7,31.6,22.4,-13.4,17.0,28.6,646.08,653.48,8,26,1,-17.5,44.5,1.0
401403954,2022,12,regular,2022-11-19 17:00:00+00:00,Texas A&M,Massachusetts,20,3,False,False,0.421875,271.8,-624.2,9.1,25.4,16.6,-30.3,7.5,36.4,947.3,292.14,17,23,1,-32.0,46.0,1.0
401404143,2022,12,regular,2022-11-19 17:00:00+00:00,Army,UConn,34,17,False,False,0.421875,-81.4,242.0,-1.5,24.6,25.3,-14.6,14.2,27.9,17.27,239.17,17,51,1,-10.5,45.0,1.0
401404114,2022,12,regular,2022-11-19 17:00:00+00:00,Baylor,TCU,28,29,False,True,0.421875,467.40000000000003,1097.6,11.7,37.6,26.1,24.3,43.3,20.2,666.05,712.05,-1,57,0,2.0,58.0,1.0
401403955,2022,12,regular,2022-11-19 17:00:00+00:00,Vanderbilt,Florida,31,24,False,True,0.421875,269.8,587.0,-4.7,29.9,33.4,10.4,39.6,29.5,629.76,856.95,7,55,1,14.0,58.0,1.0
401405142,2022,12,regular,2022-11-19 17:00:00+00:00,Nebraska,Wisconsin,14,15,False,True,0.421875,5.799999999999997,314.8,-1.2,25.5,25.6,8.3,25.7,17.1,752.12,744.44,-1,29,0,10.0,40.5,1.0
401411166,2022,12,regular,2022-11-19 17:00:00+00:00,Florida State,Louisiana,49,17,False,False,0.421875,670.6,88.60000000000001,13.2,34.8,20.4,2.0,21.7,20.3,780.76,458.15,32,66,1,-25.0,52.5,1.0
401404165,2022,12,regular,2022-11-19 17:00:00+00:00,Liberty,Virginia Tech,22,23,False,False,0.421875,558.8,-280.4,-1.5,24.1,25.4,-9.5,13.5,22.8,161.88,640.85,-1,45,0,-10.5,46.5,1.0
401426611,2022,12,regular,2022-11-19 18:00:00+00:00,Rice,UTSA,7,41,False,True,0.421875,82.6,612.4000000000001,-15.2,23.1,36.9,7.2,39.3,32.6,441.93,515.76,-34,48,0,14.0,56.0,1.0
401404117,2022,12,regular,2022-11-19 19:00:00+00:00,West Virginia,Kansas State,31,48,False,True,0.421875,136.6,741.8,2.4,36.3,34.5,21.4,36.4,15.7,662.57,584.68,-17,79,0,8.0,54.5,1.0
401404039,2022,12,regular,2022-11-19 19:00:00+00:00,Arizona,Washington State,20,31,False,True,0.421875,266.6,498.0,-3.2,37.6,41.1,9.5,25.1,16.7,652.06,570.94,-11,51,0,4.0,63.0,1.0
401415660,2022,12,regular,2022-11-19 19:00:00+00:00,East Carolina,Houston,3,42,False,True,0.421875,400.8,224.20000000000002,1.1,31.5,28.7,4.5,42.5,37.7,494.82,629.12,-39,45,0,-6.0,66.5,1.0
401426378,2022,12,regular,2022-11-19 19:00:00+00:00,James Madison,Georgia State,42,40,False,True,0.421875,318.6,11.40000000000002,6.5,31.3,23.6,-3.3,33.7,38.3,104.24,471.84,2,82,1,-10.0,52.0,1.0
401415662,2022,12,regular,2022-11-19 19:00:00+00:00,Memphis,North Alabama,59,0,False,False,0.421875,233.8,0.0,6.8,37.0,31.8,,,,533.26,107.8,59,59,1,-36.0,67.5,1.0
401404040,2022,12,regular,2022-11-19 19:15:00+00:00,Arizona State,Oregon State,7,31,False,True,0.421875,87.0,625.8,-4.1,30.5,35.7,14.3,33.3,17.7,670.18,635.88,-24,38,0,7.5,53.5,1.0
401426376,2022,12,regular,2022-11-19 19:30:00+00:00,App State,Old Dominion,27,14,False,True,0.421875,180.6,-232.6,1.7,32.9,29.8,-13.0,16.9,29.3,456.66,438.06,13,41,1,-16.0,50.5,1.0
401404132,2022,12,regular,2022-11-19 19:30:00+00:00,Notre Dame,Boston College,44,0,False,False,0.421875,725.8,-30.0,10.3,30.5,21.4,-14.9,20.4,33.8,866.48,664.63,44,44,1,-20.0,42.0,1.0
401411165,2022,12,regular,2022-11-19 20:30:00+00:00,Clemson,Miami,40,10,False,True,0.421875,897.0,110.0,17.6,34.9,18.5,-2.7,24.4,28.9,943.0,854.72,30,50,1,-19.0,47.5,1.0
401403949,2022,12,regular,2022-11-19 20:30:00+00:00,Kentucky,Georgia,6,16,False,True,0.421875,523.8,1249.8,13.0,23.2,9.9,35.3,37.2,3.7,737.33,989.76,-10,22,0,22.5,47.5,1.0
401426610,2022,12,regular,2022-11-19 20:30:00+00:00,Middle Tennessee,Florida Atlantic,49,21,False,True,0.421875,42.599999999999994,84.39999999999999,-6.9,25.6,33.3,-7.1,24.4,30.4,425.43,550.51,28,70,1,5.5,51.0,1.0
401426381,2022,12,regular,2022-11-19 20:30:00+00:00,Troy,UL Monroe,34,16,False,True,0.421875,621.4,79.60000000000001,8.1,17.7,11.2,-15.7,23.2,39.0,464.3,348.53,18,50,1,-15.0,48.5,1.0
401426379,2022,12,regular,2022-11-19 20:30:00+00:00,Southern Miss,South Alabama,20,27,False,True,0.421875,168.6,492.6,-3.5,18.3,22.9,10.8,26.8,17.4,478.97,466.34,-7,47,0,7.5,45.0,1.0
401426608,2022,12,regular,2022-11-19 20:30:00+00:00,Charlotte,Louisiana Tech,26,21,False,True,0.421875,-459.6,-93.60000000000001,-16.4,24.0,39.2,-17.8,29.6,47.0,487.24,473.76,5,47,1,2.0,66.5,1.0
401405147,2022,12,regular,2022-11-19 20:30:00+00:00,Rutgers,Penn State,10,55,False,True,0.421875,120.8,761.6,-9.1,16.4,25.2,22.4,36.6,13.9,631.47,830.44,-45,65,0,18.5,45.0,1.0
401405144,2022,12,regular,2022-11-19 20:30:00+00:00,Maryland,Ohio State,30,43,False,True,0.421875,344.8,992.8,11.2,33.8,24.2,31.1,45.1,15.7,680.22,983.14,-13,73,0,26.0,62.5,1.0
401404116,2022,12,regular,2022-11-19 20:30:00+00:00,Kansas,Texas,14,55,False,True,0.421875,471.40000000000003,681.8,2.9,40.6,36.0,23.1,38.1,15.6,574.29,887.45,-41,69,0,9.0,63.5,1.0
401420863,2022,12,regular,2022-11-19 20:30:00+00:00,BYU,Utah Tech,52,26,False,False,0.421875,230.60000000000002,0.0,-1.4,34.3,34.8,,,,415.19,,26,78,1,,,
401411167,2022,12,regular,2022-11-19 20:30:00+00:00,Louisville,NC State,25,10,False,True,0.421875,471.8,515.8,9.0,27.0,19.1,6.8,20.4,15.3,625.42,686.19,15,35,1,-4.0,43.0,1.0
401426609,2022,12,regular,2022-11-19 21:00:00+00:00,UTEP,Florida International,40,6,False,True,0.421875,-132.0,-255.4,-10.7,20.8,32.7,-25.5,18.4,42.3,289.39,459.71,34,46,1,-14.0,50.0,1.0
401426613,2022,12,regular,2022-11-19 21:00:00+00:00,Auburn,Western Kentucky,41,17,False,False,0.421875,268.0,280.6,5.1,32.6,27.9,1.7,31.3,30.1,783.87,495.64,24,58,1,-5.0,54.0,1.0
401415663,2022,12,regular,2022-11-19 21:00:00+00:00,Temple,Cincinnati,3,23,False,True,0.421875,-202.60000000000002,597.6,-12.9,16.3,28.6,13.1,27.6,16.1,505.48,650.89,-20,26,0,17.0,49.0,1.0
401405141,2022,12,regular,2022-11-19 21:00:00+00:00,Minnesota,Iowa,10,13,False,True,0.421875,417.6,421.8,16.0,23.5,8.6,12.7,16.0,5.1,649.43,681.98,-3,23,0,-2.0,31.5,1.0
401426380,2022,12,regular,2022-11-19 22:00:00+00:00,Texas State,Arkansas State,16,13,False,True,0.421875,-112.4,-126.60000000000001,-11.5,17.4,29.5,-13.0,23.7,38.5,464.66,471.65,3,29,1,-6.0,50.0,1.0
401411168,2022,12,regular,2022-11-19 22:30:00+00:00,North Carolina,Georgia Tech,17,21,False,True,0.421875,727.0,143.0,7.8,41.7,35.0,-11.8,18.8,29.5,812.94,715.48,-4,38,0,-21.0,63.0,1.0
401404041,2022,12,regular,2022-11-19 22:30:00+00:00,California,Stanford,27,20,False,True,0.421875,93.0,213.0,-3.0,23.2,25.9,-7.2,25.6,34.2,653.31,757.81,7,47,1,-5.0,46.0,1.0
401426377,2022,12,regular,2022-11-19 23:00:00+00:00,Georgia Southern,Marshall,10,23,False,True,0.421875,159.0,284.6,-6.4,34.3,40.3,3.0,15.7,11.4,414.14,455.3,-13,33,0,6.0,52.5,1.0
401404115,2022,12,regular,2022-11-20 00:00:00+00:00,Iowa State,Texas Tech,10,14,False,True,0.421875,265.8,459.0,5.3,17.7,10.6,8.5,38.5,30.5,590.43,660.31,-4,24,0,-3.5,47.5,1.0
401415261,2022,12,regular,2022-11-20 00:00:00+00:00,Wyoming,Boise State,17,20,False,True,0.421875,370.0,374.8,-10.8,14.9,26.2,5.7,24.1,18.5,292.03,533.92,-3,37,0,14.5,44.5,1.0
401403953,2022,12,regular,2022-11-20 00:00:00+00:00,South Carolina,Tennessee,63,38,False,True,0.421875,513.8,971.0,12.7,36.0,25.2,25.2,47.3,22.6,762.63,764.8,25,101,1,22.5,67.0,1.0
401403952,2022,12,regular,2022-11-20 00:30:00+00:00,Missouri,New Mexico State,45,14,False,False,0.421875,295.8,-105.2,8.1,26.0,18.3,-15.4,12.0,26.0,715.36,189.37,31,59,1,-29.0,46.5,1.0
401403947,2022,12,regular,2022-11-20 00:30:00+00:00,Arkansas,Ole Miss,42,27,False,True,0.421875,481.6,750.8,12.0,38.3,26.3,16.2,38.8,23.7,741.06,757.39,15,69,1,1.0,68.0,1.0
401404118,2022,12,regular,2022-11-20 00:30:00+00:00,Oklahoma,Oklahoma State,28,13,False,True,0.421875,330.40000000000003,608.8,15.4,40.8,26.5,11.3,37.6,27.9,870.34,670.53,15,41,1,-7.0,67.5,1.0
401411171,2022,12,regular,2022-11-20 01:00:00+00:00,Wake Forest,Syracuse,45,35,False,True,0.421875,542.8,466.0,8.2,43.3,35.2,2.5,27.4,24.7,575.42,590.36,10,80,1,-9.5,58.5,1.0
401404044,2022,12,regular,2022-11-20 01:00:00+00:00,UCLA,USC,45,48,False,True,0.421875,691.8,791.8,15.0,45.7,30.1,18.9,46.6,26.3,733.3,860.12,-3,93,0,2.5,77.5,1.0
401404042,2022,12,regular,2022-11-20 02:00:00+00:00,Washington,Colorado,54,7,False,True,0.421875,732.6,-174.4,15.7,41.2,25.5,-20.4,24.0,45.0,761.72,616.28,47,61,1,-30.5,60.5,1.0
401426612,2022,12,regular,2022-11-20 02:00:00+00:00,LSU,UAB,41,10,False,False,0.421875,858.8,149.6,16.2,34.2,17.6,-0.5,25.7,25.3,872.61,443.8,31,51,1,-15.0,50.5,1.0
401415262,2022,12,regular,2022-11-20 02:00:00+00:00,Air Force,Colorado State,24,12,False,True,0.421875,294.0,-333.4,3.9,16.3,12.3,-22.2,7.8,29.0,0.0,431.38,12,36,1,-21.5,43.0,1.0
401415265,2022,12,regular,2022-11-20 02:45:00+00:00,Utah State,San José State,35,31,False,True,0.421875,35.0,216.39999999999998,-13.3,25.4,38.5,-4.3,19.1,21.6,371.37,417.95,4,66,1,-1.0,51.0,1.0
401415263,2022,12,regular,2022-11-20 03:30:00+00:00,Nevada,Fresno State,14,41,False,True,0.421875,-402.4,275.8,-22.4,15.9,37.8,3.3,27.1,24.4,416.44,502.26,-27,55,0,22.5,54.0,1.0
401404043,2022,12,regular,2022-11-20 03:30:00+00:00,Oregon,Utah,20,17,False,True,0.421875,836.6,782.8,18.9,44.9,26.5,19.2,37.3,17.3,877.93,705.12,3,37,1,-1.0,61.5,1.0
401415266,2022,12,regular,2022-11-20 04:00:00+00:00,Hawai'i,UNLV,31,25,False,True,0.421875,-403.4,13.399999999999991,-24.7,15.8,39.4,-11.9,20.8,34.1,419.54,368.29,6,56,1,11.0,56.5,1.0
401416648,2022,13,regular,2022-11-23 00:00:00+00:00,Miami (OH),Ball State,18,17,False,True,0.421875,-27.0,-57.400000000000006,-12.7,8.6,22.1,-14.9,16.0,30.1,397.26,345.29,1,35,1,-2.5,45.0,1.0
401416649,2022,13,regular,2022-11-23 00:00:00+00:00,Ohio,Bowling Green,38,14,False,True,0.421875,330.8,75.80000000000001,-4.6,31.6,35.2,-18.1,23.8,40.6,365.74,415.08,24,52,1,-5.5,52.5,1.0
401403956,2022,13,regular,2022-11-25 00:00:00+00:00,Ole Miss,Mississippi State,22,24,False,True,0.421875,731.8,668.8,16.2,38.8,23.7,15.4,35.1,19.9,757.39,725.55,-2,46,0,-2.5,63.0,1.0
401415269,2022,13,regular,2022-11-25 17:00:00+00:00,Boise State,Utah State,42,23,False,True,0.421875,432.8,115.0,5.7,24.1,18.5,-13.3,25.4,38.5,533.92,371.37,19,65,1,-16.5,52.0,1.0
401416651,2022,13,regular,2022-11-25 17:00:00+00:00,Western Michigan,Toledo,20,14,False,True,0.421875,-166.2,263.8,-17.3,11.2,27.3,-3.7,25.7,27.9,449.89,498.98,6,34,1,8.5,50.5,1.0
401415665,2022,13,regular,2022-11-25 17:00:00+00:00,Cincinnati,Tulane,24,27,False,True,0.421875,665.6,726.6,13.1,27.6,16.1,12.4,32.0,19.7,650.89,521.86,-3,51,0,1.0,44.0,1.0
401416650,2022,13,regular,2022-11-25 17:00:00+00:00,Eastern Michigan,Central Michigan,38,19,False,True,0.421875,117.60000000000001,-97.2,-7.1,24.0,32.4,-14.0,19.0,32.2,404.1,384.48,19,57,1,-1.0,53.5,1.0
401404119,2022,13,regular,2022-11-25 17:00:00+00:00,Texas,Baylor,38,27,False,True,0.421875,790.6,486.40000000000003,23.1,38.1,15.6,11.7,37.6,26.1,887.45,666.05,11,65,1,-10.0,55.0,1.0
401404045,2022,13,regular,2022-11-25 20:00:00+00:00,Arizona,Arizona State,38,35,False,True,0.421875,231.60000000000002,54.0,-3.2,37.6,41.1,-4.1,30.5,35.7,652.06,670.18,3,73,1,-4.0,66.5,1.0
401411172,2022,13,regular,2022-11-25 20:30:00+00:00,North Carolina,NC State,27,30,False,True,0.421875,652.0,496.8,7.8,41.7,35.0,6.8,20.4,15.3,812.94,686.19,-3,57,0,-6.5,56.0,1.0
401403961,2022,13,regular,2022-11-25 20:30:00+00:00,Missouri,Arkansas,29,27,False,True,0.421875,355.8,625.6,8.1,26.0,18.3,12.0,38.3,26.3,715.36,741.06,2,56,1,3.5,55.5,1.0
401415268,2022,13,regular,2022-11-25 20:30:00+00:00,Colorado State,New Mexico,17,0,False,True,0.421875,-390.6,-562.2,-22.2,7.8,29.0,-26.9,6.0,31.9,431.38,312.79,17,17,1,-7.0,36.0,1.0
401405148,2022,13,regular,2022-11-25 21:00:00+00:00,Iowa,Nebraska,17,24,False,True,0.421875,537.8,-44.2,12.7,16.0,5.1,-1.2,25.5,25.6,681.98,752.12,-7,41,0,-10.5,38.0,1.0
401404046,2022,13,regular,2022-11-25 21:30:00+00:00,California,UCLA,28,35,False,True,0.421875,143.0,704.8,-3.0,23.2,25.9,15.0,45.7,30.1,653.31,733.3,-7,63,0,11.5,62.5,1.0
401403958,2022,13,regular,2022-11-26 00:30:00+00:00,Florida State,Florida,45,38,False,False,0.421875,766.6,549.8,13.2,34.8,20.4,10.4,39.6,29.5,780.76,856.95,7,83,1,-10.0,58.0,1.0
401415270,2022,13,regular,2022-11-26 03:00:00+00:00,Fresno State,Wyoming,30,0,False,True,0.421875,343.8,320.0,3.3,27.1,24.4,-10.8,14.9,26.2,502.26,292.03,30,30,1,-14.0,50.5,1.0
401404123,2022,13,regular,2022-11-26 17:00:00+00:00,Oklahoma State,West Virginia,19,24,False,True,0.421875,589.8,115.6,11.3,37.6,27.9,2.4,36.3,34.5,670.53,662.57,-5,43,0,-5.5,60.0,1.0
401404166,2022,13,regular,2022-11-26 17:00:00+00:00,Liberty,New Mexico State,14,49,False,True,0.421875,483.8,-162.4,-1.5,24.1,25.4,-15.4,12.0,26.0,161.88,189.37,-35,63,0,-24.0,50.5,1.0
401426615,2022,13,regular,2022-11-26 17:00:00+00:00,Florida Atlantic,Western Kentucky,31,32,False,True,0.421875,27.19999999999999,223.4,-7.1,24.4,30.4,1.7,31.3,30.1,550.51,495.64,-1,63,0,7.5,62.0,1.0
401403959,2022,13,regular,2022-11-26 17:00:00+00:00,Georgia,Georgia Tech,37,14,False,False,0.421875,1385.8,285.0,35.3,37.2,3.7,-11.8,18.8,29.5,989.76,715.48,23,51,1,-36.5,49.0,1.0
401426390,2022,13,regular,2022-11-26 17:00:00+00:00,Marshall,Georgia State,28,23,False,True,0.421875,393.40000000000003,-25.799999999999983,3.0,15.7,11.4,-3.3,33.7,38.3,455.3,471.84,5,51,1,-6.5,45.5,1.0
401426383,2022,13,regular,2022-11-26 17:00:00+00:00,James Madison,Coastal Carolina,47,7,False,True,0.421875,398.6,616.6,6.5,31.3,23.6,0.6,32.7,30.6,104.24,446.58,40,54,1,-15.5,53.0,1.0
401426389,2022,13,regular,2022-11-26 17:00:00+00:00,South Alabama,Old Dominion,27,20,False,True,0.421875,585.4000000000001,-289.8,10.8,26.8,17.4,-13.0,16.9,29.3,466.34,438.06,7,47,1,-16.5,47.0,1.0
401403962,2022,13,regular,2022-11-26 17:00:00+00:00,Clemson,South Carolina,30,31,False,False,0.421875,993.0,675.8,17.6,34.9,18.5,12.7,36.0,25.2,943.0,762.63,-1,61,0,-14.0,53.0,1.0
401405153,2022,13,regular,2022-11-26 17:00:00+00:00,Ohio State,Michigan,23,45,False,True,0.421875,1128.8,996.0,31.1,45.1,15.7,32.0,38.0,7.6,983.14,847.24,-22,68,0,-9.0,56.0,1.0
401404144,2022,13,regular,2022-11-26 17:00:00+00:00,Massachusetts,Army,7,44,False,True,0.421875,-643.2,-21.400000000000006,-30.3,7.5,36.4,-1.5,24.6,25.3,292.14,17.27,-37,51,0,20.0,45.0,1.0
401405152,2022,13,regular,2022-11-26 17:00:00+00:00,Maryland,Rutgers,37,0,False,True,0.421875,357.8,115.8,11.2,33.8,24.2,-9.1,16.4,25.2,680.22,631.47,37,37,1,-14.5,48.5,1.0
401415664,2022,13,regular,2022-11-26 18:00:00+00:00,Temple,East Carolina,46,49,False,True,0.421875,-229.60000000000002,330.8,-12.9,16.3,28.6,1.1,31.5,28.7,505.48,494.82,-3,95,0,9.5,52.0,1.0
401416653,2022,13,regular,2022-11-26 18:00:00+00:00,Buffalo,Kent State,27,30,False,True,0.421875,58.599999999999994,14.799999999999997,-9.2,25.0,35.0,-13.1,25.6,37.9,370.96,386.94,-3,57,0,-4.5,51.0,1.0
401416652,2022,13,regular,2022-11-26 18:30:00+00:00,Northern Illinois,Akron,12,44,False,True,0.421875,-258.4,-433.4,-18.8,25.3,43.1,-23.4,16.7,38.5,409.86,456.15,-32,56,0,-9.5,52.0,1.0
401426617,2022,13,regular,2022-11-26 19:00:00+00:00,North Texas,Rice,21,17,False,True,0.421875,98.2,12.599999999999994,-1.5,31.3,34.1,-15.2,23.1,36.9,504.97,441.93,4,38,1,-14.5,57.0,1.0
401403960,2022,13,regular,2022-11-26 20:00:00+00:00,Kentucky,Louisville,26,13,False,False,0.421875,538.8,567.8,13.0,23.2,9.9,9.0,27.0,19.1,737.33,625.42,13,39,1,-3.5,42.5,1.0
401415271,2022,13,regular,2022-11-26 20:30:00+00:00,San José State,Hawai'i,27,14,False,True,0.421875,149.39999999999998,-353.4,-4.3,19.1,21.6,-24.7,15.8,39.4,417.95,419.54,13,41,1,-15.0,58.0,1.0
401426618,2022,13,regular,2022-11-26 20:30:00+00:00,UTSA,UTEP,34,31,False,True,0.421875,680.4000000000001,-72.0,7.2,39.3,32.6,-10.7,20.8,32.7,515.76,289.39,3,65,1,-16.5,56.5,1.0
401415666,2022,13,regular,2022-11-26 20:30:00+00:00,SMU,Memphis,34,31,False,True,0.421875,414.6,293.8,4.7,42.0,38.1,6.8,37.0,31.8,598.49,533.26,3,65,1,-4.5,68.5,1.0
401405150,2022,13,regular,2022-11-26 20:30:00+00:00,Wisconsin,Minnesota,16,23,False,True,0.421875,407.6,392.6,8.3,25.7,17.1,16.0,23.5,8.6,744.44,649.43,-7,39,0,-3.0,36.5,1.0
401405151,2022,13,regular,2022-11-26 20:30:00+00:00,Indiana,Purdue,16,30,False,True,0.421875,187.60000000000002,473.6,-7.1,29.9,36.6,7.7,31.6,22.4,680.74,646.08,-14,46,0,10.0,53.0,1.0
401405149,2022,13,regular,2022-11-26 20:30:00+00:00,Northwestern,Illinois,3,41,False,True,0.421875,-210.2,487.6,-13.4,17.0,28.6,15.9,20.6,5.5,653.48,631.46,-38,44,0,14.5,38.0,1.0
401404047,2022,13,regular,2022-11-26 20:30:00+00:00,Oregon State,Oregon,38,34,False,True,0.421875,734.6,968.6,14.3,33.3,17.7,18.9,44.9,26.5,635.88,877.93,4,72,1,-1.0,57.0,1.0
401426616,2022,13,regular,2022-11-26 20:30:00+00:00,Louisiana Tech,UAB,27,37,False,True,0.421875,-160.60000000000002,170.6,-17.8,29.6,47.0,-0.5,25.7,25.3,473.76,443.8,-10,64,0,18.0,55.5,1.0
401426384,2022,13,regular,2022-11-26 20:30:00+00:00,Arkansas State,Troy,19,48,False,True,0.421875,-193.60000000000002,681.4,-13.0,23.7,38.5,8.1,17.7,11.2,471.65,464.3,-29,67,0,13.5,44.0,1.0
401411174,2022,13,regular,2022-11-26 20:30:00+00:00,Duke,Wake Forest,34,31,False,True,0.421875,301.6,638.8,5.0,29.4,24.7,8.2,43.3,35.2,603.98,575.42,3,65,1,3.0,67.5,1.0
401403957,2022,13,regular,2022-11-26 20:30:00+00:00,Alabama,Auburn,49,27,False,True,0.421875,954.0,364.0,30.3,42.9,14.2,5.1,32.6,27.9,1016.79,783.87,22,76,1,-22.0,51.0,1.0
401405154,2022,13,regular,2022-11-26 21:00:00+00:00,Penn State,Michigan State,35,16,False,True,0.421875,829.6,278.0,22.4,36.6,13.9,1.2,31.9,29.7,830.44,693.91,19,51,1,-19.0,54.5,1.0
401404120,2022,13,regular,2022-11-26 21:00:00+00:00,TCU,Iowa State,62,14,False,True,0.421875,1213.6,215.8,24.3,43.3,20.2,5.3,17.7,10.6,712.05,590.43,48,76,1,-9.5,45.5,1.0
401404048,2022,13,regular,2022-11-26 21:00:00+00:00,Colorado,Utah,21,63,False,True,0.421875,-171.4,801.8,-20.4,24.0,45.0,19.2,37.3,17.3,616.28,705.12,-42,84,0,29.5,52.0,1.0
401426385,2022,13,regular,2022-11-26 22:00:00+00:00,UL Monroe,Southern Miss,10,20,False,True,0.421875,22.400000000000006,143.6,-15.7,23.2,39.0,-3.5,18.3,22.9,348.53,478.97,-10,30,0,3.0,50.0,1.0
401426386,2022,13,regular,2022-11-26 22:00:00+00:00,Texas State,Louisiana,13,41,False,True,0.421875,-62.400000000000006,81.60000000000001,-11.5,17.4,29.5,2.0,21.7,20.3,464.66,458.15,-28,54,0,5.0,44.0,1.0
401426614,2022,13,regular,2022-11-26 23:00:00+00:00,Florida International,Middle Tennessee,28,33,False,True,0.421875,-352.4,102.6,-25.5,18.4,42.3,-6.9,25.6,33.3,459.71,425.43,-5,61,0,19.5,54.5,1.0
401415272,2022,13,regular,2022-11-26 23:00:00+00:00,UNLV,Nevada,27,22,False,True,0.421875,-53.60000000000001,-472.4,-11.9,20.8,34.1,-22.4,15.9,37.8,368.29,416.44,5,49,1,-12.5,49.0,1.0
401426382,2022,13,regular,2022-11-26 23:00:00+00:00,Georgia Southern,App State,51,48,False,True,0.421875,89.0,240.6,-6.4,34.3,40.3,1.7,32.9,29.8,414.14,456.66,3,99,1,6.5,66.0,1.0
401403963,2022,13,regular,2022-11-27 00:00:00+00:00,Texas A&M,LSU,38,23,False,True,0.421875,331.8,954.8,9.1,25.4,16.6,16.2,34.2,17.6,947.3,872.61,15,61,1,10.0,47.5,1.0
401415667,2022,13,regular,2022-11-27 00:00:00+00:00,South Florida,UCF,39,46,False,True,0.421875,-356.4,527.6,-17.0,34.1,50.3,10.3,31.1,20.3,574.32,636.16,-7,85,0,20.0,67.5,1.0
401404122,2022,13,regular,2022-11-27 00:30:00+00:00,Texas Tech,Oklahoma,51,48,False,True,0.421875,551.8,454.40000000000003,8.5,38.5,30.5,15.4,40.8,26.5,660.31,870.34,3,99,1,1.5,65.5,1.0
401411173,2022,13,regular,2022-11-27 00:30:00+00:00,Boston College,Syracuse,23,32,False,True,0.421875,-33.0,408.8,-14.9,20.4,33.8,2.5,27.4,24.7,664.63,590.36,-9,55,0,10.5,47.0,1.0
401404133,2022,13,regular,2022-11-27 00:30:00+00:00,USC,Notre Dame,38,27,False,False,0.421875,927.8,785.8,18.9,46.6,26.3,10.3,30.5,21.4,860.12,866.48,11,65,1,-4.5,62.5,1.0
401403964,2022,13,regular,2022-11-27 00:30:00+00:00,Vanderbilt,Tennessee,0,56,False,True,0.421875,369.8,952.0,-4.7,29.9,33.4,25.2,47.3,22.6,629.76,764.8,-56,56,0,14.0,64.0,1.0
401415668,2022,13,regular,2022-11-27 00:30:00+00:00,Houston,Tulsa,30,37,False,True,0.421875,333.0,-108.2,4.5,42.5,37.7,-6.1,32.7,38.5,629.12,485.87,-7,67,0,-13.0,67.0,1.0
401404121,2022,13,regular,2022-11-27 01:00:00+00:00,Kansas State,Kansas,47,27,False,True,0.421875,850.6,436.40000000000003,21.4,36.4,15.7,2.9,40.6,36.0,584.68,574.29,20,74,1,-12.0,62.0,1.0
401411175,2022,13,regular,2022-11-27 01:00:00+00:00,Miami,Pittsburgh,16,42,False,True,0.421875,125.0,420.0,-2.7,24.4,28.9,8.6,32.8,24.7,854.72,654.56,-26,58,0,4.0,44.0,1.0
401415267,2022,13,regular,2022-11-27 02:00:00+00:00,San Diego State,Air Force,3,13,False,True,0.421875,312.6,354.0,-4.4,15.1,21.1,3.9,16.3,12.3,372.29,0.0,-10,16,0,2.0,43.5,1.0
401404051,2022,13,regular,2022-11-27 03:30:00+00:00,Washington State,Washington,33,51,False,True,0.421875,606.8,792.6,9.5,25.1,16.7,15.7,41.2,25.5,570.94,761.72,-18,84,0,2.5,60.0,1.0
401404049,2022,13,regular,2022-11-27 04:00:00+00:00,Stanford,BYU,26,35,False,False,0.421875,175.8,290.6,-7.2,25.6,34.2,-1.4,34.3,34.8,757.81,415.19,-9,61,0,6.5,57.5,1.0
401506450,2022,14,regular,2022-12-02 18:00:00+00:00,Buffalo,Akron,23,22,False,True,0.421875,-16.400000000000006,-365.4,-9.2,25.0,35.0,-23.4,16.7,38.5,370.96,456.15,1,45,1,-12.0,55.0,1.0
401437032,2022,14,regular,2022-12-03 00:30:00+00:00,UTSA,North Texas,48,27,False,True,0.421875,730.4000000000001,148.2,7.2,39.3,32.6,-1.5,31.3,34.1,515.76,504.97,21,75,1,-8.5,70.0,1.0
401437035,2022,14,regular,2022-12-03 01:00:00+00:00,USC,Utah,24,47,True,True,0.421875,1073.8,869.8,18.9,46.6,26.3,19.2,37.3,17.3,860.12,705.12,-23,71,0,-2.5,67.5,1.0
401437033,2022,14,regular,2022-12-03 17:00:00+00:00,Ohio,Toledo,7,17,True,True,0.421875,390.8,196.8,-4.6,31.6,35.2,-3.7,25.7,27.9,365.74,498.98,-10,24,0,3.5,54.5,1.0
401437030,2022,14,regular,2022-12-03 17:00:00+00:00,TCU,Kansas State,28,31,True,True,0.421875,1309.6,946.6,24.3,43.3,20.2,21.4,36.4,15.7,712.05,584.68,-3,59,0,1.0,60.5,1.0
401507088,2022,14,regular,2022-12-03 20:00:00+00:00,New Mexico State,Valparaiso,65,3,False,False,0.421875,-53.599999999999994,0.0,-15.4,12.0,26.0,,,,189.37,11.85,62,68,1,-31.5,55.0,1.0
401437037,2022,14,regular,2022-12-03 20:30:00+00:00,Troy,Coastal Carolina,45,26,False,True,0.421875,749.4,559.4,8.1,17.7,11.2,0.6,32.7,30.6,464.3,446.58,19,71,1,-6.5,49.0,1.0
401437034,2022,14,regular,2022-12-03 21:00:00+00:00,Boise State,Fresno State,16,28,False,True,0.421875,492.8,403.8,5.7,24.1,18.5,3.3,27.1,24.4,533.92,502.26,-12,44,0,-3.0,54.5,1.0
401437008,2022,14,regular,2022-12-03 21:00:00+00:00,Tulane,UCF,45,28,False,True,0.421875,852.6,585.6,12.4,32.0,19.7,10.3,31.1,20.3,521.86,636.16,17,73,1,-3.5,57.5,1.0
401437036,2022,14,regular,2022-12-03 21:00:00+00:00,Georgia,LSU,50,30,True,True,0.421875,1445.8,935.8,35.3,37.2,3.7,16.2,34.2,17.6,989.76,872.61,20,80,1,-17.5,52.0,1.0
401437009,2022,14,regular,2022-12-04 01:00:00+00:00,North Carolina,Clemson,10,39,True,True,0.421875,602.0,968.0,7.8,41.7,35.0,17.6,34.9,18.5,812.94,943.0,-29,49,0,7.5,64.0,1.0
401437031,2022,14,regular,2022-12-04 01:00:00+00:00,Michigan,Purdue,43,22,True,True,0.421875,1180.0,541.6,32.0,38.0,7.6,7.7,31.6,22.4,847.24,646.08,21,65,1,-16.0,54.0,1.0
401404145,2022,15,regular,2022-12-10 20:00:00+00:00,Army,Navy,20,17,True,False,0.421875,46.599999999999994,57.400000000000006,-1.5,24.6,25.3,-7.2,18.2,24.4,17.27,0.0,3,37,1,2.5,32.0,1.0
401441993,2022,1,postseason,2022-12-16 16:30:00+00:00,UAB,Miami (OH),24,20,True,False,0.421875,238.6,23.0,-0.5,25.7,25.3,-12.7,8.6,22.1,443.8,397.26,4,44,1,-11.0,46.0,1.0
401441994,2022,1,postseason,2022-12-16 20:00:00+00:00,Troy,UTSA,18,12,True,False,0.421875,845.4,826.4000000000001,8.1,17.7,11.2,7.2,39.3,32.6,464.3,515.76,6,30,1,3.0,56.5,1.0
401441995,2022,1,postseason,2022-12-17 16:00:00+00:00,Louisville,Cincinnati,24,7,True,False,0.421875,548.8,654.6,9.0,27.0,19.1,13.1,27.6,16.1,625.42,650.89,17,31,1,-2.5,38.5,1.0
401441999,2022,1,postseason,2022-12-17 19:30:00+00:00,Oregon State,Florida,30,3,True,False,0.421875,866.6,560.8,14.3,33.3,17.7,10.4,39.6,29.5,635.88,856.95,27,33,1,-7.5,51.5,1.0
401442038,2022,1,postseason,2022-12-17 20:30:00+00:00,Fresno State,Washington State,29,6,True,False,0.421875,512.6,599.8,3.3,27.1,24.4,9.5,25.1,16.7,502.26,570.94,23,35,1,-5.5,54.0,1.0
401442041,2022,1,postseason,2022-12-17 22:45:00+00:00,Southern Miss,Rice,38,24,True,False,0.421875,211.6,-24.60000000000001,-3.5,18.3,22.9,-15.2,23.1,36.9,478.97,441.93,14,62,1,-6.5,45.5,1.0
401441997,2022,1,postseason,2022-12-18 00:30:00+00:00,BYU,SMU,24,23,True,False,0.421875,348.6,494.6,-1.4,34.3,34.8,4.7,42.0,38.1,415.19,598.49,1,47,1,4.5,65.0,1.0
401442001,2022,1,postseason,2022-12-18 02:15:00+00:00,Boise State,North Texas,35,32,True,False,0.421875,422.8,135.2,5.7,24.1,18.5,-1.5,31.3,34.1,533.92,504.97,3,67,1,-11.5,63.0,1.0
401442003,2022,1,postseason,2022-12-19 19:30:00+00:00,UConn,Marshall,14,28,True,False,0.421875,184.8,473.40000000000003,-14.6,14.2,27.9,3.0,15.7,11.4,239.17,455.3,-14,42,0,12.5,42.0,1.0
401442004,2022,1,postseason,2022-12-20 20:30:00+00:00,San José State,Eastern Michigan,27,41,True,False,0.421875,209.39999999999998,177.60000000000002,-4.3,19.1,21.6,-7.1,24.0,32.4,417.95,404.1,-14,68,0,-3.5,54.0,1.0
401442006,2022,1,postseason,2022-12-21 00:30:00+00:00,Toledo,Liberty,21,19,True,False,0.421875,340.8,378.8,-3.7,25.7,27.9,-1.5,24.1,25.4,498.98,161.88,2,40,1,-3.5,51.0,1.0
401442039,2022,1,postseason,2022-12-22 02:00:00+00:00,South Alabama,Western Kentucky,23,44,True,False,0.421875,635.4000000000001,281.4,10.8,26.8,17.4,1.7,31.3,30.1,466.34,495.64,-21,67,0,-3.5,57.5,1.0
401442040,2022,1,postseason,2022-12-23 00:30:00+00:00,Air Force,Baylor,30,15,True,False,0.421875,462.8,471.40000000000003,3.9,16.3,12.3,11.7,37.6,26.1,0.0,666.05,15,45,1,3.5,42.5,1.0
401442042,2022,1,postseason,2022-12-23 20:00:00+00:00,Houston,Louisiana,23,16,True,False,0.421875,283.0,149.60000000000002,4.5,42.5,37.7,2.0,21.7,20.3,629.12,458.15,7,39,1,-5.0,56.5,1.0
401442007,2022,1,postseason,2022-12-23 23:30:00+00:00,Missouri,Wake Forest,17,27,True,False,0.421875,455.8,601.6,8.1,26.0,18.3,8.2,43.3,35.2,715.36,575.42,-10,44,0,2.5,58.5,1.0
401442009,2022,1,postseason,2022-12-25 01:00:00+00:00,San Diego State,Middle Tennessee,23,25,True,False,0.421875,242.6,160.6,-4.4,15.1,21.1,-6.9,25.6,33.3,372.29,425.43,-2,48,0,-7.0,47.5,1.0
401442037,2022,1,postseason,2022-12-26 19:30:00+00:00,Bowling Green,New Mexico State,19,24,True,False,0.421875,18.60000000000001,6.400000000000006,-18.1,23.8,40.6,-15.4,12.0,26.0,415.08,189.37,-5,43,0,-3.5,50.5,1.0
401441998,2022,1,postseason,2022-12-27 17:00:00+00:00,Buffalo,Georgia Southern,23,21,True,False,0.421875,33.599999999999994,169.0,-9.2,25.0,35.0,-6.4,34.3,40.3,370.96,414.14,2,44,1,6.0,66.5,1.0
401442000,2022,1,postseason,2022-12-27 20:15:00+00:00,Utah State,Memphis,10,38,True,False,0.421875,57.8,256.6,-13.3,25.4,38.5,6.8,37.0,31.8,371.37,533.26,-28,48,0,8.0,57.0,1.0
401442002,2022,1,postseason,2022-12-27 23:45:00+00:00,East Carolina,Coastal Carolina,53,29,True,False,0.421875,388.8,502.20000000000005,1.1,31.5,28.7,0.6,32.7,30.6,494.82,446.58,24,82,1,-7.5,67.0,1.0
401442005,2022,1,postseason,2022-12-28 03:15:00+00:00,Oklahoma State,Wisconsin,17,24,True,False,0.421875,539.8,382.6,11.3,37.6,27.9,8.3,25.7,17.1,670.53,744.44,-7,41,0,5.0,45.0,1.0
401442008,2022,1,postseason,2022-12-28 19:00:00+00:00,Duke,UCF,30,13,True,False,0.421875,381.6,582.6,5.0,29.4,24.7,10.3,31.1,20.3,603.98,636.16,17,43,1,-3.5,62.5,1.0
401442030,2022,1,postseason,2022-12-28 22:30:00+00:00,Arkansas,Kansas,55,53,True,False,0.421875,588.4,439.40000000000003,12.0,38.3,26.3,2.9,40.6,36.0,741.06,574.29,2,108,1,-1.0,70.0,1.0
401470891,2022,1,postseason,2022-12-29 01:00:00+00:00,North Carolina,Oregon,27,28,True,False,0.421875,615.0,967.6,7.8,41.7,35.0,18.9,44.9,26.5,812.94,877.93,-1,55,0,13.0,76.0,1.0
401442031,2022,1,postseason,2022-12-29 02:00:00+00:00,Ole Miss,Texas Tech,25,42,True,False,0.421875,706.8,651.8,16.2,38.8,23.7,8.5,38.5,30.5,757.39,660.31,-17,67,0,-4.0,72.5,1.0
401442032,2022,1,postseason,2022-12-29 19:00:00+00:00,Minnesota,Syracuse,28,20,True,False,0.421875,485.40000000000003,466.8,16.0,23.5,8.6,2.5,27.4,24.7,649.43,590.36,8,48,1,-10.5,44.5,1.0
401442033,2022,1,postseason,2022-12-29 22:30:00+00:00,Florida State,Oklahoma,35,32,True,False,0.421875,866.6,417.20000000000005,13.2,34.8,20.4,15.4,40.8,26.5,780.76,870.34,3,67,1,-10.5,66.5,1.0
401442034,2022,1,postseason,2022-12-30 02:00:00+00:00,Washington,Texas,27,20,True,False,0.421875,928.6,910.6,15.7,41.2,25.5,23.1,38.1,15.6,761.72,887.45,7,47,1,3.5,67.5,1.0
401442035,2022,1,postseason,2022-12-30 17:00:00+00:00,NC State,Maryland,12,16,True,False,0.421875,628.8,417.8,6.8,20.4,15.3,11.2,33.8,24.2,686.19,680.22,-4,28,0,-2.0,45.5,1.0
401443542,2022,1,postseason,2022-12-30 19:00:00+00:00,UCLA,Pittsburgh,35,37,True,False,0.421875,797.6,528.8,15.0,45.7,30.1,8.6,32.8,24.7,733.3,654.56,-2,72,0,-8.5,54.5,1.0
401442036,2022,1,postseason,2022-12-30 20:30:00+00:00,South Carolina,Notre Dame,38,45,True,False,0.421875,829.8,808.8,12.7,36.0,25.2,10.3,30.5,21.4,762.63,866.48,-7,83,0,5.0,50.5,1.0
401443543,2022,1,postseason,2022-12-30 21:30:00+00:00,Wyoming,Ohio,27,30,True,False,0.421875,262.8,320.8,-10.8,14.9,26.2,-4.6,31.6,35.2,292.03,365.74,-3,57,0,3.0,43.0,1.0
401442019,2022,1,postseason,2022-12-31 01:00:00+00:00,Clemson,Tennessee,14,31,True,False,0.421875,1154.0,1060.8,17.6,34.9,18.5,25.2,47.3,22.6,943.0,764.8,-17,45,0,-4.5,61.0,1.0
401442017,2022,1,postseason,2022-12-31 17:00:00+00:00,Kentucky,Iowa,0,21,True,False,0.421875,658.8,487.8,13.0,23.2,9.9,12.7,16.0,5.1,737.33,681.98,-21,21,0,3.0,31.5,1.0
401442018,2022,1,postseason,2022-12-31 17:00:00+00:00,Kansas State,Alabama,20,45,True,False,0.421875,1165.6,1050.0,21.4,36.4,15.7,30.3,42.9,14.2,584.68,1016.79,-25,65,0,7.5,58.0,1.0
401442016,2022,1,postseason,2022-12-31 21:00:00+00:00,Michigan,TCU,45,51,True,False,0.421875,1324.0,1323.6,32.0,38.0,7.6,24.3,43.3,20.2,847.24,712.05,-6,96,0,-8.0,56.0,1.0
401442015,2022,1,postseason,2023-01-01 01:00:00+00:00,Georgia,Ohio State,42,41,True,False,0.421875,1670.8,1139.8,35.3,37.2,3.7,31.1,45.1,15.7,989.76,983.14,1,83,1,-5.5,62.5,1.0
401442011,2022,1,postseason,2023-01-02 17:00:00+00:00,Illinois,Mississippi State,10,19,True,False,0.421875,555.6,796.8,15.9,20.6,5.5,15.4,35.1,19.9,631.46,725.55,-9,29,0,3.5,46.5,1.0
401442012,2022,1,postseason,2023-01-02 18:00:00+00:00,Purdue,LSU,7,63,True,False,0.421875,578.6,975.8,7.7,31.6,22.4,16.2,34.2,17.6,646.08,872.61,-56,70,0,15.5,54.5,1.0
401442013,2022,1,postseason,2023-01-02 18:00:00+00:00,USC,Tulane,45,46,True,False,0.421875,1080.8,980.6,18.9,46.6,26.3,12.4,32.0,19.7,860.12,521.86,-1,91,0,-1.5,66.5,1.0
401442014,2022,1,postseason,2023-01-02 22:00:00+00:00,Utah,Penn State,21,35,True,False,0.421875,1115.8,925.6,19.2,37.3,17.3,22.4,36.6,13.9,705.12,830.44,-14,56,0,1.5,55.0,1.0
401442010,2022,1,postseason,2023-01-10 00:30:00+00:00,Georgia,TCU,65,7,True,False,0.421875,1892.8,1527.6,35.3,37.2,3.7,24.3,43.3,20.2,989.76,712.05,58,72,1,-13.5,61.5,1.0
401525434,2023,1,regular,2023-08-26 18:30:00+00:00,Notre Dame,Navy,42,3,True,False,0.5625,0.0,0.0,20.1,36.3,16.7,-13.7,15.0,27.2,870.7,0.0,39,45,1,-20.0,50.5,1.0
401520145,2023,1,regular,2023-08-26 21:30:00+00:00,Jacksonville State,UTEP,17,14,False,True,0.5625,0.0,0.0,-1.6,24.8,25.9,-16.2,16.9,32.0,227.27,379.64,3,31,1,1.1666666666666667,52.875,4.0
401532392,2023,1,regular,2023-08-26 23:00:00+00:00,San Diego State,Ohio,20,13,False,False,0.5625,0.0,0.0,-10.3,19.4,30.2,-1.6,18.5,18.1,440.15,342.6,7,33,1,-3.5,49.0,1.0
401525450,2023,1,regular,2023-08-26 23:00:00+00:00,New Mexico State,Massachusetts,30,41,False,False,0.5625,0.0,0.0,-1.8,23.3,25.8,-17.5,20.8,36.2,378.99,565.65,-11,71,0,-8.0,42.5,1.0
401520147,2023,1,regular,2023-08-26 23:30:00+00:00,Vanderbilt,Hawai'i,35,28,False,False,0.5625,0.0,0.0,-12.7,23.6,36.3,-16.4,19.4,35.7,639.88,407.77,7,63,1,-17.625,55.0,4.0
401523986,2023,1,regular,2023-08-27 00:00:00+00:00,USC,San José State,56,28,False,False,0.5625,0.0,0.0,9.4,43.3,32.8,-3.4,28.1,29.5,896.41,513.83,28,84,1,-30.5,63.5,1.0
401520146,2023,1,regular,2023-08-27 01:00:00+00:00,Louisiana Tech,Florida International,22,17,False,True,0.5625,0.0,0.0,-12.9,22.1,36.0,-21.2,16.0,35.6,433.72,487.5,5,39,1,-10.0,59.0,1.0
401532393,2023,1,regular,2023-08-31 23:00:00+00:00,Western Michigan,Saint Francis,35,17,False,False,0.5625,0.0,0.0,-15.9,19.1,33.2,,,,401.82,16.89,18,52,1,-14.0,58.0,1.0
401525461,2023,1,regular,2023-08-31 23:00:00+00:00,Wake Forest,Elon,37,17,False,False,0.5625,0.0,0.0,-7.9,20.2,26.9,,,,603.68,62.31,20,54,1,-32.166666666666664,54.333333333333336,3.0
401525816,2023,1,regular,2023-08-31 23:00:00+00:00,UCF,Kent State,56,6,False,False,0.5625,0.0,0.0,3.4,30.3,25.2,-26.3,8.2,34.8,653.97,373.33,50,62,1,-33.5,58.5,1.0
401531834,2023,1,regular,2023-08-31 23:00:00+00:00,Georgia State,Rhode Island,42,35,False,False,0.5625,0.0,0.0,-6.8,28.2,33.3,,,,499.67,191.72,7,77,1,-17.333333333333332,59.666666666666664,3.0
401520174,2023,1,regular,2023-08-31 23:30:00+00:00,UConn,NC State,14,24,False,False,0.5625,0.0,0.0,-15.6,17.0,31.0,7.4,25.5,19.7,484.94,700.85,-10,38,0,16.5,48.0,1.0
401520148,2023,1,regular,2023-09-01 00:00:00+00:00,Minnesota,Nebraska,13,10,False,True,0.5625,0.0,0.0,0.4,20.0,21.1,0.3,15.6,13.9,640.46,765.2,3,23,1,-7.0,46.0,1.0
401520165,2023,1,regular,2023-09-01 00:00:00+00:00,Missouri,South Dakota,35,10,False,False,0.5625,0.0,0.0,19.3,36.5,18.0,,,,755.4,96.61,25,45,1,-27.333333333333332,44.833333333333336,3.0
401531337,2023,1,regular,2023-09-01 00:00:00+00:00,Tulsa,Arkansas-Pine Bluff,42,7,False,False,0.5625,0.0,0.0,-13.7,20.9,34.7,,,,520.23,32.77,35,49,1,-40.0,53.333333333333336,3.0
401531377,2023,1,regular,2023-09-01 00:00:00+00:00,UAB,North Carolina A&T,35,6,False,False,0.5625,0.0,0.0,-14.7,26.9,39.6,,,,473.46,88.34,29,41,1,-24.166666666666668,47.833333333333336,3.0
401520176,2023,1,regular,2023-09-01 00:00:00+00:00,Utah,Florida,24,11,False,False,0.5625,0.0,0.0,8.5,26.7,19.4,6.8,31.1,26.0,722.55,845.29,13,35,1,-8.0,48.0,1.0
401523987,2023,1,regular,2023-09-01 02:00:00+00:00,Arizona State,Southern Utah,24,21,False,False,0.5625,0.0,0.0,-11.3,20.2,29.9,,,,681.32,109.83,3,45,1,-33.166666666666664,57.666666666666664,3.0
401532394,2023,1,regular,2023-09-01 22:30:00+00:00,Eastern Michigan,Howard,33,23,False,False,0.5625,0.0,0.0,-12.3,13.0,26.8,,,,377.07,31.25,10,56,1,-20.0,55.5,1.0
401525463,2023,1,regular,2023-09-01 23:00:00+00:00,Miami,Miami (OH),38,3,False,False,0.5625,0.0,0.0,9.6,30.7,23.1,2.8,18.5,17.7,860.27,408.16,35,41,1,-16.625,45.5,4.0
401520163,2023,1,regular,2023-09-01 23:00:00+00:00,Michigan State,Central Michigan,31,7,False,False,0.5625,0.0,0.0,-6.8,15.7,24.0,-19.1,16.8,34.0,747.34,332.64,24,38,1,-15.0,50.0,1.0
401525462,2023,1,regular,2023-09-01 23:30:00+00:00,Georgia Tech,Louisville,34,39,True,True,0.5625,0.0,0.0,0.3,29.4,29.1,8.0,30.1,22.3,710.85,744.16,-5,73,0,8.0,51.5,1.0
401525815,2023,1,regular,2023-09-02 00:00:00+00:00,Kansas,Missouri State,48,17,False,False,0.5625,0.0,0.0,9.9,35.6,26.1,,,,632.68,233.11,31,65,1,-32.5,60.5,1.0
401523988,2023,1,regular,2023-09-02 03:00:00+00:00,Hawai'i,Stanford,24,37,False,False,0.5625,-67.0,0.0,-16.4,19.4,35.7,-11.9,21.4,34.5,407.77,710.28,-13,61,0,3.625,55.625,4.0
401525464,2023,1,regular,2023-09-02 16:00:00+00:00,Boston College,Northern Illinois,24,27,False,False,0.5625,0.0,0.0,-5.9,22.2,27.6,-7.5,18.3,24.2,650.23,352.36,-3,51,0,-10.0,52.0,1.0
401523994,2023,1,regular,2023-09-02 16:00:00+00:00,TCU,Colorado,42,45,False,False,0.5625,0.0,0.0,7.9,33.5,25.3,-4.9,29.6,34.4,768.25,711.87,-3,87,0,-20.0,59.0,1.0
401520160,2023,1,regular,2023-09-02 16:00:00+00:00,Liberty,Bowling Green,34,24,False,False,0.5625,0.0,0.0,8.0,36.2,26.3,-7.8,21.5,27.4,330.29,397.62,10,58,1,-9.25,49.375,4.0
401520162,2023,1,regular,2023-09-02 16:00:00+00:00,Michigan,East Carolina,30,3,False,False,0.5625,0.0,0.0,31.3,36.6,7.2,-12.8,15.4,28.1,850.43,563.94,27,33,1,-34.5,52.0,1.0
401520157,2023,1,regular,2023-09-02 16:00:00+00:00,Iowa,Utah State,24,14,False,False,0.5625,0.0,0.0,5.8,13.8,9.3,-10.9,28.6,38.6,692.62,435.99,10,38,1,-23.625,43.375,4.0
401520159,2023,1,regular,2023-09-02 16:00:00+00:00,Kentucky,Ball State,44,14,False,False,0.5625,0.0,0.0,10.5,31.6,22.2,-14.9,12.6,26.3,740.54,403.54,30,58,1,-25.875,48.75,4.0
401520179,2023,1,regular,2023-09-02 16:00:00+00:00,Tennessee,Virginia,49,13,True,False,0.5625,0.0,0.0,16.2,34.9,19.2,-10.8,21.0,31.7,821.07,622.7,36,62,1,-28.0,58.5,1.0
401520172,2023,1,regular,2023-09-02 16:00:00+00:00,SMU,Louisiana Tech,38,14,False,False,0.5625,0.0,50.0,10.1,34.1,23.0,-12.9,22.1,36.0,714.21,433.72,24,52,1,-20.125,66.125,4.0
401520170,2023,1,regular,2023-09-02 16:00:00+00:00,Purdue,Fresno State,35,39,False,False,0.5625,0.0,0.0,-7.3,21.8,27.1,2.5,28.9,27.9,671.1,555.3,-4,74,0,-5.5,51.5,1.0
401525822,2023,1,regular,2023-09-02 16:00:00+00:00,Oklahoma,Arkansas State,73,0,False,False,0.5625,0.0,0.0,15.0,38.5,22.6,-6.3,25.8,32.8,884.97,487.4,73,73,1,-35.375,58.625,4.0
401532570,2023,1,regular,2023-09-02 17:00:00+00:00,Air Force,Robert Morris,42,7,False,False,0.5625,0.0,0.0,5.9,25.6,20.9,,,,0.0,46.99,35,49,1,-46.5,51.25,2.0
401531387,2023,1,regular,2023-09-02 18:00:00+00:00,Temple,Akron,24,21,False,False,0.5625,0.0,0.0,-21.0,18.6,37.8,-21.6,10.5,30.1,554.47,445.02,3,45,1,-9.875,55.25,4.0
401525820,2023,1,regular,2023-09-02 18:00:00+00:00,Iowa State,Northern Iowa,30,9,False,False,0.5625,0.0,0.0,7.5,26.4,20.1,,,,638.87,184.63,21,39,1,-7.25,41.0,2.0
401532395,2023,1,regular,2023-09-02 18:00:00+00:00,Ohio,Long Island University,27,10,False,False,0.5625,-67.0,0.0,-1.6,18.5,18.1,,,,342.6,,17,37,1,-35.0,57.75,2.0
401520168,2023,1,regular,2023-09-02 18:00:00+00:00,Ole Miss,Mercer,73,7,False,False,0.5625,0.0,0.0,18.4,36.3,19.2,,,,756.04,73.53,66,80,1,-34.5,59.0,2.0
401520158,2023,1,regular,2023-09-02 18:00:00+00:00,Jacksonville State,East Tennessee State,49,3,False,False,0.5625,50.0,0.0,-1.6,24.8,25.9,,,,227.27,119.73,46,52,1,-20.25,55.0,2.0
401523992,2023,1,regular,2023-09-02 19:00:00+00:00,Oregon,Portland State,81,7,False,False,0.5625,0.0,0.0,26.2,45.0,18.2,,,,874.74,73.81,74,88,1,-48.25,64.75,2.0
401523997,2023,1,regular,2023-09-02 19:30:00+00:00,Washington,Boise State,56,19,False,False,0.5625,0.0,0.0,16.4,40.3,24.7,5.9,32.7,28.2,751.12,579.88,37,75,1,-14.5,59.0,1.0
401525818,2023,1,regular,2023-09-02 19:30:00+00:00,Cincinnati,Eastern Kentucky,66,13,False,False,0.5625,0.0,0.0,-6.8,21.3,28.3,,,,663.68,214.42,53,79,1,-21.5,57.75,2.0
401520180,2023,1,regular,2023-09-02 19:30:00+00:00,Wisconsin,Buffalo,38,17,False,False,0.5625,0.0,0.0,9.4,22.2,14.1,-15.2,15.3,29.5,741.63,296.09,21,55,1,-24.0,55.0,1.0
401525824,2023,1,regular,2023-09-02 19:30:00+00:00,Texas,Rice,37,10,False,False,0.5625,0.0,0.0,23.2,39.3,17.7,-10.2,26.0,34.4,913.24,466.78,27,47,1,-35.25,59.0,4.0
401520151,2023,1,regular,2023-09-02 19:30:00+00:00,Auburn,Massachusetts,59,14,False,False,0.5625,0.0,108.80000000000001,7.6,26.4,20.1,-17.5,20.8,36.2,770.94,565.65,45,73,1,-39.0,53.5,1.0
401520161,2023,1,regular,2023-09-02 19:30:00+00:00,Maryland,Towson,38,6,False,False,0.5625,0.0,0.0,11.0,28.3,17.6,,,,685.75,66.95,32,44,1,-38.5,56.0,2.0
401520156,2023,1,regular,2023-09-02 19:30:00+00:00,Indiana,Ohio State,3,23,False,True,0.5625,0.0,0.0,-7.4,19.6,27.2,25.2,31.5,7.8,677.57,974.79,-20,26,0,27.5,59.5,1.0
401531835,2023,1,regular,2023-09-02 19:30:00+00:00,App State,Gardner-Webb,45,24,False,False,0.5625,0.0,0.0,3.8,33.5,30.7,,,,517.56,80.81,21,69,1,-22.5,51.25,2.0
401525435,2023,1,regular,2023-09-02 19:30:00+00:00,Notre Dame,Tennessee State,56,3,False,False,0.5625,90.0,0.0,20.1,36.3,16.7,,,,870.7,142.51,53,59,1,-48.25,54.75,2.0
401520181,2023,1,regular,2023-09-02 19:30:00+00:00,Western Kentucky,South Florida,41,24,False,False,0.5625,0.0,0.0,-2.0,28.7,30.1,-6.6,28.4,34.5,491.26,622.89,17,65,1,-12.875,70.875,4.0
401525465,2023,1,regular,2023-09-02 19:30:00+00:00,Pittsburgh,Wofford,45,7,False,False,0.5625,0.0,0.0,-7.3,19.3,26.0,,,,700.42,42.55,38,52,1,-37.5,49.0,2.0
401525466,2023,1,regular,2023-09-02 20:00:00+00:00,Syracuse,Colgate,65,0,False,False,0.5625,0.0,0.0,-4.4,22.2,26.1,,,,610.75,,65,65,1,-40.0,49.5,2.0
401520164,2023,1,regular,2023-09-02 20:00:00+00:00,Mississippi State,SE Louisiana,48,7,False,False,0.5625,0.0,0.0,0.5,24.7,24.9,,,,746.29,107.19,41,55,1,-31.5,59.5,2.0
401520150,2023,1,regular,2023-09-02 20:00:00+00:00,Arkansas,Western Carolina,56,13,True,False,0.5625,0.0,0.0,3.5,28.3,26.6,,,,730.93,70.13,43,69,1,-38.0,61.25,2.0
401523991,2023,1,regular,2023-09-02 20:00:00+00:00,North Texas,California,21,58,False,False,0.5625,0.0,0.0,-6.7,32.9,41.3,-0.1,30.6,28.7,474.38,681.14,-37,79,0,9.0,57.5,1.0
401532572,2023,1,regular,2023-09-02 20:00:00+00:00,UNLV,Bryant,44,14,False,False,0.5625,0.0,0.0,1.4,32.1,32.7,,,,354.46,45.14,30,58,1,-16.75,66.0,2.0
401520154,2023,1,regular,2023-09-02 22:00:00+00:00,Georgia,UT Martin,48,7,False,False,0.5625,0.0,0.0,31.2,41.5,12.2,,,,977.87,221.77,41,55,1,-50.5,57.25,2.0
401531838,2023,1,regular,2023-09-02 22:00:00+00:00,Marshall,UAlbany,21,17,False,False,0.5625,0.0,0.0,-9.0,24.4,31.5,,,,478.59,62.15,4,38,1,-22.0,47.75,2.0
401531418,2023,1,regular,2023-09-02 22:00:00+00:00,Florida Atlantic,Monmouth,42,20,False,False,0.5625,0.0,0.0,-9.4,19.8,27.9,,,,582.59,52.49,22,62,1,-26.25,56.0,2.0
401531836,2023,1,regular,2023-09-02 22:00:00+00:00,Georgia Southern,The Citadel,34,0,False,False,0.5625,0.0,0.0,-5.2,30.8,36.5,,,,416.69,26.4,34,34,1,-34.25,53.5,2.0
401531837,2023,1,regular,2023-09-02 22:00:00+00:00,James Madison,Bucknell,38,3,False,False,0.5625,0.0,0.0,11.8,34.6,23.7,,,,196.53,25.64,35,41,1,-47.25,53.5,2.0
401531402,2023,1,regular,2023-09-02 22:00:00+00:00,Charlotte,South Carolina State,24,3,False,False,0.5625,0.0,0.0,-21.4,14.8,34.4,,,,554.96,33.04,21,27,1,-23.75,44.5,2.0
401523996,2023,1,regular,2023-09-02 22:30:00+00:00,USC,Nevada,66,14,False,False,0.5625,96.0,0.0,9.4,43.3,32.8,-22.0,14.6,37.0,896.41,470.32,52,80,1,-37.875,63.5,4.0
401520153,2023,1,regular,2023-09-02 22:30:00+00:00,Florida International,Maine,14,12,False,False,0.5625,-67.0,0.0,-21.2,16.0,35.6,,,,487.5,54.85,2,26,1,-15.0,46.25,2.0
401520178,2023,1,regular,2023-09-02 23:00:00+00:00,Vanderbilt,Alabama A&M,47,13,False,False,0.5625,50.0,0.0,-12.7,23.6,36.3,,,,639.88,137.64,34,60,1,-35.0,53.5,2.0
401525821,2023,1,regular,2023-09-02 23:00:00+00:00,Kansas State,Southeast Missouri State,45,0,False,False,0.5625,0.0,0.0,16.2,38.9,21.8,,,,616.0,30.08,45,45,1,-28.5,56.5,1.0
401520175,2023,1,regular,2023-09-02 23:00:00+00:00,UL Monroe,Army,17,13,False,False,0.5625,0.0,0.0,-21.6,17.6,37.5,-4.0,18.4,22.5,336.22,0.0,4,30,1,8.375,47.5,4.0
401531841,2023,1,regular,2023-09-02 23:00:00+00:00,Troy,Stephen F. Austin,48,30,False,False,0.5625,0.0,0.0,9.8,30.7,20.1,,,,454.06,172.29,18,78,1,-26.0,48.0,2.0
401525823,2023,1,regular,2023-09-02 23:00:00+00:00,Oklahoma State,Central Arkansas,27,13,False,False,0.5625,0.0,0.0,6.7,32.8,27.1,,,,649.79,84.99,14,40,1,-26.0,59.5,2.0
401525817,2023,1,regular,2023-09-02 23:00:00+00:00,Baylor,Texas State,31,42,False,False,0.5625,0.0,0.0,-8.3,24.5,32.6,-1.6,31.2,33.8,678.0,484.79,-11,73,0,-26.625,59.0,4.0
401525819,2023,1,regular,2023-09-02 23:00:00+00:00,Houston,UTSA,17,14,False,False,0.5625,0.0,0.0,-7.8,25.6,32.2,5.4,31.3,27.3,670.25,574.52,3,31,1,0.0,61.0,1.0
401520173,2023,1,regular,2023-09-02 23:00:00+00:00,Texas A&M,New Mexico,52,10,False,False,0.5625,0.0,0.0,15.6,34.5,18.8,-16.5,22.5,37.2,925.92,375.35,42,62,1,-37.875,48.75,4.0
401523990,2023,1,regular,2023-09-02 23:00:00+00:00,Colorado State,Washington State,24,50,False,False,0.5625,0.0,0.0,-8.9,21.9,32.0,4.9,31.0,27.4,413.96,573.28,-26,74,0,10.375,55.25,4.0
401531840,2023,1,regular,2023-09-02 23:00:00+00:00,Southern Miss,Alcorn State,40,14,False,False,0.5625,0.0,0.0,-14.4,23.5,36.4,,,,425.21,96.02,26,54,1,-24.25,47.5,2.0
401531426,2023,1,regular,2023-09-02 23:00:00+00:00,Memphis,Bethune-Cookman,56,14,False,False,0.5625,0.0,0.0,3.5,37.1,33.8,,,,626.86,89.46,42,70,1,-49.0,59.5,1.0
401520169,2023,1,regular,2023-09-02 23:30:00+00:00,Penn State,West Virginia,38,15,False,False,0.5625,0.0,0.0,23.5,32.7,10.5,7.5,31.5,24.6,858.06,666.23,23,53,1,-20.5,53.5,1.0
401531839,2023,1,regular,2023-09-02 23:30:00+00:00,Louisiana,Northwestern State,38,13,False,False,0.5625,0.0,0.0,0.4,32.4,33.1,,,,475.45,157.75,25,51,1,-35.0,54.5,2.0
401520149,2023,1,regular,2023-09-02 23:30:00+00:00,Alabama,Middle Tennessee,56,7,False,False,0.5625,0.0,0.0,23.1,36.8,15.6,-9.5,21.5,30.0,1015.43,487.98,49,63,1,-39.375,52.375,4.0
401520155,2023,1,regular,2023-09-02 23:30:00+00:00,Illinois,Toledo,30,28,False,False,0.5625,0.0,0.0,-2.5,21.6,24.1,3.7,25.5,21.7,630.95,497.64,2,58,1,-10.0,49.5,1.0
401520167,2023,1,regular,2023-09-02 23:30:00+00:00,North Carolina,South Carolina,31,17,True,False,0.5625,0.0,0.0,7.4,34.4,27.8,4.3,28.2,25.6,805.63,763.02,14,48,1,2.5,62.5,1.0
401525825,2023,1,regular,2023-09-02 23:30:00+00:00,Wyoming,Texas Tech,35,33,False,False,0.5625,0.0,0.0,-3.6,23.5,26.1,6.1,29.6,24.7,338.5,694.26,2,68,1,13.5,53.5,1.0
401531347,2023,1,regular,2023-09-03 00:00:00+00:00,Tulane,South Alabama,37,17,False,False,0.5625,0.0,0.0,2.8,26.5,24.4,5.1,30.6,26.0,537.7,545.68,20,54,1,-6.375,52.375,4.0
401525467,2023,1,regular,2023-09-03 00:00:00+00:00,Virginia Tech,Old Dominion,36,17,False,False,0.5625,0.0,0.0,5.8,27.5,23.3,-10.1,23.1,31.3,638.89,343.17,19,53,1,-15.75,48.375,4.0
401520166,2023,1,regular,2023-09-03 01:00:00+00:00,New Mexico State,Western Illinois,58,21,False,False,0.5625,-105.0,0.0,-1.8,23.3,25.8,,,,378.99,78.14,37,79,1,-21.0,55.0,2.0
401520177,2023,1,regular,2023-09-03 01:00:00+00:00,UTEP,Incarnate Word,28,14,False,False,0.5625,-37.2,0.0,-16.2,16.9,32.0,,,,379.64,,14,42,1,-7.5,57.5,2.0
401523989,2023,1,regular,2023-09-03 02:00:00+00:00,Arizona,Northern Arizona,38,3,False,False,0.5625,0.0,0.0,14.1,37.3,23.1,,,,687.01,148.76,35,41,1,-28.5,61.0,2.0
401520152,2023,1,regular,2023-09-03 02:15:00+00:00,BYU,Sam Houston,14,0,False,False,0.5625,0.0,0.0,-3.3,25.3,30.3,-13.8,16.0,28.8,576.25,240.42,14,14,1,-20.375,47.5,4.0
401523995,2023,1,regular,2023-09-03 02:30:00+00:00,UCLA,Coastal Carolina,27,13,False,False,0.5625,0.0,0.0,9.7,29.6,18.4,-1.2,27.6,27.2,752.6,515.69,14,40,1,-15.375,66.25,4.0
401532571,2023,1,regular,2023-09-03 02:30:00+00:00,San Diego State,Idaho State,36,28,False,False,0.5625,80.0,0.0,-10.3,19.4,30.2,,,,440.15,14.47,8,64,1,-34.5,51.25,2.0
401520171,2023,1,regular,2023-09-03 16:00:00+00:00,Rutgers,Northwestern,24,7,False,True,0.5625,0.0,0.0,3.5,21.0,18.7,-1.3,18.5,18.5,636.35,657.88,17,31,1,-7.0,40.5,1.0
401532573,2023,1,regular,2023-09-03 19:30:00+00:00,San José State,Oregon State,17,42,False,False,0.5625,-19.0,0.0,-3.4,28.1,29.5,12.6,33.2,22.3,513.83,653.16,-25,59,0,15.25,55.625,4.0
401520182,2023,1,regular,2023-09-03 23:30:00+00:00,Florida State,LSU,45,24,True,False,0.5625,0.0,0.0,19.4,34.1,16.5,19.1,44.6,25.0,765.33,899.31,21,69,1,2.5,55.5,1.0
401525468,2023,1,regular,2023-09-05 00:00:00+00:00,Duke,Clemson,28,7,False,True,0.5625,0.0,0.0,9.4,27.3,19.5,10.5,29.3,19.0,620.9,917.88,21,35,1,12.5,57.5,1.0
401525469,2023,2,regular,2023-09-07 23:30:00+00:00,Louisville,Murray State,56,0,False,False,0.5625,120.0,0.0,8.0,30.1,22.3,,,,744.16,80.0,56,56,1,-43.5,55.5,1.0
401520193,2023,2,regular,2023-09-08 23:00:00+00:00,Indiana,Indiana State,41,7,False,False,0.5625,-3.0,0.0,-7.4,19.6,27.2,,,,677.57,80.56,34,48,1,-31.0,44.75,2.0
401520195,2023,2,regular,2023-09-08 23:30:00+00:00,Kansas,Illinois,34,23,False,False,0.5625,60.0,80.0,9.9,35.6,26.1,-2.5,21.6,24.1,632.68,630.95,11,57,1,-3.6666666666666665,57.166666666666664,3.0
401520216,2023,2,regular,2023-09-09 15:00:00+00:00,Wake Forest,Vanderbilt,36,20,False,False,0.5625,60.0,110.0,-7.9,20.2,26.9,-12.7,23.6,36.3,603.68,639.88,16,56,1,-9.666666666666666,56.333333333333336,3.0
401520188,2023,2,regular,2023-09-09 16:00:00+00:00,Colorado,Nebraska,36,14,False,False,0.5625,116.0,-37.2,-4.9,29.6,34.4,0.3,15.6,13.9,711.87,765.2,22,50,1,-2.8333333333333335,56.666666666666664,3.0
401525436,2023,2,regular,2023-09-09 16:00:00+00:00,NC State,Notre Dame,24,45,False,False,0.5625,68.0,150.0,7.4,25.5,19.7,20.1,36.3,16.7,700.85,870.7,-21,69,0,7.0,49.333333333333336,3.0
401525490,2023,2,regular,2023-09-09 16:00:00+00:00,Boston College,Holy Cross,31,28,False,False,0.5625,-75.0,0.0,-5.9,22.2,27.6,,,,650.23,11.16,3,59,1,-10.0,52.25,2.0
401520208,2023,2,regular,2023-09-09 16:00:00+00:00,Ohio State,Youngstown State,35,7,False,False,0.5625,68.0,0.0,25.2,31.5,7.8,,,,974.79,61.05,28,42,1,-45.25,56.25,2.0
401520185,2023,2,regular,2023-09-09 16:00:00+00:00,Army,Delaware State,57,0,False,False,0.5625,-67.0,0.0,-4.0,18.4,22.5,,,,0.0,28.74,57,57,1,-39.5,44.0,2.0
401525498,2023,2,regular,2023-09-09 16:00:00+00:00,Virginia,James Madison,35,36,False,False,0.5625,-8.0,60.0,-10.8,21.0,31.7,11.8,34.6,23.7,622.7,196.53,-1,71,0,6.0,39.833333333333336,3.0
401525829,2023,2,regular,2023-09-09 16:00:00+00:00,Kansas State,Troy,42,13,False,False,0.5625,60.0,60.0,16.2,38.9,21.8,9.8,30.7,20.1,616.0,454.06,29,55,1,-14.833333333333334,49.833333333333336,3.0
401520191,2023,2,regular,2023-09-09 16:00:00+00:00,Georgia,Ball State,45,3,False,False,0.5625,60.0,-19.0,31.2,41.5,12.2,-14.9,12.6,26.3,977.87,403.54,42,48,1,-42.0,52.666666666666664,3.0
401523999,2023,2,regular,2023-09-09 16:00:00+00:00,Baylor,Utah,13,20,False,False,0.5625,-70.0,96.0,-8.3,24.5,32.6,8.5,26.7,19.4,678.0,722.55,-7,33,0,7.0,45.833333333333336,3.0
401520215,2023,2,regular,2023-09-09 16:00:00+00:00,Virginia Tech,Purdue,17,24,False,False,0.5625,60.0,-50.0,5.8,27.5,23.3,-7.3,21.8,27.1,638.89,671.1,-7,41,0,-0.8333333333333334,49.0,3.0
401520209,2023,2,regular,2023-09-09 16:00:00+00:00,Penn State,Delaware,63,7,False,False,0.5625,120.0,0.0,23.5,32.7,10.5,,,,858.06,99.19,56,70,1,-43.75,55.75,2.0
401525494,2023,2,regular,2023-09-09 17:00:00+00:00,Georgia Tech,South Carolina State,48,13,False,False,0.5625,-4.0,-97.0,0.3,29.4,29.1,,,,710.85,33.04,35,61,1,-42.666666666666664,53.166666666666664,3.0
401532396,2023,2,regular,2023-09-09 17:30:00+00:00,Central Michigan,New Hampshire,45,42,False,False,0.5625,-57.2,0.0,-19.1,16.8,34.0,,,,332.64,16.21,3,87,1,-7.0,48.5,1.0
401532400,2023,2,regular,2023-09-09 18:00:00+00:00,Bowling Green,Eastern Illinois,38,15,False,False,0.5625,-17.0,0.0,-7.8,21.5,27.4,,,,397.62,85.97,23,53,1,-17.0,48.0,2.0
401525491,2023,2,regular,2023-09-09 18:15:00+00:00,Clemson,Charleston Southern,66,17,False,False,0.5625,-19.0,0.0,10.5,29.3,19.0,,,,917.88,16.1,49,83,1,-50.5,53.0,1.0
401520196,2023,2,regular,2023-09-09 19:00:00+00:00,Kentucky,Eastern Kentucky,28,17,False,False,0.5625,60.0,-57.2,10.5,31.6,22.2,,,,740.54,214.42,11,45,1,-35.25,62.5,2.0
401525828,2023,2,regular,2023-09-09 19:00:00+00:00,BYU,Southern Utah,41,16,False,False,0.5625,60.0,-67.0,-3.3,25.3,30.3,,,,576.25,109.83,25,57,1,-30.75,48.0,2.0
401520194,2023,2,regular,2023-09-09 19:30:00+00:00,Iowa State,Iowa,13,20,False,False,0.5625,60.0,60.0,7.5,26.4,20.1,5.8,13.8,9.3,638.87,692.62,-7,33,0,3.5,35.666666666666664,3.0
401531395,2023,2,regular,2023-09-09 19:30:00+00:00,UTSA,Texas State,20,13,False,False,0.5625,-67.0,68.0,5.4,31.3,27.3,-1.6,31.2,33.8,574.52,484.79,7,33,1,-13.833333333333334,66.5,3.0
401520201,2023,2,regular,2023-09-09 19:30:00+00:00,Miami,Texas A&M,48,33,False,False,0.5625,96.0,60.0,9.6,30.7,23.1,15.6,34.5,18.8,860.27,925.92,15,81,1,2.8333333333333335,50.333333333333336,3.0
401520202,2023,2,regular,2023-09-09 19:30:00+00:00,Michigan,UNLV,35,7,False,False,0.5625,60.0,60.0,31.3,36.6,7.2,1.4,32.1,32.7,850.43,354.46,28,42,1,-37.833333333333336,57.5,3.0
401520214,2023,2,regular,2023-09-09 19:30:00+00:00,Tulane,Ole Miss,20,37,False,False,0.5625,96.0,60.0,2.8,26.5,24.4,18.4,36.3,19.2,537.7,756.04,-17,57,0,9.833333333333334,63.333333333333336,3.0
401532397,2023,2,regular,2023-09-09 19:30:00+00:00,Northern Illinois,Southern Illinois,11,14,False,False,0.5625,92.80000000000001,0.0,-7.5,18.3,24.2,,,,352.36,115.37,-3,25,0,-6.75,58.75,2.0
401532398,2023,2,regular,2023-09-09 19:30:00+00:00,Toledo,Texas Southern,71,3,False,False,0.5625,-37.2,0.0,3.7,25.5,21.7,,,,497.64,17.36,68,74,1,-39.25,60.25,2.0
401526833,2023,2,regular,2023-09-09 19:30:00+00:00,Massachusetts,Miami (OH),28,41,False,False,0.5625,89.80000000000001,-19.0,-17.5,20.8,36.2,2.8,18.5,17.7,565.65,408.16,-13,69,0,6.833333333333333,44.333333333333336,3.0
401520203,2023,2,regular,2023-09-09 19:30:00+00:00,Michigan State,Richmond,45,14,False,False,0.5625,60.0,0.0,-6.8,15.7,24.0,,,,747.34,26.51,31,59,1,-29.5,43.5,2.0
401520207,2023,2,regular,2023-09-09 19:30:00+00:00,Northwestern,UTEP,38,7,False,False,0.5625,-57.2,22.799999999999997,-1.3,18.5,18.5,-16.2,16.9,32.0,657.88,379.64,31,45,1,-1.0,39.833333333333336,3.0
401531432,2023,2,regular,2023-09-09 19:30:00+00:00,Navy,Wagner,24,0,False,False,0.5625,1.0,0.0,-13.7,15.0,27.2,,,,0.0,26.18,24,24,1,-42.75,49.5,2.0
401525497,2023,2,regular,2023-09-09 19:30:00+00:00,Syracuse,Western Michigan,48,7,False,False,0.5625,60.0,60.0,-4.4,22.2,26.1,-15.9,19.1,33.2,610.75,401.82,41,55,1,-24.666666666666668,56.5,3.0
401532578,2023,2,regular,2023-09-09 20:00:00+00:00,San José State,Cal Poly,59,3,False,False,0.5625,-54.0,0.0,-3.4,28.1,29.5,,,,513.83,94.82,56,62,1,-23.0,58.0,2.0
401531411,2023,2,regular,2023-09-09 20:00:00+00:00,East Carolina,Marshall,13,31,False,False,0.5625,31.0,50.0,-12.8,15.4,28.1,-9.0,24.4,31.5,563.94,478.59,-18,44,0,2.8333333333333335,43.5,3.0
401532580,2023,2,regular,2023-09-09 20:00:00+00:00,Wyoming,Portland State,31,17,False,False,0.5625,80.0,21.0,-3.6,23.5,26.1,,,,338.5,73.81,14,48,1,-28.0,51.25,2.0
401520184,2023,2,regular,2023-09-09 20:00:00+00:00,Arkansas,Kent State,28,6,False,False,0.5625,90.0,-57.2,3.5,28.3,26.6,-26.3,8.2,34.8,730.93,373.33,22,34,1,-38.333333333333336,57.666666666666664,3.0
401531844,2023,2,regular,2023-09-09 21:00:00+00:00,South Alabama,SE Louisiana,35,17,False,False,0.5625,-57.2,15.0,5.1,30.6,26.0,,,,545.68,107.19,18,52,1,-24.0,59.5,1.0
401524004,2023,2,regular,2023-09-09 21:00:00+00:00,Washington,Tulsa,43,10,False,False,0.5625,96.0,60.0,16.4,40.3,24.7,-13.7,20.9,34.7,751.12,520.23,33,53,1,-33.666666666666664,66.33333333333333,3.0
401520213,2023,2,regular,2023-09-09 21:00:00+00:00,Tennessee,Austin Peay,30,13,False,False,0.5625,90.0,0.0,16.2,34.9,19.2,,,,821.07,120.36,17,43,1,-46.75,65.5,2.0
401525495,2023,2,regular,2023-09-09 21:15:00+00:00,North Carolina,App State,40,34,False,False,0.5625,144.0,60.0,7.4,34.4,27.8,3.8,33.5,30.7,805.63,517.56,6,74,1,-19.0,58.0,3.0
401525833,2023,2,regular,2023-09-09 22:00:00+00:00,West Virginia,Duquesne,56,17,False,False,0.5625,7.0,0.0,7.5,31.5,24.6,,,,666.23,111.13,39,73,1,-38.5,55.5,1.0
401532399,2023,2,regular,2023-09-09 22:00:00+00:00,Akron,Morgan State,24,21,False,False,0.5625,-67.0,0.0,-21.6,10.5,30.1,,,,445.02,105.49,3,45,1,-25.0,46.0,1.0
401532401,2023,2,regular,2023-09-09 22:00:00+00:00,Buffalo,Fordham,37,40,False,False,0.5625,-19.0,0.0,-15.2,15.3,29.5,,,,296.09,42.87,-3,77,0,-23.5,55.5,1.0
401525492,2023,2,regular,2023-09-09 22:00:00+00:00,Duke,Lafayette,42,7,False,False,0.5625,132.0,0.0,9.4,27.3,19.5,,,,620.9,22.41,35,49,1,-41.75,48.5,2.0
401531378,2023,2,regular,2023-09-09 22:00:00+00:00,Georgia Southern,UAB,49,35,False,False,0.5625,60.0,60.0,-5.2,30.8,36.5,-14.7,26.9,39.6,416.69,473.46,14,84,1,-6.833333333333333,63.166666666666664,3.0
401525830,2023,2,regular,2023-09-09 22:00:00+00:00,Oklahoma,SMU,28,11,False,False,0.5625,96.0,60.0,15.0,38.5,22.6,10.1,34.1,23.0,884.97,714.21,17,39,1,-16.333333333333332,68.66666666666667,3.0
401520198,2023,2,regular,2023-09-09 22:00:00+00:00,Liberty,New Mexico State,33,17,False,True,0.5625,60.0,-45.0,8.0,36.2,26.3,-1.8,23.3,25.8,330.29,378.99,16,50,1,-9.333333333333334,54.0,3.0
401531419,2023,2,regular,2023-09-09 22:00:00+00:00,Florida Atlantic,Ohio,10,17,False,False,0.5625,60.0,-7.0,-9.4,19.8,27.9,-1.6,18.5,18.1,582.59,342.6,-7,27,0,-3.5,61.666666666666664,3.0
401531842,2023,2,regular,2023-09-09 22:00:00+00:00,Old Dominion,Louisiana,38,31,False,True,0.5625,-57.2,60.0,-10.1,23.1,31.3,0.4,32.4,33.1,343.17,475.45,7,69,1,6.0,51.166666666666664,3.0
401520189,2023,2,regular,2023-09-09 22:30:00+00:00,Florida International,North Texas,46,39,False,False,0.5625,-17.0,-70.0,-21.2,16.0,35.6,-6.7,32.9,41.3,487.5,474.38,7,85,1,10.666666666666666,51.666666666666664,3.0
401525496,2023,2,regular,2023-09-09 22:30:00+00:00,Pittsburgh,Cincinnati,21,27,False,False,0.5625,60.0,60.0,-7.3,19.3,26.0,-6.8,21.3,28.3,700.42,663.68,-6,48,0,-6.5,44.5,3.0
401520218,2023,2,regular,2023-09-09 23:00:00+00:00,Western Kentucky,Houston Christian,52,22,False,False,0.5625,96.0,0.0,-2.0,28.7,30.1,,,,491.26,78.5,30,74,1,-41.5,64.5,1.0
401531422,2023,2,regular,2023-09-09 23:00:00+00:00,South Florida,Florida A&M,38,24,False,False,0.5625,-57.2,0.0,-6.6,28.4,34.5,,,,622.89,322.74,14,62,1,-20.0,63.0,1.0
401524002,2023,2,regular,2023-09-09 23:00:00+00:00,Texas Tech,Oregon,30,38,False,False,0.5625,-37.2,60.0,6.1,29.6,24.7,26.2,45.0,18.2,694.26,874.74,-8,68,0,5.0,69.16666666666667,3.0
401525831,2023,2,regular,2023-09-09 23:00:00+00:00,Rice,Houston,43,41,False,False,0.5625,27.0,80.0,-10.2,26.0,34.4,-7.8,25.6,32.2,466.78,670.25,2,84,1,7.166666666666667,51.666666666666664,3.0
401520197,2023,2,regular,2023-09-09 23:00:00+00:00,Louisiana Tech,Northwestern State,51,21,False,False,0.5625,39.0,-57.2,-12.9,22.1,36.0,,,,433.72,157.75,30,72,1,-23.0,58.5,1.0
401525827,2023,2,regular,2023-09-09 23:00:00+00:00,Boise State,UCF,16,18,False,False,0.5625,29.0,60.0,5.9,32.7,28.2,3.4,30.3,25.2,579.88,653.97,-2,34,0,3.0,58.333333333333336,3.0
401520206,2023,2,regular,2023-09-09 23:00:00+00:00,Missouri,Middle Tennessee,23,19,False,False,0.5625,60.0,23.0,19.3,36.5,18.0,-9.5,21.5,30.0,755.4,487.98,4,42,1,-21.0,47.333333333333336,3.0
401520187,2023,2,regular,2023-09-09 23:00:00+00:00,Coastal Carolina,Jacksonville State,30,16,False,False,0.5625,-19.0,110.0,-1.2,27.6,27.2,-1.6,24.8,25.9,515.69,227.27,14,46,1,-13.666666666666666,61.0,3.0
401532576,2023,2,regular,2023-09-09 23:00:00+00:00,Nevada,Idaho,6,33,False,False,0.5625,-19.0,0.0,-22.0,14.6,37.0,,,,470.32,47.44,-27,39,0,4.0,51.5,2.0
401531427,2023,2,regular,2023-09-09 23:00:00+00:00,Arkansas State,Memphis,3,37,False,False,0.5625,3.0,60.0,-6.3,25.8,32.8,3.5,37.1,33.8,487.4,626.86,-34,40,0,20.833333333333332,57.333333333333336,3.0
401520183,2023,2,regular,2023-09-09 23:00:00+00:00,Alabama,Texas,24,34,False,False,0.5625,60.0,60.0,23.1,36.8,15.6,23.2,39.3,17.7,1015.43,913.24,-10,58,0,-7.166666666666667,53.333333333333336,3.0
401520192,2023,2,regular,2023-09-09 23:00:00+00:00,Georgia State,UConn,35,14,False,False,0.5625,50.0,-25.0,-6.8,28.2,33.3,-15.6,17.0,31.0,499.67,484.94,21,49,1,-3.0,54.333333333333336,3.0
401520212,2023,2,regular,2023-09-09 23:30:00+00:00,South Carolina,Furman,47,21,False,False,0.5625,-35.0,0.0,4.3,28.2,25.6,,,,763.02,56.18,26,68,1,-18.0,52.5,1.0
401520200,2023,2,regular,2023-09-09 23:30:00+00:00,Maryland,Charlotte,38,20,False,False,0.5625,60.0,60.0,11.0,28.3,17.6,-21.4,14.8,34.4,685.75,554.96,18,58,1,-24.5,50.166666666666664,3.0
401520190,2023,2,regular,2023-09-09 23:30:00+00:00,Florida,McNeese,49,7,False,False,0.5625,-19.0,0.0,6.8,31.1,26.0,,,,845.29,53.0,42,56,1,-48.5,55.0,2.0
401520210,2023,2,regular,2023-09-09 23:30:00+00:00,Rutgers,Temple,36,7,False,False,0.5625,96.0,50.0,3.5,21.0,18.7,-21.0,18.6,37.8,636.35,554.47,29,43,1,-7.666666666666667,43.666666666666664,3.0
401520204,2023,2,regular,2023-09-09 23:30:00+00:00,Minnesota,Eastern Michigan,25,6,False,False,0.5625,80.0,60.0,0.4,20.0,21.1,-12.3,13.0,26.8,640.46,377.07,19,31,1,-19.666666666666668,48.0,3.0
401520217,2023,2,regular,2023-09-09 23:30:00+00:00,Washington State,Wisconsin,31,22,False,False,0.5625,68.0,60.0,4.9,31.0,27.4,9.4,22.2,14.1,573.28,741.63,9,53,1,5.333333333333333,57.833333333333336,3.0
401520199,2023,2,regular,2023-09-09 23:30:00+00:00,LSU,Grambling,72,10,False,False,0.5625,25.0,0.0,19.1,44.6,25.0,,,,899.31,153.13,62,82,1,-56.5,61.5,1.0
401524001,2023,2,regular,2023-09-09 23:30:00+00:00,San Diego State,UCLA,10,35,False,False,0.5625,130.0,96.0,-10.3,19.4,30.2,9.7,29.6,18.4,440.15,752.6,-25,45,0,13.5,49.166666666666664,3.0
401520205,2023,2,regular,2023-09-09 23:30:00+00:00,Mississippi State,Arizona,31,24,False,False,0.5625,60.0,60.0,0.5,24.7,24.9,14.1,37.3,23.1,746.29,687.01,7,55,1,-8.833333333333334,60.0,3.0
401532579,2023,2,regular,2023-09-10 00:00:00+00:00,Utah State,Idaho State,78,28,False,False,0.5625,-15.0,-67.0,-10.9,28.6,38.6,,,,435.99,14.47,50,106,1,-24.0,61.0,1.0
401525832,2023,2,regular,2023-09-10 00:00:00+00:00,TCU,Nicholls,41,6,False,False,0.5625,-50.0,0.0,7.9,33.5,25.3,,,,768.25,57.04,35,47,1,-41.5,59.5,1.0
401531843,2023,2,regular,2023-09-10 00:00:00+00:00,UL Monroe,Lamar,24,14,False,False,0.5625,80.0,0.0,-21.6,17.6,37.5,,,,336.22,108.97,10,38,1,-26.0,48.5,1.0
401532577,2023,2,regular,2023-09-10 00:00:00+00:00,New Mexico,Tennessee Tech,56,10,False,False,0.5625,-19.0,0.0,-16.5,22.5,37.2,,,,375.35,34.79,46,66,1,-16.0,51.5,1.0
401520211,2023,2,regular,2023-09-10 00:00:00+00:00,Sam Houston,Air Force,3,13,True,False,0.5625,-57.2,60.0,-13.8,16.0,28.8,5.9,25.6,20.9,240.42,0.0,-10,16,0,13.166666666666666,36.5,3.0
401525493,2023,2,regular,2023-09-10 00:30:00+00:00,Florida State,Southern Miss,66,13,False,False,0.5625,222.0,60.0,19.4,34.1,16.5,-14.4,23.5,36.4,765.33,425.21,53,79,1,-31.0,54.0,3.0
401532574,2023,2,regular,2023-09-10 01:00:00+00:00,Fresno State,Eastern Washington,34,31,False,False,0.5625,58.0,0.0,2.5,28.9,27.9,,,,555.3,81.05,3,65,1,-31.5,63.25,2.0
401524000,2023,2,regular,2023-09-10 01:00:00+00:00,Oregon State,UC Davis,55,7,False,False,0.5625,108.80000000000001,0.0,12.6,33.2,22.3,,,,653.16,77.46,48,62,1,-23.5,56.5,2.0
401520186,2023,2,regular,2023-09-10 02:30:00+00:00,California,Auburn,10,14,False,False,0.5625,108.80000000000001,60.0,-0.1,30.6,28.7,7.6,26.4,20.1,681.14,770.94,-4,24,0,4.833333333333333,55.5,3.0
401523998,2023,2,regular,2023-09-10 02:30:00+00:00,Arizona State,Oklahoma State,15,27,False,False,0.5625,50.0,60.0,-11.3,20.2,29.9,6.7,32.8,27.1,681.32,649.79,-12,42,0,2.5,53.5,3.0
401524003,2023,2,regular,2023-09-10 02:30:00+00:00,USC,Stanford,56,10,False,True,0.5625,156.0,68.0,9.4,43.3,32.8,-11.9,21.4,34.5,896.41,710.28,46,66,1,-28.666666666666668,70.0,3.0
401532575,2023,2,regular,2023-09-10 03:59:00+00:00,Hawai'i,UAlbany,31,20,False,False,0.5625,-172.0,-67.0,-16.4,19.4,35.7,,,,407.77,62.15,11,51,1,-10.5,58.5,1.0
401525499,2023,3,regular,2023-09-14 23:30:00+00:00,Miami,Bethune-Cookman,48,7,False,False,0.5625,222.0,-57.2,9.6,30.7,23.1,,,,860.27,89.46,41,55,1,-54.0,63.5,1.0
401531428,2023,3,regular,2023-09-14 23:30:00+00:00,Memphis,Navy,28,24,False,True,0.5625,168.8,61.0,3.5,37.1,33.8,-13.7,15.0,27.2,626.86,0.0,4,52,1,-12.25,46.75,2.0
401520231,2023,3,regular,2023-09-15 23:00:00+00:00,Maryland,Virginia,42,14,False,False,0.5625,120.0,-33.0,11.0,28.3,17.6,-10.8,21.0,31.7,685.75,622.7,28,56,1,-16.25,48.25,2.0
401531396,2023,3,regular,2023-09-15 23:00:00+00:00,UTSA,Army,29,37,False,False,0.5625,13.0,-7.0,5.4,31.3,27.3,-4.0,18.4,22.5,574.52,0.0,-8,66,0,-7.0,41.75,2.0
401532581,2023,3,regular,2023-09-16 00:00:00+00:00,Air Force,Utah State,39,21,False,True,0.5625,150.0,45.0,5.9,25.6,20.9,-10.9,28.6,38.6,0.0,435.99,18,60,1,-8.75,45.5,2.0
401525504,2023,3,regular,2023-09-16 16:00:00+00:00,Old Dominion,Wake Forest,24,27,False,False,0.5625,22.799999999999997,120.0,-10.1,23.1,31.3,-7.9,20.2,26.9,343.17,603.68,-3,51,0,13.75,60.5,2.0
401532582,2023,3,regular,2023-09-16 16:00:00+00:00,Boise State,North Dakota,42,18,False,False,0.5625,-21.0,0.0,5.9,32.7,28.2,,,,579.88,14.37,24,60,1,-15.0,58.0,1.0
401520235,2023,3,regular,2023-09-16 16:00:00+00:00,Mississippi State,LSU,14,41,False,True,0.5625,160.0,85.0,0.5,24.7,24.9,19.1,44.6,25.0,746.29,899.31,-27,55,0,8.833333333333334,54.0,3.0
401520222,2023,3,regular,2023-09-16 16:00:00+00:00,Buffalo,Liberty,27,55,False,False,0.5625,-94.0,156.0,-15.2,15.3,29.5,8.0,36.2,26.3,296.09,330.29,-28,82,0,2.75,54.0,2.0
401525838,2023,3,regular,2023-09-16 16:00:00+00:00,Ohio,Iowa State,10,7,False,False,0.5625,51.0,10.0,-1.6,18.5,18.1,7.5,26.4,20.1,342.6,638.87,3,17,1,2.0,41.75,2.0
401525834,2023,3,regular,2023-09-16 16:00:00+00:00,Baylor,Long Island University,30,7,False,False,0.5625,-67.0,-57.2,-8.3,24.5,32.6,,,,678.0,,23,37,1,-44.0,54.0,1.0
401520249,2023,3,regular,2023-09-16 16:00:00+00:00,Wisconsin,Georgia Southern,35,14,False,False,0.5625,22.799999999999997,120.0,9.4,22.2,14.1,-5.2,30.8,36.5,741.63,416.69,21,49,1,-20.5,65.5,2.0
401520230,2023,3,regular,2023-09-16 16:00:00+00:00,Indiana,Louisville,14,21,True,False,0.5625,57.0,180.0,-7.4,19.6,27.2,8.0,30.1,22.3,677.57,744.16,-7,35,0,10.0,50.5,2.0
401520226,2023,3,regular,2023-09-16 16:00:00+00:00,Illinois,Penn State,13,30,False,True,0.5625,61.0,180.0,-2.5,21.6,24.1,23.5,32.7,10.5,630.95,858.06,-17,43,0,13.5,47.5,3.0
401520236,2023,3,regular,2023-09-16 16:00:00+00:00,Missouri,Kansas State,30,27,False,False,0.5625,110.0,180.0,19.3,36.5,18.0,16.2,38.9,21.8,755.4,616.0,3,57,1,3.0,48.5,3.0
401532404,2023,3,regular,2023-09-16 16:00:00+00:00,Kent State,Central Connecticut,38,10,False,False,0.5625,-114.4,0.0,-26.3,8.2,34.8,,,,373.33,44.75,28,48,1,-21.5,46.5,1.0
401525500,2023,3,regular,2023-09-16 16:00:00+00:00,Boston College,Florida State,29,31,False,True,0.5625,-25.0,282.0,-5.9,22.2,27.6,19.4,34.1,16.5,650.23,765.33,-2,60,0,25.25,47.75,2.0
401524012,2023,3,regular,2023-09-16 18:00:00+00:00,Utah,Weber State,31,7,False,False,0.5625,154.0,0.0,8.5,26.7,19.4,,,,722.55,59.72,24,38,1,-26.5,44.0,1.0
401526834,2023,3,regular,2023-09-16 18:00:00+00:00,Eastern Michigan,Massachusetts,19,17,False,False,0.5625,2.799999999999997,19.80000000000001,-12.3,13.0,26.8,-17.5,20.8,36.2,377.07,565.65,2,36,1,-7.5,49.75,2.0
401531388,2023,3,regular,2023-09-16 18:00:00+00:00,Temple,Norfolk State,41,9,False,False,0.5625,-7.200000000000003,0.0,-21.0,18.6,37.8,,,,554.47,72.32,32,50,1,-30.5,55.0,1.0
401532402,2023,3,regular,2023-09-16 18:00:00+00:00,Ball State,Indiana State,45,7,False,False,0.5625,12.0,-97.0,-14.9,12.6,26.3,,,,403.54,80.56,38,52,1,-26.0,45.0,1.0
401525502,2023,3,regular,2023-09-16 18:00:00+00:00,NC State,VMI,45,7,False,False,0.5625,65.0,0.0,7.4,25.5,19.7,,,,700.85,,38,52,1,-42.5,51.0,1.0
401525437,2023,3,regular,2023-09-16 18:30:00+00:00,Notre Dame,Central Michigan,41,17,False,False,0.5625,286.0,-7.200000000000003,20.1,36.3,16.7,-19.1,16.8,34.0,870.7,332.64,24,58,1,-34.75,51.25,2.0
401520246,2023,3,regular,2023-09-16 19:30:00+00:00,UConn,Florida International,17,24,False,False,0.5625,-82.2,63.0,-15.6,17.0,31.0,-21.2,16.0,35.6,484.94,487.5,-7,41,0,-7.0,43.5,2.0
401531412,2023,3,regular,2023-09-16 19:30:00+00:00,App State,East Carolina,43,28,False,False,0.5625,69.0,-74.0,3.8,33.5,30.7,-12.8,15.4,28.1,517.56,563.94,15,71,1,-7.5,48.25,2.0
401520244,2023,3,regular,2023-09-16 19:30:00+00:00,South Florida,Alabama,3,17,False,False,0.5625,2.799999999999997,55.0,-6.6,28.4,34.5,23.1,36.8,15.6,622.89,1015.43,-14,20,0,34.25,60.75,2.0
401524009,2023,3,regular,2023-09-16 19:30:00+00:00,Oregon State,San Diego State,26,9,False,False,0.5625,168.8,95.0,12.6,33.2,22.3,-10.3,19.4,30.2,653.16,440.15,17,35,1,-24.5,48.5,2.0
401520239,2023,3,regular,2023-09-16 19:30:00+00:00,North Carolina,Minnesota,31,13,False,False,0.5625,224.0,140.0,7.4,34.4,27.8,0.4,20.0,21.1,805.63,640.46,18,44,1,-6.666666666666667,51.5,3.0
401520225,2023,3,regular,2023-09-16 19:30:00+00:00,Georgia,South Carolina,24,14,False,True,0.5625,120.0,25.0,31.2,41.5,12.2,4.3,28.2,25.6,977.87,763.02,10,38,1,-26.0,54.0,3.0
401520223,2023,3,regular,2023-09-16 19:30:00+00:00,Duke,Northwestern,38,14,False,False,0.5625,192.0,2.799999999999997,9.4,27.3,19.5,-1.3,18.5,18.5,620.9,657.88,24,52,1,-17.0,48.0,2.0
401525842,2023,3,regular,2023-09-16 19:30:00+00:00,Tulsa,Oklahoma,17,66,False,False,0.5625,77.0,216.0,-13.7,20.9,34.7,15.0,38.5,22.6,520.23,884.97,-49,83,0,28.0,58.75,2.0
401520243,2023,3,regular,2023-09-16 19:30:00+00:00,Rutgers,Virginia Tech,35,16,False,False,0.5625,156.0,-15.0,3.5,21.0,18.7,5.8,27.5,23.3,636.35,638.89,19,51,1,-6.5,37.5,2.0
401520227,2023,3,regular,2023-09-16 19:30:00+00:00,Iowa,Western Michigan,41,10,False,False,0.5625,176.0,2.799999999999997,5.8,13.8,9.3,-15.9,19.1,33.2,692.62,401.82,31,51,1,-28.5,43.25,2.0
401524006,2023,3,regular,2023-09-16 20:00:00+00:00,California,Idaho,31,17,False,False,0.5625,83.80000000000001,68.0,-0.1,30.6,28.7,,,,681.14,47.44,14,48,1,-14.5,52.5,1.0
401520240,2023,3,regular,2023-09-16 20:00:00+00:00,Ohio State,Western Kentucky,63,10,False,False,0.5625,128.0,156.0,25.2,31.5,7.8,-2.0,28.7,30.1,974.79,491.26,53,73,1,-29.5,64.75,2.0
401520245,2023,3,regular,2023-09-16 20:00:00+00:00,Texas A&M,UL Monroe,47,3,False,False,0.5625,41.0,140.0,15.6,34.5,18.8,-21.6,17.6,37.5,925.92,336.22,44,50,1,-36.5,53.5,2.0
401531348,2023,3,regular,2023-09-16 20:00:00+00:00,Southern Miss,Tulane,3,21,False,False,0.5625,85.0,73.0,-14.4,23.5,36.4,2.8,26.5,24.4,425.21,537.7,-18,24,0,7.75,47.5,2.0
401520233,2023,3,regular,2023-09-16 21:00:00+00:00,Michigan State,Washington,7,41,False,False,0.5625,120.0,156.0,-6.8,15.7,24.0,16.4,40.3,24.7,747.34,751.12,-34,48,0,14.833333333333334,57.25,3.0
401524013,2023,3,regular,2023-09-16 21:00:00+00:00,Washington State,Northern Colorado,64,21,False,False,0.5625,182.0,0.0,4.9,31.0,27.4,,,,573.28,145.36,43,85,1,-48.0,55.0,1.0
401524011,2023,3,regular,2023-09-16 21:00:00+00:00,UCLA,North Carolina Central,59,7,False,False,0.5625,164.0,0.0,9.7,29.6,18.4,,,,752.6,25.46,52,66,1,-35.0,60.5,1.0
401531403,2023,3,regular,2023-09-16 22:00:00+00:00,Charlotte,Georgia State,25,41,False,False,0.5625,41.0,110.0,-21.4,14.8,34.4,-6.8,28.2,33.3,554.96,499.67,-16,66,0,6.25,52.0,2.0
401525843,2023,3,regular,2023-09-16 22:30:00+00:00,UCF,Villanova,48,14,False,False,0.5625,152.8,0.0,3.4,30.3,25.2,,,,653.97,4.33,34,62,1,-26.5,54.0,1.0
401520234,2023,3,regular,2023-09-16 23:00:00+00:00,Middle Tennessee,Murray State,35,14,False,False,0.5625,14.0,-19.0,-9.5,21.5,30.0,,,,487.98,80.0,21,49,1,-34.5,51.0,1.0
401520224,2023,3,regular,2023-09-16 23:00:00+00:00,Florida,Tennessee,29,16,False,True,0.5625,41.0,150.0,6.8,31.1,26.0,16.2,34.9,19.2,845.29,821.07,13,45,1,5.666666666666667,56.5,3.0
401531379,2023,3,regular,2023-09-16 23:00:00+00:00,UAB,Louisiana,21,41,False,False,0.5625,2.799999999999997,-7.0,-14.7,26.9,39.6,0.4,32.4,33.1,473.46,475.45,-20,62,0,-2.0,59.5,2.0
401525839,2023,3,regular,2023-09-16 23:00:00+00:00,Oklahoma State,South Alabama,7,33,False,False,0.5625,128.0,2.799999999999997,6.7,32.8,27.1,5.1,30.6,26.0,649.79,545.68,-26,40,0,-7.0,49.25,2.0
401520221,2023,3,regular,2023-09-16 23:00:00+00:00,Auburn,Samford,45,13,False,False,0.5625,152.8,0.0,7.6,26.4,20.1,,,,770.94,97.62,32,58,1,-37.5,62.0,1.0
401520229,2023,3,regular,2023-09-16 23:00:00+00:00,Louisiana Tech,North Texas,37,40,False,False,0.5625,99.0,-137.0,-12.9,22.1,36.0,-6.7,32.9,41.3,433.72,474.38,-3,77,0,-4.5,66.5,2.0
401520237,2023,3,regular,2023-09-16 23:00:00+00:00,Nebraska,Northern Illinois,35,11,False,False,0.5625,-48.2,17.80000000000001,0.3,15.6,13.9,-7.5,18.3,24.2,765.2,352.36,24,46,1,-11.5,42.75,2.0
401531441,2023,3,regular,2023-09-16 23:00:00+00:00,Rice,Texas Southern,59,7,False,False,0.5625,77.0,-57.2,-10.2,26.0,34.4,,,,466.78,17.36,52,66,1,-35.5,60.0,1.0
401531848,2023,3,regular,2023-09-16 23:00:00+00:00,Troy,James Madison,14,16,False,True,0.5625,63.0,118.0,9.8,30.7,20.1,11.8,34.6,23.7,454.06,196.53,-2,30,0,-2.8333333333333335,46.25,3.0
401531846,2023,3,regular,2023-09-16 23:00:00+00:00,Arkansas State,Stony Brook,31,7,False,False,0.5625,-67.0,0.0,-6.3,25.8,32.8,,,,487.4,185.5,24,38,1,-24.0,47.5,1.0
401531845,2023,3,regular,2023-09-16 23:00:00+00:00,Coastal Carolina,Duquesne,66,7,False,False,0.5625,77.0,-19.0,-1.2,27.6,27.2,,,,515.69,111.13,59,73,1,-35.0,55.5,1.0
401520247,2023,3,regular,2023-09-16 23:00:00+00:00,UNLV,Vanderbilt,40,37,False,False,0.5625,89.0,13.0,1.4,32.1,32.7,-12.7,23.6,36.3,354.46,639.88,3,77,1,4.5,56.75,2.0
401532403,2023,3,regular,2023-09-16 23:00:00+00:00,Toledo,San José State,21,17,False,False,0.5625,22.799999999999997,6.0,3.7,25.5,21.7,-3.4,28.1,29.5,497.64,513.83,4,38,1,-9.0,56.5,2.0
401531438,2023,3,regular,2023-09-16 23:00:00+00:00,SMU,Prairie View A&M,69,0,False,False,0.5625,57.0,0.0,10.1,34.1,23.0,,,,714.21,135.18,69,69,1,-42.5,63.5,1.0
401525835,2023,3,regular,2023-09-16 23:00:00+00:00,Cincinnati,Miami (OH),24,31,False,False,0.5625,118.0,49.0,-6.8,21.3,28.3,2.8,18.5,17.7,663.68,408.16,-7,55,0,-14.25,44.25,2.0
401525841,2023,3,regular,2023-09-16 23:00:00+00:00,Texas Tech,Tarleton State,41,3,False,False,0.5625,-36.2,0.0,6.1,29.6,24.7,,,,694.26,,38,44,1,-36.5,75.5,1.0
401520228,2023,3,regular,2023-09-16 23:30:00+00:00,Kentucky,Akron,35,3,False,False,0.5625,120.0,-17.0,10.5,31.6,22.2,-21.6,10.5,30.1,740.54,445.02,32,38,1,-25.25,48.5,2.0
401520241,2023,3,regular,2023-09-16 23:30:00+00:00,Ole Miss,Georgia Tech,48,23,False,False,0.5625,200.0,56.0,18.4,36.3,19.2,0.3,29.4,29.1,756.04,710.85,25,71,1,-17.0,61.5,2.0
401520220,2023,3,regular,2023-09-16 23:30:00+00:00,Arkansas,BYU,31,38,False,False,0.5625,150.0,120.0,3.5,28.3,26.6,-3.3,25.3,30.3,730.93,576.25,-7,69,0,-8.25,47.75,2.0
401525503,2023,3,regular,2023-09-16 23:30:00+00:00,West Virginia,Pittsburgh,17,6,False,False,0.5625,67.0,10.0,7.5,31.5,24.6,-7.3,19.3,26.0,666.23,700.42,11,23,1,-1.0,47.75,3.0
401520232,2023,3,regular,2023-09-16 23:30:00+00:00,Michigan,Bowling Green,31,6,False,False,0.5625,156.0,43.0,31.3,36.6,7.2,-7.8,21.5,27.4,850.43,397.62,25,37,1,-40.75,53.5,2.0
401520242,2023,3,regular,2023-09-16 23:30:00+00:00,Purdue,Syracuse,20,35,False,False,0.5625,42.80000000000001,120.0,-7.3,21.8,27.1,-4.4,22.2,26.1,671.1,610.75,-15,55,0,1.0,56.5,2.0
401525501,2023,3,regular,2023-09-17 00:00:00+00:00,Clemson,Florida Atlantic,48,14,False,False,0.5625,41.0,10.0,10.5,29.3,19.0,-9.4,19.8,27.9,917.88,582.59,34,62,1,-25.0,51.5,2.0
401524010,2023,3,regular,2023-09-17 00:00:00+00:00,Stanford,Sacramento State,23,30,False,False,0.5625,89.0,0.0,-11.9,21.4,34.5,,,,710.28,83.86,-7,53,0,-7.0,60.5,1.0
401520238,2023,3,regular,2023-09-17 00:00:00+00:00,New Mexico,New Mexico State,17,27,False,False,0.5625,41.0,-64.0,-16.5,22.5,37.2,-1.8,23.3,25.8,375.35,378.99,-10,44,0,-2.75,52.25,2.0
401525840,2023,3,regular,2023-09-17 00:00:00+00:00,Texas,Wyoming,31,10,False,False,0.5625,242.0,140.0,23.2,39.3,17.7,-3.6,23.5,26.1,913.24,338.5,21,41,1,-31.0,48.5,2.0
401525836,2023,3,regular,2023-09-17 00:00:00+00:00,Houston,TCU,13,36,False,True,0.5625,13.0,10.0,-7.8,25.6,32.2,7.9,33.5,25.3,670.25,768.25,-23,49,0,7.25,64.0,2.0
401524008,2023,3,regular,2023-09-17 00:00:00+00:00,Oregon,Hawai'i,55,10,False,False,0.5625,152.8,-112.0,26.2,45.0,18.2,-16.4,19.4,35.7,874.74,407.77,45,65,1,-38.25,67.75,2.0
401531847,2023,3,regular,2023-09-17 00:30:00+00:00,Texas State,Jackson State,77,34,False,False,0.5625,30.799999999999997,0.0,-1.6,31.2,33.8,,,,484.79,351.51,43,111,1,-17.5,61.5,1.0
401524007,2023,3,regular,2023-09-17 02:00:00+00:00,Colorado,Colorado State,43,35,False,False,0.5625,212.0,-70.0,-4.9,29.6,34.4,-8.9,21.9,32.0,711.87,413.96,8,78,1,-21.333333333333332,63.25,3.0
401524005,2023,3,regular,2023-09-17 02:30:00+00:00,Arizona State,Fresno State,0,29,False,False,0.5625,-20.0,108.0,-11.3,20.2,29.9,2.5,28.9,27.9,681.32,555.3,-29,29,0,3.75,48.0,2.0
401525837,2023,3,regular,2023-09-17 02:30:00+00:00,Nevada,Kansas,24,31,False,False,0.5625,-124.0,156.0,-22.0,14.6,37.0,9.9,35.6,26.1,470.32,632.68,-7,55,0,28.5,58.0,2.0
401520219,2023,3,regular,2023-09-17 03:00:00+00:00,Arizona,UTEP,31,10,False,False,0.5625,22.799999999999997,-34.400000000000006,14.1,37.3,23.1,-16.2,16.9,32.0,687.01,379.64,21,41,1,-18.25,57.25,2.0
401531849,2023,4,regular,2023-09-21 23:30:00+00:00,Coastal Carolina,Georgia State,17,30,False,True,0.5625,137.0,178.0,-1.2,27.6,27.2,-6.8,28.2,33.3,515.69,499.67,-13,47,0,-5.833333333333333,62.666666666666664,3.0
401520266,2023,4,regular,2023-09-22 23:00:00+00:00,Purdue,Wisconsin,17,38,False,True,0.5625,-27.19999999999999,118.8,-7.3,21.8,27.1,9.4,22.2,14.1,671.1,741.63,-21,55,0,6.0,54.166666666666664,3.0
401525505,2023,4,regular,2023-09-22 23:30:00+00:00,Virginia,NC State,21,24,False,True,0.5625,-52.0,125.0,-10.8,21.0,31.7,7.4,25.5,19.7,622.7,700.85,-3,45,0,8.0,47.5,3.0
401532583,2023,4,regular,2023-09-23 02:30:00+00:00,San Diego State,Boise State,31,34,False,True,0.5625,96.0,39.0,-10.3,19.4,30.2,5.9,32.7,28.2,440.15,579.88,-3,65,0,5.833333333333333,46.666666666666664,3.0
401532584,2023,4,regular,2023-09-23 02:30:00+00:00,San José State,Air Force,20,45,False,True,0.5625,-31.200000000000003,210.0,-3.4,28.1,29.5,5.9,25.6,20.9,513.83,0.0,-25,65,0,6.166666666666667,45.333333333333336,3.0
401525507,2023,4,regular,2023-09-23 16:00:00+00:00,Clemson,Florida State,24,31,False,True,0.5625,101.0,374.8,10.5,29.3,19.0,19.4,34.1,16.5,917.88,765.33,-7,55,0,2.0,55.166666666666664,3.0
401520260,2023,4,regular,2023-09-23 16:00:00+00:00,Michigan,Rutgers,31,7,False,True,0.5625,216.0,252.0,31.3,36.6,7.2,3.5,21.0,18.7,850.43,636.35,24,38,1,-23.833333333333332,43.833333333333336,3.0
401525845,2023,4,regular,2023-09-23 16:00:00+00:00,Cincinnati,Oklahoma,6,20,False,True,0.5625,68.0,284.0,-6.8,21.3,28.3,15.0,38.5,22.6,663.68,884.97,-14,26,0,13.666666666666666,57.5,3.0
401520268,2023,4,regular,2023-09-23 16:00:00+00:00,Syracuse,Army,29,16,False,False,0.5625,188.0,85.80000000000001,-4.4,22.2,26.1,-4.0,18.4,22.5,610.75,0.0,13,45,1,-13.0,50.166666666666664,3.0
401520270,2023,4,regular,2023-09-23 16:00:00+00:00,Texas A&M,Auburn,27,10,False,True,0.5625,101.0,212.8,15.6,34.5,18.8,7.6,26.4,20.1,925.92,770.94,17,37,1,-9.0,51.166666666666664,3.0
401531338,2023,4,regular,2023-09-23 16:00:00+00:00,Northern Illinois,Tulsa,14,22,False,False,0.5625,-39.39999999999999,56.0,-7.5,18.3,24.2,-13.7,20.9,34.7,352.36,520.23,-8,36,0,-3.8333333333333335,54.5,3.0
401520271,2023,4,regular,2023-09-23 16:00:00+00:00,Troy,Western Kentucky,27,24,False,False,0.5625,38.0,177.0,9.8,30.7,20.1,-2.0,28.7,30.1,454.06,491.26,3,51,1,-3.5,57.0,3.0
401525849,2023,4,regular,2023-09-23 16:00:00+00:00,TCU,SMU,34,17,False,False,0.5625,78.0,117.0,7.9,33.5,25.3,10.1,34.1,23.0,768.25,714.21,17,51,1,-6.833333333333333,62.833333333333336,3.0
401520274,2023,4,regular,2023-09-23 16:00:00+00:00,Vanderbilt,Kentucky,28,45,False,True,0.5625,-24.200000000000003,180.0,-12.7,23.6,36.3,10.5,31.6,22.2,639.88,740.54,-17,73,0,13.333333333333334,50.0,3.0
401525511,2023,4,regular,2023-09-23 16:00:00+00:00,Marshall,Virginia Tech,24,17,False,False,0.5625,118.0,-72.2,-9.0,24.4,31.5,5.8,27.5,23.3,478.59,638.89,7,41,1,-5.333333333333333,41.333333333333336,3.0
401532406,2023,4,regular,2023-09-23 17:30:00+00:00,Toledo,Western Michigan,49,31,False,True,0.5625,102.8,-14.200000000000003,3.7,25.5,21.7,-15.9,19.1,33.2,497.64,401.82,18,80,1,-21.5,52.666666666666664,3.0
401531871,2023,4,regular,2023-09-23 18:00:00+00:00,Ball State,Georgia Southern,3,40,False,False,0.5625,72.0,101.0,-14.9,12.6,26.3,-5.2,30.8,36.5,403.54,416.69,-37,43,0,6.0,60.833333333333336,3.0
401520263,2023,4,regular,2023-09-23 19:30:00+00:00,Nebraska,Louisiana Tech,28,14,False,False,0.5625,11.799999999999997,49.0,0.3,15.6,13.9,-12.9,22.1,36.0,765.2,433.72,14,42,1,-20.666666666666668,45.333333333333336,3.0
401520255,2023,4,regular,2023-09-23 19:30:00+00:00,Illinois,Florida Atlantic,23,17,False,False,0.5625,64.0,-9.0,-2.5,21.6,24.1,-9.4,19.8,27.9,630.95,582.59,6,40,1,-16.0,45.5,3.0
401525509,2023,4,regular,2023-09-23 19:30:00+00:00,Temple,Miami,7,41,False,False,0.5625,52.8,282.0,-21.0,18.6,37.8,9.6,30.7,23.1,554.47,860.27,-34,48,0,23.333333333333332,46.5,3.0
401531873,2023,4,regular,2023-09-23 19:30:00+00:00,Old Dominion,East Texas A&M,10,9,False,False,0.5625,-52.2,0.0,-10.1,23.1,31.3,,,,343.17,,1,19,1,,,
401520250,2023,4,regular,2023-09-23 19:30:00+00:00,Alabama,Ole Miss,24,10,False,True,0.5625,163.8,296.0,23.1,36.8,15.6,18.4,36.3,19.2,1015.43,756.04,14,34,1,-7.0,55.666666666666664,3.0
401520272,2023,4,regular,2023-09-23 19:30:00+00:00,UConn,Duke,7,41,False,False,0.5625,-157.2,288.0,-15.6,17.0,31.0,9.4,27.3,19.5,484.94,620.9,-34,48,0,22.166666666666668,44.833333333333336,3.0
401532408,2023,4,regular,2023-09-23 19:30:00+00:00,Miami (OH),Delaware State,62,20,False,False,0.5625,141.8,-57.2,2.8,18.5,17.7,,,,408.16,28.74,42,82,1,-40.5,49.5,1.0
401526835,2023,4,regular,2023-09-23 19:30:00+00:00,Massachusetts,New Mexico,31,34,False,False,0.5625,-47.19999999999999,-29.0,-17.5,20.8,36.2,-16.5,22.5,37.2,565.65,375.35,-3,65,0,-3.5,49.166666666666664,3.0
401525850,2023,4,regular,2023-09-23 19:30:00+00:00,West Virginia,Texas Tech,20,13,False,True,0.5625,127.0,23.799999999999997,7.5,31.5,24.6,6.1,29.6,24.7,666.23,694.26,7,33,1,5.833333333333333,54.166666666666664,3.0
401532405,2023,4,regular,2023-09-23 19:30:00+00:00,Bowling Green,Ohio,7,38,False,True,0.5625,72.0,151.0,-7.8,21.5,27.4,-1.6,18.5,18.1,397.62,342.6,-31,45,0,13.0,44.833333333333336,3.0
401524015,2023,4,regular,2023-09-23 19:30:00+00:00,Oregon,Colorado,42,6,False,True,0.5625,212.8,262.0,26.2,45.0,18.2,-4.9,29.6,34.4,874.74,711.87,36,48,1,-21.0,70.0,3.0
401520261,2023,4,regular,2023-09-23 19:30:00+00:00,Michigan State,Maryland,9,31,False,True,0.5625,121.0,180.0,-6.8,15.7,24.0,11.0,28.3,17.6,747.34,685.75,-22,40,0,7.333333333333333,52.5,3.0
401525847,2023,4,regular,2023-09-23 19:30:00+00:00,Kansas,BYU,38,27,False,True,0.5625,214.0,212.8,9.9,35.6,26.1,-3.3,25.3,30.3,632.68,576.25,11,65,1,-9.333333333333334,54.833333333333336,3.0
401525506,2023,4,regular,2023-09-23 19:30:00+00:00,Louisville,Boston College,56,28,False,True,0.5625,255.0,-4.0,8.0,30.1,22.3,-5.9,22.2,27.6,744.16,650.23,28,84,1,-13.833333333333334,53.5,3.0
401524017,2023,4,regular,2023-09-23 19:30:00+00:00,Utah,UCLA,14,7,False,True,0.5625,214.0,224.0,8.5,26.7,19.4,9.7,29.6,18.4,722.55,752.6,7,21,1,-3.8333333333333335,51.333333333333336,3.0
401531423,2023,4,regular,2023-09-23 20:00:00+00:00,South Florida,Rice,42,29,False,True,0.5625,-0.20000000000000284,137.0,-6.6,28.4,34.5,-10.2,26.0,34.4,622.89,466.78,13,71,1,2.5,57.333333333333336,3.0
401520269,2023,4,regular,2023-09-23 20:00:00+00:00,Tennessee,UTSA,45,14,False,False,0.5625,92.8,-37.0,16.2,34.9,19.2,5.4,31.3,27.3,821.07,574.52,31,59,1,-23.333333333333332,59.166666666666664,3.0
401525846,2023,4,regular,2023-09-23 20:00:00+00:00,Iowa State,Oklahoma State,34,27,False,True,0.5625,-27.200000000000003,58.0,7.5,26.4,20.1,6.7,32.8,27.1,638.87,649.79,7,61,1,-3.5,36.166666666666664,3.0
401520257,2023,4,regular,2023-09-23 21:00:00+00:00,Jacksonville State,Eastern Michigan,21,0,False,False,0.5625,52.8,52.8,-1.6,24.8,25.9,-12.3,13.0,26.8,227.27,377.07,21,21,1,-6.5,51.0,3.0
401531876,2023,4,regular,2023-09-23 21:00:00+00:00,South Alabama,Central Michigan,30,34,False,False,0.5625,111.60000000000001,7.799999999999997,5.1,30.6,26.0,-19.1,16.8,34.0,545.68,332.64,-4,64,0,-16.166666666666668,47.166666666666664,3.0
401531413,2023,4,regular,2023-09-23 22:00:00+00:00,East Carolina,Gardner-Webb,44,0,False,False,0.5625,-131.2,-57.2,-12.8,15.4,28.1,,,,563.94,80.81,44,44,1,-13.0,51.0,1.0
401520275,2023,4,regular,2023-09-23 22:30:00+00:00,Florida International,Liberty,6,38,False,True,0.5625,121.0,224.0,-21.2,16.0,35.6,8.0,36.2,26.3,487.5,330.29,-32,44,0,10.0,53.166666666666664,3.0
401525508,2023,4,regular,2023-09-23 22:30:00+00:00,Wake Forest,Georgia Tech,16,30,False,True,0.5625,178.0,55.0,-7.9,20.2,26.9,0.3,29.4,29.1,603.68,710.85,-14,46,0,-3.6666666666666665,58.5,3.0
401531877,2023,4,regular,2023-09-23 23:00:00+00:00,Texas State,Nevada,35,24,False,False,0.5625,90.8,-149.0,-1.6,31.2,33.8,-22.0,14.6,37.0,484.79,470.32,11,59,1,-17.0,59.5,3.0
401520251,2023,4,regular,2023-09-23 23:00:00+00:00,Florida,Charlotte,22,7,False,False,0.5625,191.0,-29.0,6.8,31.1,26.0,-21.4,14.8,34.4,845.29,554.96,15,29,1,-27.833333333333332,48.5,3.0
401520258,2023,4,regular,2023-09-23 23:00:00+00:00,LSU,Arkansas,34,31,False,True,0.5625,193.8,100.0,19.1,44.6,25.0,3.5,28.3,26.6,899.31,730.93,3,65,1,-17.666666666666668,55.333333333333336,3.0
401531874,2023,4,regular,2023-09-23 23:00:00+00:00,Arkansas State,Southern Miss,44,37,False,True,0.5625,-7.0,15.0,-6.3,25.8,32.8,-14.4,23.5,36.4,487.4,425.21,7,81,1,6.666666666666667,47.333333333333336,3.0
401524019,2023,4,regular,2023-09-23 23:00:00+00:00,Washington State,Oregon State,38,35,False,True,0.5625,242.0,228.8,4.9,31.0,27.4,12.6,33.2,22.3,573.28,653.16,3,73,1,3.0,58.5,3.0
401520254,2023,4,regular,2023-09-23 23:00:00+00:00,Houston,Sam Houston,38,7,False,False,0.5625,-22.0,-127.2,-7.8,25.6,32.2,-13.8,16.0,28.8,670.25,240.42,31,45,1,-11.5,37.166666666666664,3.0
401531349,2023,4,regular,2023-09-23 23:00:00+00:00,Tulane,Nicholls,36,7,False,False,0.5625,141.0,-19.0,2.8,26.5,24.4,,,,537.7,57.04,29,43,1,-38.0,55.5,1.0
401531870,2023,4,regular,2023-09-23 23:00:00+00:00,Wyoming,App State,22,19,False,False,0.5625,165.0,129.0,-3.6,23.5,26.1,3.8,33.5,30.7,338.5,517.56,3,41,1,-3.0,44.666666666666664,3.0
401524016,2023,4,regular,2023-09-23 23:00:00+00:00,Stanford,Arizona,20,21,False,True,0.5625,14.0,82.8,-11.9,21.4,34.5,14.1,37.3,23.1,710.28,687.01,-1,41,0,12.833333333333334,59.833333333333336,3.0
401520262,2023,4,regular,2023-09-23 23:00:00+00:00,Middle Tennessee,Colorado State,23,31,False,False,0.5625,74.0,-63.0,-9.5,21.5,30.0,-8.9,21.9,32.0,487.98,413.96,-8,54,0,-3.5,50.5,3.0
401521330,2023,4,regular,2023-09-23 23:30:00+00:00,Notre Dame,Ohio State,14,17,False,False,0.5625,346.0,224.0,20.1,36.3,16.7,25.2,31.5,7.8,870.7,974.79,-3,31,0,3.1666666666666665,55.5,3.0
401520252,2023,4,regular,2023-09-23 23:30:00+00:00,Georgia,UAB,49,21,False,False,0.5625,216.0,-67.2,31.2,41.5,12.2,-14.7,26.9,39.6,977.87,473.46,28,70,1,-40.833333333333336,55.833333333333336,3.0
401520259,2023,4,regular,2023-09-23 23:30:00+00:00,Missouri,Memphis,34,27,True,False,0.5625,232.0,218.8,19.3,36.5,18.0,3.5,37.1,33.8,755.4,626.86,7,61,1,-6.5,52.0,3.0
401520256,2023,4,regular,2023-09-23 23:30:00+00:00,Indiana,Akron,29,27,False,False,0.5625,32.0,-36.0,-7.4,19.6,27.2,-21.6,10.5,30.1,677.57,445.02,2,56,1,-16.5,45.833333333333336,3.0
401520264,2023,4,regular,2023-09-23 23:30:00+00:00,Northwestern,Minnesota,37,34,False,True,0.5625,-6.200000000000003,133.0,-1.3,18.5,18.5,0.4,20.0,21.1,657.88,640.46,3,71,1,11.166666666666666,39.5,3.0
401520267,2023,4,regular,2023-09-23 23:30:00+00:00,South Carolina,Mississippi State,37,30,False,True,0.5625,56.0,149.0,4.3,28.2,25.6,0.5,24.7,24.9,763.02,746.29,7,67,1,-6.0,46.833333333333336,3.0
401525844,2023,4,regular,2023-09-23 23:30:00+00:00,Baylor,Texas,6,38,False,True,0.5625,-7.0,338.0,-8.3,24.5,32.6,23.2,39.3,17.7,678.0,913.24,-32,44,0,16.5,49.166666666666664,3.0
401520265,2023,4,regular,2023-09-23 23:30:00+00:00,Penn State,Iowa,31,0,False,True,0.5625,288.8,236.0,23.5,32.7,10.5,5.8,13.8,9.3,858.06,692.62,31,31,1,-14.166666666666666,38.666666666666664,3.0
401531875,2023,4,regular,2023-09-23 23:30:00+00:00,Louisiana,Buffalo,45,38,False,False,0.5625,61.0,-129.0,0.4,32.4,33.1,-15.2,15.3,29.5,475.45,296.09,7,83,1,-10.333333333333334,57.5,3.0
401525510,2023,4,regular,2023-09-24 00:00:00+00:00,Pittsburgh,North Carolina,24,41,False,True,0.5625,-9.0,320.0,-7.3,19.3,26.0,7.4,34.4,27.8,700.42,805.63,-17,65,0,7.166666666666667,49.666666666666664,3.0
401531872,2023,4,regular,2023-09-24 00:00:00+00:00,Utah State,James Madison,38,45,False,False,0.5625,-12.200000000000003,234.0,-10.9,28.6,38.6,11.8,34.6,23.7,435.99,196.53,-7,83,0,5.0,52.833333333333336,3.0
401525848,2023,4,regular,2023-09-24 00:00:00+00:00,Kansas State,UCF,44,31,False,True,0.5625,171.0,212.8,16.2,38.9,21.8,3.4,30.3,25.2,616.0,653.97,13,75,1,-5.333333333333333,52.666666666666664,3.0
401520273,2023,4,regular,2023-09-24 01:00:00+00:00,UTEP,UNLV,28,45,False,False,0.5625,-53.400000000000006,139.0,-16.2,16.9,32.0,1.4,32.1,32.7,379.64,354.46,-17,73,0,-0.16666666666666666,49.666666666666664,3.0
401532407,2023,4,regular,2023-09-24 02:30:00+00:00,Fresno State,Kent State,53,10,False,False,0.5625,176.0,-54.400000000000006,2.5,28.9,27.9,-26.3,8.2,34.8,555.3,373.33,43,63,1,-27.5,47.333333333333336,3.0
401524014,2023,4,regular,2023-09-24 02:30:00+00:00,Arizona State,USC,28,42,False,True,0.5625,-90.0,216.0,-11.3,20.2,29.9,9.4,43.3,32.8,681.32,896.41,-14,70,0,34.333333333333336,62.0,3.0
401524018,2023,4,regular,2023-09-24 02:30:00+00:00,Washington,California,59,32,False,True,0.5625,264.8,143.8,16.4,40.3,24.7,-0.1,30.6,28.7,751.12,681.14,27,91,1,-20.5,56.0,3.0
401520253,2023,4,regular,2023-09-24 03:59:00+00:00,Hawai'i,New Mexico State,20,17,False,False,0.5625,-105.0,4.0,-16.4,19.4,35.7,-1.8,23.3,25.8,407.77,378.99,3,37,1,-3.6666666666666665,55.666666666666664,3.0
401520277,2023,5,regular,2023-09-28 23:30:00+00:00,Western Kentucky,Middle Tennessee,31,10,False,True,0.5625,168.0,-1.0,-2.0,28.7,30.1,-9.5,21.5,30.0,491.26,487.98,21,41,1,-6.333333333333333,60.333333333333336,3.0
401531339,2023,5,regular,2023-09-28 23:30:00+00:00,Tulsa,Temple,48,26,False,True,0.5625,114.0,29.799999999999997,-13.7,20.9,34.7,-21.0,18.6,37.8,520.23,554.47,22,74,1,-3.1666666666666665,55.166666666666664,3.0
401520276,2023,5,regular,2023-09-29 00:00:00+00:00,Sam Houston,Jacksonville State,28,35,False,True,0.5625,-224.2,112.8,-13.8,16.0,28.8,-1.6,24.8,25.9,240.42,227.27,-7,63,0,6.666666666666667,36.166666666666664,3.0
401525512,2023,5,regular,2023-09-29 23:00:00+00:00,NC State,Louisville,10,13,False,True,0.5625,183.0,351.0,7.4,25.5,19.7,8.0,30.1,22.3,700.85,744.16,-3,23,0,3.3333333333333335,55.833333333333336,3.0
401524020,2023,5,regular,2023-09-30 01:00:00+00:00,Oregon State,Utah,21,7,False,True,0.5625,229.8,322.0,12.6,33.2,22.3,8.5,26.7,19.4,653.16,722.55,14,28,1,-3.5,44.0,3.0
401520278,2023,5,regular,2023-09-30 01:00:00+00:00,UTEP,Louisiana Tech,10,24,False,True,0.5625,-123.4,-8.200000000000003,-16.2,16.9,32.0,-12.9,22.1,36.0,379.64,433.72,-14,34,0,0.6666666666666666,50.833333333333336,3.0
401525851,2023,5,regular,2023-09-30 02:15:00+00:00,BYU,Cincinnati,35,27,False,True,0.5625,193.8,53.0,-3.3,25.3,30.3,-6.8,21.3,28.3,576.25,663.68,8,62,1,-0.5,48.666666666666664,3.0
401531880,2023,5,regular,2023-09-30 16:00:00+00:00,James Madison,South Alabama,31,23,False,True,0.5625,292.0,36.60000000000001,11.8,34.6,23.7,5.1,30.6,26.0,196.53,545.68,8,54,1,-2.5,50.0,3.0
401520279,2023,5,regular,2023-09-30 16:00:00+00:00,Arkansas,Texas A&M,22,34,True,True,0.5625,119.0,221.0,3.5,28.3,26.6,15.6,34.5,18.8,730.93,925.92,-12,56,0,6.333333333333333,54.0,3.0
401524023,2023,5,regular,2023-09-30 16:00:00+00:00,Colorado,USC,41,48,False,True,0.5625,275.0,284.0,-4.9,29.6,34.4,9.4,43.3,32.8,711.87,896.41,-7,89,0,21.666666666666668,74.16666666666667,3.0
401531370,2023,5,regular,2023-09-30 16:00:00+00:00,Tulane,UAB,35,23,False,True,0.5625,201.0,-36.2,2.8,26.5,24.4,-14.7,26.9,39.6,537.7,473.46,12,58,1,-22.0,58.333333333333336,3.0
401525514,2023,5,regular,2023-09-30 16:00:00+00:00,Syracuse,Clemson,14,31,False,True,0.5625,284.0,120.0,-4.4,22.2,26.1,10.5,29.3,19.0,610.75,917.88,-17,45,0,6.833333333333333,52.833333333333336,3.0
401520282,2023,5,regular,2023-09-30 16:00:00+00:00,Kentucky,Florida,33,14,False,True,0.5625,248.0,251.0,10.5,31.6,22.2,6.8,31.1,26.0,740.54,845.29,19,47,1,-1.6666666666666667,45.166666666666664,3.0
401520292,2023,5,regular,2023-09-30 16:00:00+00:00,UConn,Utah State,33,34,False,False,0.5625,-176.2,-37.2,-15.6,17.0,31.0,-10.9,28.6,38.6,484.94,435.99,-1,67,0,4.833333333333333,50.833333333333336,3.0
401532412,2023,5,regular,2023-09-30 16:00:00+00:00,Akron,Buffalo,10,13,False,True,0.5625,-103.0,-166.2,-21.6,10.5,30.1,-15.2,15.3,29.5,445.02,296.09,-3,23,0,-2.6666666666666665,54.666666666666664,3.0
401520284,2023,5,regular,2023-09-30 16:00:00+00:00,Minnesota,Louisiana,35,24,False,False,0.5625,95.8,111.0,0.4,20.0,21.1,0.4,32.4,33.1,640.46,475.45,11,59,1,-10.166666666666666,48.333333333333336,3.0
401520287,2023,5,regular,2023-09-30 16:00:00+00:00,Northwestern,Penn State,13,41,False,True,0.5625,73.8,412.8,-1.3,18.5,18.5,23.5,32.7,10.5,657.88,858.06,-28,54,0,26.5,46.666666666666664,3.0
401532410,2023,5,regular,2023-09-30 17:30:00+00:00,Central Michigan,Eastern Michigan,26,23,False,True,0.5625,100.60000000000001,-4.400000000000006,-19.1,16.8,34.0,-12.3,13.0,26.8,332.64,377.07,3,49,1,-8.166666666666666,46.833333333333336,3.0
401525513,2023,5,regular,2023-09-30 18:00:00+00:00,Boston College,Virginia,27,24,False,True,0.5625,-23.0,-77.0,-5.9,22.2,27.6,-10.8,21.0,31.7,650.23,622.7,3,51,1,-3.8333333333333335,53.333333333333336,3.0
401532413,2023,5,regular,2023-09-30 18:30:00+00:00,Kent State,Miami (OH),3,23,False,True,0.5625,-111.60000000000001,201.8,-26.3,8.2,34.8,2.8,18.5,17.7,373.33,408.16,-20,26,0,14.333333333333334,49.833333333333336,3.0
401524022,2023,5,regular,2023-09-30 19:00:00+00:00,California,Arizona State,24,21,False,True,0.5625,160.8,-83.0,-0.1,30.6,28.7,-11.3,20.2,29.9,681.14,681.32,3,45,1,-12.333333333333334,48.166666666666664,3.0
401520290,2023,5,regular,2023-09-30 19:30:00+00:00,Rutgers,Wagner,52,3,False,False,0.5625,281.0,-97.0,3.5,21.0,18.7,,,,636.35,26.18,49,55,1,-46.0,52.5,1.0
401525856,2023,5,regular,2023-09-30 19:30:00+00:00,UCF,Baylor,35,36,False,True,0.5625,193.8,4.0,3.4,30.3,25.2,-8.3,24.5,32.6,653.97,678.0,-1,71,0,-10.666666666666666,55.833333333333336,3.0
401531881,2023,5,regular,2023-09-30 19:30:00+00:00,Marshall,Old Dominion,41,35,False,True,0.5625,198.0,-2.200000000000003,-9.0,24.4,31.5,-10.1,23.1,31.3,478.59,343.17,6,76,1,-14.166666666666666,46.833333333333336,3.0
401532409,2023,5,regular,2023-09-30 19:30:00+00:00,Western Michigan,Ball State,42,24,False,True,0.5625,-71.4,2.0,-15.9,19.1,33.2,-14.9,12.6,26.3,401.82,403.54,18,66,1,-1.3333333333333333,50.833333333333336,3.0
401520289,2023,5,regular,2023-09-30 19:30:00+00:00,Purdue,Illinois,44,19,False,True,0.5625,-62.19999999999999,114.0,-7.3,21.8,27.1,-2.5,21.6,24.1,671.1,630.95,25,63,1,-0.6666666666666666,53.5,3.0
401525854,2023,5,regular,2023-09-30 19:30:00+00:00,Texas,Kansas,40,14,False,True,0.5625,406.0,310.0,23.2,39.3,17.7,9.9,35.6,26.1,913.24,632.68,26,54,1,-16.333333333333332,61.666666666666664,3.0
401520280,2023,5,regular,2023-09-30 19:30:00+00:00,Auburn,Georgia,20,27,False,True,0.5625,193.8,276.0,7.6,26.4,20.1,31.2,41.5,12.2,770.94,977.87,-7,47,0,14.166666666666666,45.666666666666664,3.0
401525515,2023,5,regular,2023-09-30 19:30:00+00:00,Georgia Tech,Bowling Green,27,38,False,False,0.5625,123.0,2.0,0.3,29.4,29.1,-7.8,21.5,27.4,710.85,397.62,-11,65,0,-21.833333333333332,51.166666666666664,3.0
401532411,2023,5,regular,2023-09-30 19:30:00+00:00,Toledo,Northern Illinois,35,33,False,True,0.5625,162.8,-114.39999999999999,3.7,25.5,21.7,-7.5,18.3,24.2,497.64,352.36,2,68,1,-13.166666666666666,48.333333333333336,3.0
401525855,2023,5,regular,2023-09-30 19:30:00+00:00,Texas Tech,Houston,49,28,False,True,0.5625,14.799999999999997,38.0,6.1,29.6,24.7,-7.8,25.6,32.2,694.26,670.25,21,77,1,-9.0,51.333333333333336,3.0
401520286,2023,5,regular,2023-09-30 19:30:00+00:00,Nebraska,Michigan,7,45,False,True,0.5625,71.8,312.0,0.3,15.6,13.9,31.3,36.6,7.2,765.2,850.43,-38,52,0,17.166666666666668,39.5,3.0
401531424,2023,5,regular,2023-09-30 19:30:00+00:00,Navy,South Florida,30,44,False,True,0.5625,23.799999999999997,59.8,-13.7,15.0,27.2,-6.6,28.4,34.5,0.0,622.89,-14,74,0,-3.6666666666666665,54.333333333333336,3.0
401520283,2023,5,regular,2023-09-30 19:30:00+00:00,Maryland,Indiana,44,17,False,True,0.5625,288.8,82.0,11.0,28.3,17.6,-7.4,19.6,27.2,685.75,677.57,27,61,1,-14.166666666666666,50.0,3.0
401526836,2023,5,regular,2023-09-30 19:30:00+00:00,Massachusetts,Arkansas State,28,52,False,False,0.5625,-122.19999999999999,43.0,-17.5,20.8,36.2,-6.3,25.8,32.8,565.65,487.4,-24,80,0,-1.6666666666666667,55.166666666666664,3.0
401531429,2023,5,regular,2023-09-30 20:00:00+00:00,Memphis,Boise State,35,32,False,False,0.5625,193.8,97.0,3.5,37.1,33.8,5.9,32.7,28.2,626.86,579.88,3,67,1,-3.3333333333333335,59.166666666666664,3.0
401532586,2023,5,regular,2023-09-30 20:00:00+00:00,UNLV,Hawai'i,44,20,False,True,0.5625,207.0,-25.0,1.4,32.1,32.7,-16.4,19.4,35.7,354.46,407.77,24,64,1,-10.833333333333334,59.0,3.0
401532588,2023,5,regular,2023-09-30 20:00:00+00:00,Wyoming,New Mexico,35,26,False,True,0.5625,245.0,29.0,-3.6,23.5,26.1,-16.5,22.5,37.2,338.5,375.35,9,61,1,-14.166666666666666,40.833333333333336,3.0
401520293,2023,5,regular,2023-09-30 20:00:00+00:00,Vanderbilt,Missouri,21,38,False,True,0.5625,-59.2,352.0,-12.7,23.6,36.3,19.3,36.5,18.0,639.88,755.4,-17,59,0,13.666666666666666,54.666666666666664,3.0
401520288,2023,5,regular,2023-09-30 22:00:00+00:00,Ole Miss,LSU,55,49,False,True,0.5625,303.0,273.8,18.4,36.3,19.2,19.1,44.6,25.0,756.04,899.31,6,104,1,2.8333333333333335,66.5,3.0
401524024,2023,5,regular,2023-09-30 22:30:00+00:00,Stanford,Oregon,6,42,False,True,0.5625,-11.0,346.8,-11.9,21.4,34.5,26.2,45.0,18.2,710.28,874.74,-36,48,0,27.0,60.5,3.0
401531883,2023,5,regular,2023-09-30 23:00:00+00:00,Southern Miss,Texas State,36,50,False,True,0.5625,-22.200000000000003,150.8,-14.4,23.5,36.4,-1.6,31.2,33.8,425.21,484.79,-14,86,0,6.166666666666667,61.0,3.0
401525852,2023,5,regular,2023-09-30 23:00:00+00:00,Oklahoma,Iowa State,50,20,False,True,0.5625,392.8,52.8,15.0,38.5,22.6,7.5,26.4,20.1,884.97,638.87,30,70,1,-19.833333333333332,48.5,3.0
401532585,2023,5,regular,2023-09-30 23:00:00+00:00,Colorado State,Utah Tech,41,20,False,False,0.5625,-5.0,0.0,-8.9,21.9,32.0,,,,413.96,,21,61,1,,,
401531436,2023,5,regular,2023-09-30 23:00:00+00:00,North Texas,Abilene Christian,45,31,False,False,0.5625,-79.0,0.0,-6.7,32.9,41.3,,,,474.38,306.57,14,76,1,-15.5,70.5,1.0
401531414,2023,5,regular,2023-09-30 23:00:00+00:00,Rice,East Carolina,24,17,False,True,0.5625,79.8,-71.2,-10.2,26.0,34.4,-12.8,15.4,28.1,466.78,563.94,7,41,1,-3.3333333333333335,47.333333333333336,3.0
401531879,2023,5,regular,2023-09-30 23:00:00+00:00,Georgia State,Troy,7,28,False,True,0.5625,286.8,118.0,-6.8,28.2,33.3,9.8,30.7,20.1,499.67,454.06,-21,35,0,-1.1666666666666667,51.0,3.0
401531878,2023,5,regular,2023-09-30 23:00:00+00:00,Georgia Southern,Coastal Carolina,38,28,False,True,0.5625,169.0,67.0,-5.2,30.8,36.5,-1.2,27.6,27.2,416.69,515.69,10,66,1,-6.166666666666667,64.66666666666667,3.0
401531404,2023,5,regular,2023-09-30 23:30:00+00:00,SMU,Charlotte,34,16,False,True,0.5625,98.0,-46.0,10.1,34.1,23.0,-21.4,14.8,34.4,714.21,554.96,18,50,1,-23.166666666666668,54.166666666666664,3.0
401520291,2023,5,regular,2023-09-30 23:30:00+00:00,Tennessee,South Carolina,41,20,False,True,0.5625,188.8,136.0,16.2,34.9,19.2,4.3,28.2,25.6,821.07,763.02,21,61,1,-12.5,61.833333333333336,3.0
401520281,2023,5,regular,2023-09-30 23:30:00+00:00,Iowa,Michigan State,26,16,False,True,0.5625,255.0,86.0,5.8,13.8,9.3,-6.8,15.7,24.0,692.62,747.34,10,42,1,-11.5,36.5,3.0
401525438,2023,5,regular,2023-09-30 23:30:00+00:00,Duke,Notre Dame,14,21,False,False,0.5625,356.0,361.0,9.4,27.3,19.5,20.1,36.3,16.7,620.9,870.7,-7,35,0,5.5,53.166666666666664,3.0
401525516,2023,5,regular,2023-10-01 00:00:00+00:00,Virginia Tech,Pittsburgh,38,21,False,True,0.5625,-139.2,-26.0,5.8,27.5,23.3,-7.3,19.3,26.0,638.89,700.42,17,59,1,2.6666666666666665,39.833333333333336,3.0
401531882,2023,5,regular,2023-10-01 00:00:00+00:00,UL Monroe,App State,40,41,False,True,0.5625,121.0,91.8,-21.6,17.6,37.5,3.8,33.5,30.7,336.22,517.56,-1,81,0,13.5,51.5,3.0
401532589,2023,5,regular,2023-10-01 00:00:00+00:00,Air Force,San Diego State,49,10,False,True,0.5625,318.8,46.0,5.9,25.6,20.9,-10.3,19.4,30.2,0.0,440.15,39,59,1,-10.666666666666666,43.666666666666664,3.0
401525853,2023,5,regular,2023-10-01 00:00:00+00:00,TCU,West Virginia,21,24,False,True,0.5625,198.0,207.0,7.9,33.5,25.3,7.5,31.5,24.6,768.25,666.23,-3,45,0,-12.5,51.666666666666664,3.0
401520285,2023,5,regular,2023-10-01 01:00:00+00:00,Mississippi State,Alabama,17,40,False,True,0.5625,111.8,305.8,0.5,24.7,24.9,23.1,36.8,15.6,746.29,1015.43,-23,57,0,15.0,46.166666666666664,3.0
401524021,2023,5,regular,2023-10-01 02:00:00+00:00,Arizona,Washington,24,31,False,True,0.5625,140.8,360.8,14.1,37.3,23.1,16.4,40.3,24.7,687.01,751.12,-7,55,0,19.166666666666668,67.16666666666667,3.0
401532587,2023,5,regular,2023-10-01 02:30:00+00:00,Fresno State,Nevada,27,9,False,True,0.5625,236.0,-206.2,2.5,28.9,27.9,-22.0,14.6,37.0,555.3,470.32,18,36,1,-24.833333333333332,51.666666666666664,3.0
401520294,2023,6,regular,2023-10-05 00:00:00+00:00,Middle Tennessee,Jacksonville State,30,45,False,True,0.5625,-58.2,170.8,-9.5,21.5,30.0,-1.6,24.8,25.9,487.98,227.27,-15,75,0,-3.0,52.0,3.0
401520297,2023,6,regular,2023-10-05 01:00:00+00:00,New Mexico State,Florida International,34,17,False,True,0.5625,-63.0,86.0,-1.8,23.3,25.8,-21.2,16.0,35.6,378.99,487.5,17,51,1,-6.5,49.333333333333336,3.0
401520296,2023,6,regular,2023-10-05 23:00:00+00:00,Liberty,Sam Houston,21,16,False,True,0.5625,292.0,-274.2,8.0,36.2,26.3,-13.8,16.0,28.8,330.29,240.42,5,37,1,-20.5,46.166666666666664,3.0
401520295,2023,6,regular,2023-10-06 00:00:00+00:00,Louisiana Tech,Western Kentucky,28,35,False,True,0.5625,59.8,228.0,-12.9,22.1,36.0,-2.0,28.7,30.1,433.72,491.26,-7,63,0,6.0,59.166666666666664,3.0
401525857,2023,6,regular,2023-10-06 23:30:00+00:00,Oklahoma State,Kansas State,29,21,False,True,0.5625,49.0,267.0,6.7,32.8,27.1,16.2,38.9,21.8,649.79,616.0,8,50,1,11.666666666666666,53.833333333333336,3.0
401520301,2023,6,regular,2023-10-07 00:00:00+00:00,Illinois,Nebraska,7,20,False,True,0.5625,17.0,84.8,-2.5,21.6,24.1,0.3,15.6,13.9,630.95,765.2,-13,27,0,-3.1666666666666665,42.166666666666664,3.0
401525522,2023,6,regular,2023-10-07 16:00:00+00:00,Virginia,William & Mary,27,13,False,False,0.5625,-114.2,0.0,-10.8,21.0,31.7,,,,622.7,,14,40,1,-10.0,42.0,1.0
401520305,2023,6,regular,2023-10-07 16:00:00+00:00,Missouri,LSU,39,49,False,True,0.5625,420.0,276.8,19.3,36.5,18.0,19.1,44.6,25.0,755.4,899.31,-10,88,0,5.5,64.0,3.0
401520298,2023,6,regular,2023-10-07 16:00:00+00:00,Army,Boston College,24,27,False,False,0.5625,28.60000000000001,27.0,-4.0,18.4,22.5,-5.9,22.2,27.6,0.0,650.23,-3,51,0,-2.5,48.0,3.0
401520311,2023,6,regular,2023-10-07 16:00:00+00:00,Wisconsin,Rutgers,24,13,False,True,0.5625,186.8,341.0,9.4,22.2,14.1,3.5,21.0,18.7,741.63,636.35,11,37,1,-12.833333333333334,44.0,3.0
401520307,2023,6,regular,2023-10-07 16:00:00+00:00,Ohio State,Maryland,37,17,False,True,0.5625,374.0,348.8,25.2,31.5,7.8,11.0,28.3,17.6,974.79,685.75,20,54,1,-18.0,56.833333333333336,3.0
401525861,2023,6,regular,2023-10-07 16:00:00+00:00,Texas,Oklahoma,30,34,True,True,0.5625,530.0,512.8,23.2,39.3,17.7,15.0,38.5,22.6,913.24,884.97,-4,64,0,-4.5,61.333333333333336,3.0
401526837,2023,6,regular,2023-10-07 16:00:00+00:00,Massachusetts,Toledo,24,41,False,False,0.5625,-192.2,212.8,-17.5,20.8,36.2,3.7,25.5,21.7,565.65,497.64,-17,65,0,19.0,55.833333333333336,3.0
401520304,2023,6,regular,2023-10-07 16:00:00+00:00,Mississippi State,Western Michigan,41,28,False,False,0.5625,104.8,-11.400000000000006,0.5,24.7,24.9,-15.9,19.1,33.2,746.29,401.82,13,69,1,-21.0,55.333333333333336,3.0
401531389,2023,6,regular,2023-10-07 18:00:00+00:00,Temple,UTSA,34,49,False,True,0.5625,-67.2,-50.0,-21.0,18.6,37.8,5.4,31.3,27.3,554.47,574.52,-15,83,0,14.0,55.833333333333336,3.0
401532415,2023,6,regular,2023-10-07 18:00:00+00:00,Buffalo,Central Michigan,37,13,False,True,0.5625,-108.2,150.60000000000002,-15.2,15.3,29.5,-19.1,16.8,34.0,296.09,332.64,24,50,1,2.6666666666666665,51.833333333333336,3.0
401525521,2023,6,regular,2023-10-07 18:00:00+00:00,NC State,Marshall,48,41,False,False,0.5625,158.0,248.0,7.4,25.5,19.7,-9.0,24.4,31.5,700.85,478.59,7,89,1,-6.5,44.166666666666664,3.0
401524028,2023,6,regular,2023-10-07 19:00:00+00:00,UCLA,Washington State,25,17,False,True,0.5625,245.0,366.0,9.7,29.6,18.4,4.9,31.0,27.4,752.6,573.28,8,42,1,-3.3333333333333335,60.0,3.0
401520306,2023,6,regular,2023-10-07 19:00:00+00:00,Northwestern,Howard,23,20,False,False,0.5625,78.8,-97.0,-1.3,18.5,18.5,,,,657.88,31.25,3,43,1,-23.0,51.0,1.0
401532416,2023,6,regular,2023-10-07 19:30:00+00:00,Miami (OH),Bowling Green,27,0,False,True,0.5625,269.8,110.80000000000001,2.8,18.5,17.7,-7.8,21.5,27.4,408.16,397.62,27,27,1,-8.333333333333334,43.5,3.0
401531433,2023,6,regular,2023-10-07 19:30:00+00:00,Navy,North Texas,27,24,False,True,0.5625,-46.2,-19.0,-13.7,15.0,27.2,-6.7,32.9,41.3,0.0,474.38,3,51,1,-6.333333333333333,60.5,3.0
401525520,2023,6,regular,2023-10-07 19:30:00+00:00,North Carolina,Syracuse,40,7,False,True,0.5625,388.0,249.0,7.4,34.4,27.8,-4.4,22.2,26.1,805.63,610.75,33,47,1,-9.333333333333334,59.333333333333336,3.0
401520302,2023,6,regular,2023-10-07 19:30:00+00:00,Iowa,Purdue,20,14,False,True,0.5625,351.0,33.80000000000001,5.8,13.8,9.3,-7.3,21.8,27.1,692.62,671.1,6,34,1,-2.3333333333333335,38.666666666666664,3.0
401532418,2023,6,regular,2023-10-07 19:30:00+00:00,Akron,Northern Illinois,14,55,False,True,0.5625,-178.0,-151.6,-21.6,10.5,30.1,-7.5,18.3,24.2,445.02,352.36,-41,69,0,4.333333333333333,42.5,3.0
401525518,2023,6,regular,2023-10-07 19:30:00+00:00,Florida State,Virginia Tech,39,17,False,True,0.5625,490.8,-79.2,19.4,34.1,16.5,5.8,27.5,23.3,765.33,638.89,22,56,1,-23.833333333333332,52.666666666666664,3.0
401531884,2023,6,regular,2023-10-07 19:30:00+00:00,Louisiana,Texas State,34,30,False,True,0.5625,53.8,218.8,0.4,32.4,33.1,-1.6,31.2,33.8,475.45,484.79,4,64,1,-1.5,67.33333333333333,3.0
401532417,2023,6,regular,2023-10-07 19:30:00+00:00,Ohio,Kent State,42,17,False,True,0.5625,219.0,-181.60000000000002,-1.6,18.5,18.1,-26.3,8.2,34.8,342.6,373.33,25,59,1,-24.833333333333332,45.5,3.0
401525517,2023,6,regular,2023-10-07 19:30:00+00:00,Clemson,Wake Forest,17,12,False,True,0.5625,228.8,108.0,10.5,29.3,19.0,-7.9,20.2,26.9,917.88,603.68,5,29,1,-21.0,53.0,3.0
401532414,2023,6,regular,2023-10-07 19:30:00+00:00,Eastern Michigan,Ball State,24,10,False,True,0.5625,-71.4,-95.0,-12.3,13.0,26.8,-14.9,12.6,26.3,377.07,403.54,14,34,1,-2.3333333333333335,43.333333333333336,3.0
401520310,2023,6,regular,2023-10-07 19:30:00+00:00,Texas A&M,Alabama,20,26,False,True,0.5625,365.0,414.6,15.6,34.5,18.8,23.1,36.8,15.6,925.92,1015.43,-6,46,0,2.0,45.5,3.0
401531380,2023,6,regular,2023-10-07 20:00:00+00:00,UAB,South Florida,56,35,False,True,0.5625,-93.4,127.8,-14.7,26.9,39.6,-6.6,28.4,34.5,473.46,622.89,21,91,1,3.1666666666666665,68.16666666666667,3.0
401520299,2023,6,regular,2023-10-07 20:00:00+00:00,Florida,Vanderbilt,38,14,False,True,0.5625,232.0,-88.2,6.8,31.1,26.0,-12.7,23.6,36.3,845.29,639.88,24,52,1,-18.333333333333332,51.166666666666664,3.0
401531887,2023,6,regular,2023-10-07 20:00:00+00:00,Troy,Arkansas State,37,3,False,True,0.5625,226.8,111.0,9.8,30.7,20.1,-6.3,25.8,32.8,454.06,487.4,34,40,1,-15.666666666666666,52.166666666666664,3.0
401525860,2023,6,regular,2023-10-07 20:00:00+00:00,Kansas,UCF,51,22,False,True,0.5625,337.0,118.80000000000001,9.9,35.6,26.1,3.4,30.3,25.2,632.68,653.97,29,73,1,1.8333333333333333,64.5,3.0
401520309,2023,6,regular,2023-10-07 21:00:00+00:00,Rice,UConn,31,38,False,False,0.5625,129.8,-251.2,-10.2,26.0,34.4,-15.6,17.0,31.0,466.78,484.94,-7,69,0,-9.833333333333334,47.5,3.0
401531340,2023,6,regular,2023-10-07 22:00:00+00:00,Florida Atlantic,Tulsa,20,17,False,True,0.5625,-46.2,174.0,-9.4,19.8,27.9,-13.7,20.9,34.7,582.59,520.23,3,37,1,-2.8333333333333335,54.333333333333336,3.0
401524026,2023,6,regular,2023-10-07 22:30:00+00:00,Arizona State,Colorado,24,27,False,True,0.5625,-120.2,286.0,-11.3,20.2,29.9,-4.9,29.6,34.4,681.32,711.87,-3,51,0,3.3333333333333335,58.833333333333336,3.0
401520300,2023,6,regular,2023-10-07 23:00:00+00:00,Georgia,Kentucky,51,13,False,True,0.5625,392.0,376.0,31.2,41.5,12.2,10.5,31.6,22.2,977.87,740.54,38,64,1,-14.5,47.0,3.0
401531885,2023,6,regular,2023-10-07 23:00:00+00:00,UL Monroe,South Alabama,7,55,False,True,0.5625,71.0,27.60000000000001,-21.6,17.6,37.5,5.1,30.6,26.0,336.22,545.68,-48,62,0,10.666666666666666,51.0,3.0
401531886,2023,6,regular,2023-10-07 23:00:00+00:00,Southern Miss,Old Dominion,13,17,False,True,0.5625,-92.2,-69.2,-14.4,23.5,36.4,-10.1,23.1,31.3,425.21,343.17,-4,30,0,-2.5,57.0,3.0
401520303,2023,6,regular,2023-10-07 23:30:00+00:00,Minnesota,Michigan,10,52,False,True,0.5625,191.8,420.8,0.4,20.0,21.1,31.3,36.6,7.2,640.46,850.43,-42,62,0,18.333333333333332,46.0,3.0
401520308,2023,6,regular,2023-10-07 23:30:00+00:00,Ole Miss,Arkansas,27,20,False,True,0.5625,429.0,84.0,18.4,36.3,19.2,3.5,28.3,26.6,756.04,730.93,7,47,1,-12.666666666666666,62.0,3.0
401525439,2023,6,regular,2023-10-07 23:37:00+00:00,Louisville,Notre Dame,33,20,False,False,0.5625,467.0,495.0,8.0,30.1,22.3,20.1,36.3,16.7,744.16,870.7,13,53,1,6.166666666666667,53.833333333333336,3.0
401525858,2023,6,regular,2023-10-08 00:00:00+00:00,Baylor,Texas Tech,14,39,False,True,0.5625,96.80000000000001,74.8,-8.3,24.5,32.6,6.1,29.6,24.7,678.0,694.26,-25,53,0,2.1666666666666665,59.5,3.0
401525859,2023,6,regular,2023-10-08 00:00:00+00:00,Iowa State,TCU,27,14,False,True,0.5625,57.8,173.0,7.5,26.4,20.1,7.9,33.5,25.3,638.87,768.25,13,41,1,6.5,52.666666666666664,3.0
401532591,2023,6,regular,2023-10-08 00:00:00+00:00,Wyoming,Fresno State,24,19,False,True,0.5625,295.0,296.0,-3.6,23.5,26.1,2.5,28.9,27.9,338.5,555.3,5,43,1,5.833333333333333,43.333333333333336,3.0
401525519,2023,6,regular,2023-10-08 00:00:00+00:00,Miami,Georgia Tech,20,23,False,True,0.5625,350.0,18.0,9.6,30.7,23.1,0.3,29.4,29.1,860.27,710.85,-3,43,0,-19.166666666666668,57.166666666666664,3.0
401532592,2023,6,regular,2023-10-08 00:00:00+00:00,Boise State,San José State,35,27,False,True,0.5625,59.8,-101.2,5.9,32.7,28.2,-3.4,28.1,29.5,579.88,513.83,8,62,1,-8.5,57.333333333333336,3.0
401532590,2023,6,regular,2023-10-08 00:00:00+00:00,Utah State,Colorado State,44,24,False,True,0.5625,20.799999999999997,55.0,-10.9,28.6,38.6,-8.9,21.9,32.0,435.99,413.96,20,68,1,3.0,62.166666666666664,3.0
401524027,2023,6,regular,2023-10-08 02:00:00+00:00,California,Oregon State,40,52,False,True,0.5625,210.8,381.8,-0.1,30.6,28.7,12.6,33.2,22.3,681.14,653.16,-12,92,0,8.166666666666666,51.166666666666664,3.0
401524025,2023,6,regular,2023-10-08 02:30:00+00:00,USC,Arizona,43,41,False,True,0.5625,376.8,153.8,9.4,43.3,32.8,14.1,37.3,23.1,896.41,687.01,2,84,1,-21.166666666666668,70.33333333333333,3.0
401520313,2023,7,regular,2023-10-10 23:00:00+00:00,Middle Tennessee,Louisiana Tech,31,23,False,True,0.5625,-128.2,9.799999999999997,-9.5,21.5,30.0,-12.9,22.1,36.0,487.98,433.72,8,54,1,-3.0,54.0,3.0
401531888,2023,7,regular,2023-10-10 23:30:00+00:00,App State,Coastal Carolina,24,27,False,True,0.5625,149.8,9.799999999999997,3.8,33.5,30.7,-1.2,27.6,27.2,517.56,515.69,-3,51,0,-5.0,60.333333333333336,3.0
401520312,2023,7,regular,2023-10-10 23:30:00+00:00,Jacksonville State,Liberty,13,31,False,True,0.5625,238.8,342.0,-1.6,24.8,25.9,8.0,36.2,26.3,227.27,330.29,-18,44,0,6.666666666666667,58.166666666666664,3.0
401520314,2023,7,regular,2023-10-11 23:30:00+00:00,Florida International,UTEP,14,27,False,True,0.5625,28.799999999999997,-228.4,-21.2,16.0,35.6,-16.2,16.9,32.0,487.5,379.64,-13,41,0,-1.8333333333333333,43.166666666666664,3.0
401520315,2023,7,regular,2023-10-12 01:00:00+00:00,New Mexico State,Sam Houston,27,13,False,True,0.5625,-3.0,-283.2,-1.8,23.3,25.8,-13.8,16.0,28.8,378.99,240.42,14,40,1,-4.0,42.666666666666664,3.0
401525862,2023,7,regular,2023-10-12 23:00:00+00:00,Houston,West Virginia,41,39,False,True,0.5625,-19.200000000000003,323.0,-7.8,25.6,32.2,7.5,31.5,24.6,670.25,666.23,2,80,1,2.8333333333333335,50.333333333333336,3.0
401531415,2023,7,regular,2023-10-12 23:30:00+00:00,East Carolina,SMU,10,31,False,True,0.5625,-138.2,158.0,-12.8,15.4,28.1,10.1,34.1,23.0,563.94,714.21,-21,41,0,11.333333333333334,49.333333333333336,3.0
401531371,2023,7,regular,2023-10-13 23:00:00+00:00,Memphis,Tulane,21,31,False,True,0.5625,273.8,261.0,3.5,37.1,33.8,2.8,26.5,24.4,626.86,537.7,-10,52,0,4.333333333333333,55.5,3.0
401532594,2023,7,regular,2023-10-14 00:00:00+00:00,Utah State,Fresno State,32,37,False,True,0.5625,80.8,258.8,-10.9,28.6,38.6,2.5,28.9,27.9,435.99,555.3,-5,69,0,6.0,57.333333333333336,3.0
401524029,2023,7,regular,2023-10-14 02:00:00+00:00,Colorado,Stanford,43,46,False,True,0.5625,344.0,-12.0,-4.9,29.6,34.4,-11.9,21.4,34.5,711.87,710.28,-3,89,0,-12.666666666666666,58.833333333333336,3.0
401525863,2023,7,regular,2023-10-14 16:00:00+00:00,Cincinnati,Iowa State,10,30,False,True,0.5625,15.799999999999997,177.8,-6.8,21.3,28.3,7.5,26.4,20.1,663.68,638.87,-20,40,0,-4.666666666666667,42.666666666666664,3.0
401520323,2023,7,regular,2023-10-14 16:00:00+00:00,Purdue,Ohio State,7,41,False,True,0.5625,-3.3999999999999915,494.0,-7.3,21.8,27.1,25.2,31.5,7.8,671.1,974.79,-34,48,0,17.5,52.833333333333336,3.0
401525524,2023,7,regular,2023-10-14 16:00:00+00:00,Florida State,Syracuse,41,3,False,True,0.5625,586.8,254.0,19.4,34.1,16.5,-4.4,22.2,26.1,765.33,610.75,38,44,1,-18.833333333333332,53.166666666666664,3.0
401520316,2023,7,regular,2023-10-14 16:00:00+00:00,Alabama,Arkansas,24,21,False,True,0.5625,530.6,95.0,23.1,36.8,15.6,3.5,28.3,26.6,1015.43,730.93,3,45,1,-19.333333333333332,45.666666666666664,3.0
401520321,2023,7,regular,2023-10-14 16:00:00+00:00,Michigan,Indiana,52,7,False,True,0.5625,529.6,63.0,31.3,36.6,7.2,-7.4,19.6,27.2,850.43,677.57,45,59,1,-33.5,45.5,3.0
401520327,2023,7,regular,2023-10-14 16:00:00+00:00,Vanderbilt,Georgia,20,37,False,True,0.5625,-145.4,524.0,-12.7,23.6,36.3,31.2,41.5,12.2,639.88,977.87,-17,57,0,32.5,55.0,3.0
401532422,2023,7,regular,2023-10-14 16:00:00+00:00,Eastern Michigan,Kent State,28,14,False,True,0.5625,-11.400000000000006,-238.8,-12.3,13.0,26.8,-26.3,8.2,34.8,377.07,373.33,14,42,1,-7.666666666666667,39.833333333333336,3.0
401531890,2023,7,regular,2023-10-14 16:00:00+00:00,James Madison,Georgia Southern,41,13,False,True,0.5625,372.0,265.0,11.8,34.6,23.7,-5.2,30.8,36.5,196.53,416.69,28,54,1,-5.833333333333333,59.666666666666664,3.0
401520324,2023,7,regular,2023-10-14 16:00:00+00:00,Rutgers,Michigan State,27,24,False,True,0.5625,322.0,28.799999999999997,3.5,21.0,18.7,-6.8,15.7,24.0,636.35,747.34,3,51,1,-4.333333333333333,39.333333333333336,3.0
401531390,2023,7,regular,2023-10-14 16:00:00+00:00,North Texas,Temple,45,14,False,True,0.5625,-86.0,-137.2,-6.7,32.9,41.3,-21.0,18.6,37.8,474.38,554.47,31,59,1,-6.833333333333333,67.33333333333333,3.0
401531405,2023,7,regular,2023-10-14 18:00:00+00:00,Charlotte,Navy,0,14,False,True,0.5625,-65.0,33.8,-21.4,14.8,34.4,-13.7,15.0,27.2,554.96,0.0,-14,14,0,3.1666666666666665,44.333333333333336,3.0
401532419,2023,7,regular,2023-10-14 18:00:00+00:00,Ball State,Toledo,6,13,False,True,0.5625,-192.0,280.8,-14.9,12.6,26.3,3.7,25.5,21.7,403.54,497.64,-7,19,0,17.5,48.166666666666664,3.0
401524033,2023,7,regular,2023-10-14 19:00:00+00:00,Utah,California,34,14,False,True,0.5625,317.0,197.8,8.5,26.7,19.4,-0.1,30.6,28.7,722.55,681.14,20,48,1,-9.833333333333334,43.166666666666664,3.0
401531420,2023,7,regular,2023-10-14 19:30:00+00:00,South Florida,Florida Atlantic,14,56,False,True,0.5625,30.799999999999997,3.799999999999997,-6.6,28.4,34.5,-9.4,19.8,27.9,622.89,582.59,-42,70,0,-2.6666666666666665,61.166666666666664,3.0
401520322,2023,7,regular,2023-10-14 19:30:00+00:00,Penn State,Massachusetts,63,0,False,False,0.5625,521.6,-262.2,23.5,32.7,10.5,-17.5,20.8,36.2,858.06,565.65,63,63,1,-41.833333333333336,54.833333333333336,3.0
401532423,2023,7,regular,2023-10-14 19:30:00+00:00,Western Michigan,Miami (OH),21,34,False,True,0.5625,-68.60000000000001,329.8,-15.9,19.1,33.2,2.8,18.5,17.7,401.82,408.16,-13,55,0,7.833333333333333,45.166666666666664,3.0
401520317,2023,7,regular,2023-10-14 19:30:00+00:00,Army,Troy,0,19,False,False,0.5625,-21.39999999999999,322.8,-4.0,18.4,22.5,9.8,30.7,20.1,0.0,454.06,-19,19,0,6.333333333333333,42.0,3.0
401525527,2023,7,regular,2023-10-14 19:30:00+00:00,Virginia Tech,Wake Forest,30,13,False,True,0.5625,-56.2,99.0,5.8,27.5,23.3,-7.9,20.2,26.9,638.89,603.68,17,43,1,-1.5,48.333333333333336,3.0
401520325,2023,7,regular,2023-10-14 19:30:00+00:00,South Carolina,Florida,39,41,False,True,0.5625,127.0,292.0,4.3,28.2,25.6,6.8,31.1,26.0,763.02,845.29,-2,80,0,-0.5,50.0,3.0
401520326,2023,7,regular,2023-10-14 19:30:00+00:00,Tennessee,Texas A&M,20,13,False,True,0.5625,284.8,370.0,16.2,34.9,19.2,15.6,34.5,18.8,821.07,925.92,7,33,1,-3.0,54.333333333333336,3.0
401524034,2023,7,regular,2023-10-14 19:30:00+00:00,Washington,Oregon,36,33,False,True,0.5625,476.8,414.8,16.4,40.3,24.7,26.2,45.0,18.2,751.12,874.74,3,69,1,-3.1666666666666665,67.0,3.0
401525865,2023,7,regular,2023-10-14 19:30:00+00:00,TCU,BYU,44,11,False,True,0.5625,154.0,273.8,7.9,33.5,25.3,-3.3,25.3,30.3,768.25,576.25,33,55,1,-5.0,52.833333333333336,3.0
401525864,2023,7,regular,2023-10-14 19:30:00+00:00,Oklahoma State,Kansas,39,32,False,True,0.5625,149.0,433.0,6.7,32.8,27.1,9.9,35.6,26.1,649.79,632.68,7,71,1,3.0,53.833333333333336,3.0
401532420,2023,7,regular,2023-10-14 19:30:00+00:00,Central Michigan,Akron,17,10,False,True,0.5625,53.60000000000001,-283.0,-19.1,16.8,34.0,-21.6,10.5,30.1,332.64,445.02,7,27,1,-10.333333333333334,43.666666666666664,3.0
401520320,2023,7,regular,2023-10-14 19:30:00+00:00,Maryland,Illinois,24,27,False,True,0.5625,373.8,-53.0,11.0,28.3,17.6,-2.5,21.6,24.1,685.75,630.95,-3,51,0,-13.333333333333334,51.666666666666664,3.0
401532421,2023,7,regular,2023-10-14 19:30:00+00:00,Buffalo,Bowling Green,14,24,False,True,0.5625,-48.2,53.60000000000001,-15.2,15.3,29.5,-7.8,21.5,27.4,296.09,397.62,-10,38,0,-3.3333333333333335,44.333333333333336,3.0
401520328,2023,7,regular,2023-10-14 20:00:00+00:00,Wisconsin,Iowa,6,15,False,True,0.5625,282.8,401.0,9.4,22.2,14.1,5.8,13.8,9.3,741.63,692.62,-9,21,0,-8.666666666666666,34.0,3.0
401532424,2023,7,regular,2023-10-14 20:00:00+00:00,Northern Illinois,Ohio,23,13,False,True,0.5625,-83.6,279.0,-7.5,18.3,24.2,-1.6,18.5,18.1,352.36,342.6,10,36,1,5.5,45.0,3.0
401532597,2023,7,regular,2023-10-14 21:00:00+00:00,Nevada,UNLV,27,45,False,True,0.5625,-223.2,267.0,-22.0,14.6,37.0,1.4,32.1,32.7,470.32,354.46,-18,72,0,7.666666666666667,52.166666666666664,3.0
401532596,2023,7,regular,2023-10-14 22:00:00+00:00,New Mexico,San José State,24,52,False,True,0.5625,-8.200000000000003,-138.4,-16.5,22.5,37.2,-3.4,28.1,29.5,375.35,513.83,-28,76,0,6.5,55.166666666666664,3.0
401525525,2023,7,regular,2023-10-14 22:30:00+00:00,Pittsburgh,Louisville,38,21,False,True,0.5625,-83.2,619.0,-7.3,19.3,26.0,8.0,30.1,22.3,700.42,744.16,17,59,1,7.166666666666667,44.833333333333336,3.0
401532598,2023,7,regular,2023-10-14 23:00:00+00:00,Air Force,Wyoming,34,27,False,True,0.5625,378.8,399.0,5.9,25.6,20.9,-3.6,23.5,26.1,0.0,338.5,7,61,1,-12.333333333333334,41.666666666666664,3.0
401525866,2023,7,regular,2023-10-14 23:00:00+00:00,Texas Tech,Kansas State,21,38,False,True,0.5625,142.8,229.8,6.1,29.6,24.7,16.2,38.9,21.8,694.26,616.0,-17,59,0,-1.1666666666666667,57.5,3.0
401531889,2023,7,regular,2023-10-14 23:00:00+00:00,Georgia State,Marshall,41,24,False,True,0.5625,251.8,239.0,-6.8,28.2,33.3,-9.0,24.4,31.5,499.67,478.59,17,65,1,-1.5,53.666666666666664,3.0
401524030,2023,7,regular,2023-10-14 23:00:00+00:00,Washington State,Arizona,6,44,False,True,0.5625,357.0,178.8,4.9,31.0,27.4,14.1,37.3,23.1,573.28,687.01,-38,50,0,-7.666666666666667,56.833333333333336,3.0
401531891,2023,7,regular,2023-10-14 23:00:00+00:00,Texas State,UL Monroe,21,20,False,True,0.5625,181.6,1.0,-1.6,31.2,33.8,-21.6,17.6,37.5,484.79,336.22,1,41,1,-18.5,64.16666666666667,3.0
401520319,2023,7,regular,2023-10-14 23:00:00+00:00,LSU,Auburn,48,18,False,True,0.5625,422.8,218.8,19.1,44.6,25.0,7.6,26.4,20.1,899.31,770.94,30,66,1,-11.166666666666666,60.166666666666664,3.0
401524031,2023,7,regular,2023-10-14 23:30:00+00:00,Notre Dame,USC,48,20,False,False,0.5625,478.0,476.8,20.1,36.3,16.7,9.4,43.3,32.8,870.7,896.41,28,68,1,-2.8333333333333335,60.833333333333336,3.0
401520318,2023,7,regular,2023-10-14 23:30:00+00:00,Kentucky,Missouri,21,38,False,True,0.5625,407.0,391.0,10.5,31.6,22.2,19.3,36.5,18.0,740.54,755.4,-17,59,0,-2.0,50.5,3.0
401525526,2023,7,regular,2023-10-14 23:30:00+00:00,North Carolina,Miami,41,31,False,True,0.5625,484.0,300.0,7.4,34.4,27.8,9.6,30.7,23.1,805.63,860.27,10,72,1,-2.6666666666666665,57.0,3.0
401525523,2023,7,regular,2023-10-15 00:00:00+00:00,Duke,NC State,24,3,False,True,0.5625,361.0,208.0,9.4,27.3,19.5,7.4,25.5,19.7,620.9,700.85,21,27,1,-3.6666666666666665,43.0,3.0
401524032,2023,7,regular,2023-10-15 00:00:00+00:00,Oregon State,UCLA,36,24,False,True,0.5625,490.6,371.0,12.6,33.2,22.3,9.7,29.6,18.4,653.16,752.6,12,60,1,-3.6666666666666665,53.666666666666664,3.0
401531381,2023,7,regular,2023-10-15 00:00:00+00:00,UTSA,UAB,41,20,False,True,0.5625,18.0,2.5999999999999943,5.4,31.3,27.3,-14.7,26.9,39.6,574.52,473.46,21,61,1,-8.833333333333334,66.83333333333333,3.0
401532593,2023,7,regular,2023-10-15 01:45:00+00:00,Colorado State,Boise State,31,30,False,True,0.5625,-42.0,139.8,-8.9,21.9,32.0,5.9,32.7,28.2,413.96,579.88,1,61,1,7.833333333333333,59.833333333333336,3.0
401532595,2023,7,regular,2023-10-15 03:00:00+00:00,Hawai'i,San Diego State,34,41,False,True,0.5625,-82.2,-11.200000000000003,-16.4,19.4,35.7,-10.3,19.4,30.2,407.77,440.15,-7,75,0,6.0,52.0,3.0
401520330,2023,8,regular,2023-10-17 23:00:00+00:00,Liberty,Middle Tennessee,42,35,False,True,0.5625,450.8,-78.2,8.0,36.2,26.3,-9.5,21.5,30.0,330.29,487.98,7,77,1,-15.333333333333334,55.833333333333336,3.0
401520329,2023,8,regular,2023-10-17 23:30:00+00:00,Jacksonville State,Western Kentucky,20,17,False,True,0.5625,203.8,286.0,-1.6,24.8,25.9,-2.0,28.7,30.1,227.27,491.26,3,37,1,7.333333333333333,60.666666666666664,3.0
401531892,2023,8,regular,2023-10-17 23:30:00+00:00,South Alabama,Southern Miss,55,3,False,True,0.5625,95.60000000000001,-167.2,5.1,30.6,26.0,-14.4,23.5,36.4,545.68,425.21,52,58,1,-18.0,51.833333333333336,3.0
401520331,2023,8,regular,2023-10-18 23:00:00+00:00,Sam Houston,Florida International,27,33,False,True,0.5625,-340.4,-76.2,-13.8,16.0,28.8,-21.2,16.0,35.6,240.42,487.5,-6,60,0,-5.666666666666667,41.166666666666664,3.0
401520332,2023,8,regular,2023-10-19 01:00:00+00:00,UTEP,New Mexico State,7,28,False,True,0.5625,-160.4,57.0,-16.2,16.9,32.0,-1.8,23.3,25.8,379.64,378.99,-21,35,0,2.3333333333333335,49.0,3.0
401531341,2023,8,regular,2023-10-19 23:00:00+00:00,Tulsa,Rice,10,42,False,True,0.5625,107.0,54.8,-13.7,20.9,34.7,-10.2,26.0,34.4,520.23,466.78,-32,52,0,-3.1666666666666665,56.666666666666664,3.0
401531893,2023,8,regular,2023-10-19 23:00:00+00:00,Marshall,James Madison,9,20,False,True,0.5625,181.8,468.0,-9.0,24.4,31.5,11.8,34.6,23.7,478.59,196.53,-11,29,0,3.6666666666666665,49.25,3.0
401531391,2023,8,regular,2023-10-20 23:00:00+00:00,Temple,SMU,0,55,False,True,0.5625,-194.4,226.0,-21.0,18.6,37.8,10.1,34.1,23.0,554.47,714.21,-55,55,0,23.5,53.5,3.0
401520334,2023,8,regular,2023-10-21 16:00:00+00:00,Arkansas,Mississippi State,3,7,False,True,0.5625,116.0,164.8,3.5,28.3,26.6,0.5,24.7,24.9,730.93,746.29,-4,10,0,-6.833333333333333,46.0,3.0
401531382,2023,8,regular,2023-10-21 16:00:00+00:00,UAB,Memphis,21,45,False,True,0.5625,-54.60000000000001,203.8,-14.7,26.9,39.6,3.5,37.1,33.8,473.46,626.86,-24,66,0,7.333333333333333,61.833333333333336,3.0
401525871,2023,8,regular,2023-10-21 16:00:00+00:00,Oklahoma,UCF,31,29,False,True,0.5625,731.8,99.80000000000001,15.0,38.5,22.6,3.4,30.3,25.2,884.97,653.97,2,60,1,-17.166666666666668,67.66666666666667,3.0
401520343,2023,8,regular,2023-10-21 16:00:00+00:00,Ohio State,Penn State,20,12,False,True,0.5625,562.0,581.6,25.2,31.5,7.8,23.5,32.7,10.5,974.79,858.06,8,32,1,-4.0,46.333333333333336,3.0
401531434,2023,8,regular,2023-10-21 16:00:00+00:00,Navy,Air Force,6,17,False,False,0.5625,101.8,458.8,-13.7,15.0,27.2,5.9,25.6,20.9,0.0,0.0,-11,23,0,11.0,34.166666666666664,3.0
401525528,2023,8,regular,2023-10-21 16:00:00+00:00,Georgia Tech,Boston College,23,38,False,True,0.5625,152.0,119.80000000000001,0.3,29.4,29.1,-5.9,22.2,27.6,710.85,650.23,-15,61,0,-5.833333333333333,57.0,3.0
401532428,2023,8,regular,2023-10-21 16:00:00+00:00,Ohio,Western Michigan,20,17,False,True,0.5625,182.0,-138.60000000000002,-1.6,18.5,18.1,-15.9,19.1,33.2,342.6,401.82,3,37,1,-16.5,52.0,3.0
401520337,2023,8,regular,2023-10-21 16:00:00+00:00,Indiana,Rutgers,14,31,False,True,0.5625,92.0,402.0,-7.4,19.6,27.2,3.5,21.0,18.7,677.57,636.35,-17,45,0,6.0,39.5,3.0
401525868,2023,8,regular,2023-10-21 16:00:00+00:00,Cincinnati,Baylor,29,32,False,True,0.5625,-19.200000000000003,26.80000000000001,-6.8,21.3,28.3,-8.3,24.5,32.6,663.68,678.0,-3,61,0,-2.6666666666666665,50.833333333333336,3.0
401531406,2023,8,regular,2023-10-21 18:00:00+00:00,East Carolina,Charlotte,7,10,False,True,0.5625,-173.2,-170.0,-12.8,15.4,28.1,-21.4,14.8,34.4,563.94,554.96,-3,17,0,-6.166666666666667,39.5,3.0
401532429,2023,8,regular,2023-10-21 18:00:00+00:00,Bowling Green,Akron,41,14,False,True,0.5625,121.60000000000001,-350.0,-7.8,21.5,27.4,-21.6,10.5,30.1,397.62,445.02,27,55,1,-7.166666666666667,37.166666666666664,3.0
401531894,2023,8,regular,2023-10-21 18:00:00+00:00,Georgia Southern,UL Monroe,38,28,False,True,0.5625,246.0,-36.2,-5.2,30.8,36.5,-21.6,17.6,37.5,416.69,336.22,10,66,1,-16.333333333333332,60.5,3.0
401532430,2023,8,regular,2023-10-21 19:30:00+00:00,Kent State,Buffalo,6,24,False,True,0.5625,-335.8,-153.2,-26.3,8.2,34.8,-15.2,15.3,29.5,373.33,296.09,-18,30,0,6.666666666666667,43.666666666666664,3.0
401520336,2023,8,regular,2023-10-21 19:30:00+00:00,Illinois,Wisconsin,21,25,False,True,0.5625,63.0,232.8,-2.5,21.6,24.1,9.4,22.2,14.1,630.95,741.63,-4,46,0,3.0,40.833333333333336,3.0
401520341,2023,8,regular,2023-10-21 19:30:00+00:00,Missouri,South Carolina,34,12,False,True,0.5625,531.0,77.0,19.3,36.5,18.0,4.3,28.2,25.6,755.4,763.02,22,46,1,-7.333333333333333,57.666666666666664,3.0
401524035,2023,8,regular,2023-10-21 19:30:00+00:00,Oregon,Washington State,38,24,False,True,0.5625,443.8,322.0,26.2,45.0,18.2,4.9,31.0,27.4,874.74,573.28,14,62,1,-19.5,60.666666666666664,3.0
401532426,2023,8,regular,2023-10-21 19:30:00+00:00,Northern Illinois,Eastern Michigan,20,13,False,True,0.5625,12.400000000000006,48.599999999999994,-7.5,18.3,24.2,-12.3,13.0,26.8,352.36,377.07,7,33,1,-11.833333333333334,43.333333333333336,3.0
401520342,2023,8,regular,2023-10-21 19:30:00+00:00,Nebraska,Northwestern,17,9,False,True,0.5625,193.60000000000002,128.8,0.3,15.6,13.9,-1.3,18.5,18.5,765.2,657.88,8,26,1,-10.5,40.0,3.0
401520338,2023,8,regular,2023-10-21 19:30:00+00:00,Iowa,Minnesota,10,12,False,True,0.5625,517.0,204.8,5.8,13.8,9.3,0.4,20.0,21.1,692.62,640.46,-2,22,0,-3.3333333333333335,30.5,3.0
401520344,2023,8,regular,2023-10-21 19:30:00+00:00,UConn,South Florida,21,24,False,False,0.5625,-193.2,-74.2,-15.6,17.0,31.0,-6.6,28.4,34.5,484.94,622.89,-3,45,0,-0.3333333333333333,57.0,3.0
401520333,2023,8,regular,2023-10-21 19:30:00+00:00,Alabama,Tennessee,34,20,False,True,0.5625,610.6,384.8,23.1,36.8,15.6,16.2,34.9,19.2,1015.43,821.07,14,54,1,-8.833333333333334,47.5,3.0
401525872,2023,8,regular,2023-10-21 19:30:00+00:00,West Virginia,Oklahoma State,34,48,False,True,0.5625,256.0,255.0,7.5,31.5,24.6,6.7,32.8,27.1,666.23,649.79,-14,82,0,-3.0,48.333333333333336,3.0
401531372,2023,8,regular,2023-10-21 19:30:00+00:00,Tulane,North Texas,35,28,False,True,0.5625,369.8,-26.0,2.8,26.5,24.4,-6.7,32.9,41.3,537.7,474.38,7,63,1,-20.166666666666668,63.833333333333336,3.0
401532425,2023,8,regular,2023-10-21 19:30:00+00:00,Ball State,Central Michigan,24,17,False,True,0.5625,-242.0,103.60000000000001,-14.9,12.6,26.3,-19.1,16.8,34.0,403.54,332.64,7,41,1,5.0,41.666666666666664,3.0
401525532,2023,8,regular,2023-10-21 19:30:00+00:00,Wake Forest,Pittsburgh,21,17,False,True,0.5625,41.8,60.8,-7.9,20.2,26.9,-7.3,19.3,26.0,603.68,700.42,4,38,1,1.6666666666666667,45.166666666666664,3.0
401532427,2023,8,regular,2023-10-21 20:00:00+00:00,Miami (OH),Toledo,17,21,False,True,0.5625,397.8,338.8,2.8,18.5,17.7,3.7,25.5,21.7,408.16,497.64,-4,38,0,2.1666666666666665,46.5,3.0
401525869,2023,8,regular,2023-10-21 20:00:00+00:00,Houston,Texas,24,31,False,True,0.5625,80.8,547.0,-7.8,25.6,32.2,23.2,39.3,17.7,670.25,913.24,-7,55,0,23.5,60.5,3.0
401531397,2023,8,regular,2023-10-21 22:00:00+00:00,Florida Atlantic,UTSA,10,36,False,True,0.5625,112.60000000000001,78.0,-9.4,19.8,27.9,5.4,31.3,27.3,582.59,574.52,-26,46,0,2.5,58.5,3.0
401532600,2023,8,regular,2023-10-21 22:00:00+00:00,New Mexico,Hawai'i,42,21,False,True,0.5625,-78.2,-157.2,-16.5,22.5,37.2,-16.4,19.4,35.7,375.35,407.77,21,63,1,1.8333333333333333,59.833333333333336,3.0
401525531,2023,8,regular,2023-10-21 22:30:00+00:00,North Carolina,Virginia,27,31,False,True,0.5625,606.0,-54.2,7.4,34.4,27.8,-10.8,21.0,31.7,805.63,622.7,-4,58,0,-24.0,57.833333333333336,3.0
401532599,2023,8,regular,2023-10-21 23:00:00+00:00,UNLV,Colorado State,25,23,False,True,0.5625,335.0,38.0,1.4,32.1,32.7,-8.9,21.9,32.0,354.46,413.96,2,48,1,-6.666666666666667,60.5,3.0
401531896,2023,8,regular,2023-10-21 23:00:00+00:00,Arkansas State,Coastal Carolina,17,27,False,True,0.5625,92.0,102.60000000000001,-6.3,25.8,32.8,-1.2,27.6,27.2,487.4,515.69,-10,44,0,8.666666666666666,59.333333333333336,3.0
401531895,2023,8,regular,2023-10-21 23:00:00+00:00,Old Dominion,App State,28,21,False,True,0.5625,-11.200000000000003,99.8,-10.1,23.1,31.3,3.8,33.5,30.7,343.17,517.56,7,49,1,5.833333333333333,56.0,3.0
401525867,2023,8,regular,2023-10-21 23:00:00+00:00,BYU,Texas Tech,27,14,False,True,0.5625,254.8,107.8,-3.3,25.3,30.3,6.1,29.6,24.7,576.25,694.26,13,41,1,3.0,50.0,3.0
401520335,2023,8,regular,2023-10-21 23:00:00+00:00,Auburn,Ole Miss,21,28,False,True,0.5625,207.8,509.0,7.6,26.4,20.1,18.4,36.3,19.2,770.94,756.04,-7,49,0,6.5,55.5,3.0
401525870,2023,8,regular,2023-10-21 23:00:00+00:00,Kansas State,TCU,41,3,False,True,0.5625,338.6,250.0,16.2,38.9,21.8,7.9,33.5,25.3,616.0,768.25,38,44,1,-5.666666666666667,60.166666666666664,3.0
401532602,2023,8,regular,2023-10-21 23:00:00+00:00,San José State,Utah State,42,21,False,True,0.5625,-70.4,30.799999999999997,-3.4,28.1,29.5,-10.9,28.6,38.6,513.83,435.99,21,63,1,-4.0,65.0,3.0
401520339,2023,8,regular,2023-10-21 23:30:00+00:00,LSU,Army,62,0,False,False,0.5625,542.8,-56.39999999999999,19.1,44.6,25.0,-4.0,18.4,22.5,899.31,0.0,62,62,1,-33.0,60.166666666666664,3.0
401525530,2023,8,regular,2023-10-21 23:30:00+00:00,Florida State,Duke,38,20,False,True,0.5625,682.8,481.0,19.4,34.1,16.5,9.4,27.3,19.5,765.33,620.9,18,58,1,-14.166666666666666,49.0,3.0
401520340,2023,8,regular,2023-10-21 23:30:00+00:00,Michigan State,Michigan,0,49,False,True,0.5625,-8.400000000000006,589.6,-6.8,15.7,24.0,31.3,36.6,7.2,747.34,850.43,-49,49,0,25.166666666666668,46.5,3.0
401525529,2023,8,regular,2023-10-22 00:00:00+00:00,Miami,Clemson,28,20,False,True,0.5625,309.0,278.8,9.6,30.7,23.1,10.5,29.3,19.0,860.27,917.88,8,48,1,5.166666666666667,46.0,3.0
401531897,2023,8,regular,2023-10-22 00:00:00+00:00,Louisiana,Georgia State,17,20,False,True,0.5625,133.8,311.8,0.4,32.4,33.1,-6.8,28.2,33.3,475.45,499.67,-3,37,0,-3.1666666666666665,62.0,3.0
401524037,2023,8,regular,2023-10-22 00:00:00+00:00,USC,Utah,32,34,False,True,0.5625,467.8,413.0,9.4,43.3,32.8,8.5,26.7,19.4,896.41,722.55,-2,66,0,-7.0,51.833333333333336,3.0
401532601,2023,8,regular,2023-10-22 01:00:00+00:00,San Diego State,Nevada,0,6,False,True,0.5625,46.8,-293.2,-10.3,19.4,30.2,-22.0,14.6,37.0,440.15,470.32,-6,6,0,-11.166666666666666,48.333333333333336,3.0
401524036,2023,8,regular,2023-10-22 02:30:00+00:00,Stanford,UCLA,7,42,False,True,0.5625,80.80000000000001,374.0,-11.9,21.4,34.5,9.7,29.6,18.4,710.28,752.6,-35,49,0,17.0,51.833333333333336,3.0
401524038,2023,8,regular,2023-10-22 02:30:00+00:00,Washington,Arizona State,15,7,False,True,0.5625,612.8,-170.2,16.4,40.3,24.7,-11.3,20.2,29.9,751.12,681.32,8,22,1,-27.833333333333332,59.833333333333336,3.0
401520345,2023,9,regular,2023-10-24 23:00:00+00:00,Louisiana Tech,New Mexico State,24,27,False,True,0.5625,-57.2,125.0,-12.9,22.1,36.0,-1.8,23.3,25.8,433.72,378.99,-3,51,0,-3.0,54.0,3.0
401520346,2023,9,regular,2023-10-24 23:30:00+00:00,Western Kentucky,Liberty,29,42,False,True,0.5625,248.8,500.8,-2.0,28.7,30.1,8.0,36.2,26.3,491.26,330.29,-13,71,0,4.0,61.0,3.0
401520347,2023,9,regular,2023-10-25 23:00:00+00:00,Florida International,Jacksonville State,16,41,False,True,0.5625,-18.200000000000003,283.8,-21.2,16.0,35.6,-1.6,24.8,25.9,487.5,227.27,-25,57,0,8.833333333333334,46.666666666666664,3.0
401520348,2023,9,regular,2023-10-26 00:00:00+00:00,Sam Houston,UTEP,34,37,False,True,0.5625,-415.4,-230.4,-13.8,16.0,28.8,-16.2,16.9,32.0,240.42,379.64,-3,71,0,-3.6666666666666665,37.5,3.0
401531929,2023,9,regular,2023-10-26 23:30:00+00:00,Georgia Southern,Georgia State,44,27,False,True,0.5625,306.0,404.6,-5.2,30.8,36.5,-6.8,28.2,33.3,416.69,499.67,17,71,1,-0.16666666666666666,63.166666666666664,3.0
401525533,2023,9,regular,2023-10-26 23:30:00+00:00,Virginia Tech,Syracuse,38,10,False,True,0.5625,3.799999999999997,279.0,5.8,27.5,23.3,-4.4,22.2,26.1,638.89,610.75,28,48,1,-2.5,47.166666666666664,3.0
401531407,2023,9,regular,2023-10-27 23:30:00+00:00,Charlotte,Florida Atlantic,16,38,False,True,0.5625,-112.0,42.60000000000001,-21.4,14.8,34.4,-9.4,19.8,27.9,554.96,582.59,-22,54,0,3.6666666666666665,44.166666666666664,3.0
401531342,2023,9,regular,2023-10-28 16:00:00+00:00,SMU,Tulsa,69,10,False,True,0.5625,294.0,2.0,10.1,34.1,23.0,-13.7,20.9,34.7,714.21,520.23,59,79,1,-20.5,55.666666666666664,3.0
401520358,2023,9,regular,2023-10-28 16:00:00+00:00,Penn State,Indiana,33,24,False,True,0.5625,618.6,22.0,23.5,32.7,10.5,-7.4,19.6,27.2,858.06,677.57,9,57,1,-31.333333333333332,45.333333333333336,3.0
401525536,2023,9,regular,2023-10-28 16:00:00+00:00,Wake Forest,Florida State,16,41,False,True,0.5625,91.8,822.8,-7.9,20.2,26.9,19.4,34.1,16.5,603.68,765.33,-25,57,0,20.833333333333332,52.5,3.0
401520349,2023,9,regular,2023-10-28 16:00:00+00:00,Army,Massachusetts,14,21,False,True,0.5625,-61.39999999999999,-241.2,-4.0,18.4,22.5,-17.5,20.8,36.2,0.0,565.65,-7,35,0,-10.0,48.833333333333336,3.0
401525874,2023,9,regular,2023-10-28 16:00:00+00:00,Kansas,Oklahoma,38,33,False,True,0.5625,395.8,811.8,9.9,35.6,26.1,15.0,38.5,22.6,632.68,884.97,5,71,1,7.666666666666667,66.16666666666667,3.0
401525875,2023,9,regular,2023-10-28 16:00:00+00:00,Kansas State,Houston,41,0,False,True,0.5625,458.6,91.8,16.2,38.9,21.8,-7.8,25.6,32.2,616.0,670.25,41,41,1,-17.833333333333332,59.833333333333336,3.0
401525878,2023,9,regular,2023-10-28 16:00:00+00:00,UCF,West Virginia,28,41,False,True,0.5625,130.8,186.0,3.4,30.3,25.2,7.5,31.5,24.6,653.97,666.23,-13,69,0,-6.666666666666667,58.833333333333336,3.0
401520351,2023,9,regular,2023-10-28 16:00:00+00:00,Boston College,UConn,21,14,False,False,0.5625,228.60000000000002,-243.2,-5.9,22.2,27.6,-15.6,17.0,31.0,650.23,484.94,7,35,1,-14.5,49.666666666666664,3.0
401520359,2023,9,regular,2023-10-28 16:00:00+00:00,Texas A&M,South Carolina,30,17,False,True,0.5625,375.0,70.0,15.6,34.5,18.8,4.3,28.2,25.6,925.92,763.02,13,47,1,-16.166666666666668,52.333333333333336,3.0
401520356,2023,9,regular,2023-10-28 16:00:00+00:00,Northwestern,Maryland,33,27,False,True,0.5625,91.6,323.8,-1.3,18.5,18.5,11.0,28.3,17.6,657.88,685.75,6,60,1,14.0,48.666666666666664,3.0
401532431,2023,9,regular,2023-10-28 17:00:00+00:00,Eastern Michigan,Western Michigan,21,45,False,True,0.5625,-18.400000000000006,-175.8,-12.3,13.0,26.8,-15.9,19.1,33.2,377.07,401.82,-24,66,0,3.0,48.666666666666664,3.0
401525534,2023,9,regular,2023-10-28 18:00:00+00:00,NC State,Clemson,24,17,False,True,0.5625,207.0,269.8,7.4,25.5,19.7,10.5,29.3,19.0,700.85,917.88,7,41,1,9.833333333333334,44.333333333333336,3.0
401531430,2023,9,regular,2023-10-28 19:00:00+00:00,North Texas,Memphis,42,45,False,True,0.5625,-29.0,271.8,-6.7,32.9,41.3,3.5,37.1,33.8,474.38,626.86,-3,87,0,6.833333333333333,69.66666666666667,3.0
401525877,2023,9,regular,2023-10-28 19:30:00+00:00,Texas,BYU,35,6,False,True,0.5625,605.0,350.8,23.2,39.3,17.7,-3.3,25.3,30.3,913.24,576.25,29,41,1,-19.833333333333332,49.333333333333336,3.0
401525873,2023,9,regular,2023-10-28 19:30:00+00:00,Baylor,Iowa State,18,30,False,True,0.5625,119.60000000000002,286.6,-8.3,24.5,32.6,7.5,26.4,20.1,678.0,638.87,-12,48,0,2.8333333333333335,46.833333333333336,3.0
401520354,2023,9,regular,2023-10-28 19:30:00+00:00,Minnesota,Michigan State,27,12,False,True,0.5625,324.8,4.599999999999994,0.4,20.0,21.1,-6.8,15.7,24.0,640.46,747.34,15,39,1,-6.666666666666667,40.833333333333336,3.0
401531898,2023,9,regular,2023-10-28 19:30:00+00:00,App State,Southern Miss,48,38,False,True,0.5625,32.8,-224.4,3.8,33.5,30.7,-14.4,23.5,36.4,517.56,425.21,10,86,1,-16.333333333333332,55.333333333333336,3.0
401525535,2023,9,regular,2023-10-28 19:30:00+00:00,Louisville,Duke,23,0,False,True,0.5625,522.0,506.0,8.0,30.1,22.3,9.4,27.3,19.5,744.16,620.9,23,23,1,-4.833333333333333,46.666666666666664,3.0
401520355,2023,9,regular,2023-10-28 19:30:00+00:00,Nebraska,Purdue,31,14,False,True,0.5625,273.6,7.6000000000000085,0.3,15.6,13.9,-7.3,21.8,27.1,765.2,671.1,17,45,1,0.0,39.5,3.0
401531398,2023,9,regular,2023-10-28 19:30:00+00:00,UTSA,East Carolina,41,27,False,True,0.5625,146.0,-248.2,5.4,31.3,27.3,-12.8,15.4,28.1,574.52,563.94,14,68,1,-17.833333333333332,47.333333333333336,3.0
401520352,2023,9,regular,2023-10-28 19:30:00+00:00,Florida,Georgia,20,43,True,True,0.5625,384.8,592.0,6.8,31.1,26.0,31.2,41.5,12.2,845.29,977.87,-23,63,0,14.166666666666666,49.166666666666664,3.0
401520350,2023,9,regular,2023-10-28 19:30:00+00:00,Auburn,Mississippi State,27,13,False,True,0.5625,208.8,257.6,7.6,26.4,20.1,0.5,24.7,24.9,770.94,746.29,14,40,1,-6.5,40.5,3.0
401525538,2023,9,regular,2023-10-28 19:30:00+00:00,Miami,Virginia,29,26,False,True,0.5625,409.0,93.8,9.6,30.7,23.1,-10.8,21.0,31.7,860.27,622.7,3,55,1,-18.666666666666668,47.5,3.0
401525440,2023,9,regular,2023-10-28 19:30:00+00:00,Notre Dame,Pittsburgh,58,7,False,False,0.5625,630.0,-6.200000000000003,20.1,36.3,16.7,-7.3,19.3,26.0,870.7,700.42,51,65,1,-20.833333333333332,45.5,3.0
401532432,2023,9,regular,2023-10-28 19:30:00+00:00,Ohio,Miami (OH),16,30,False,True,0.5625,232.0,347.8,-1.6,18.5,18.1,2.8,18.5,17.7,342.6,408.16,-14,46,0,-7.333333333333333,39.166666666666664,3.0
401524044,2023,9,regular,2023-10-28 19:30:00+00:00,Utah,Oregon,6,35,False,True,0.5625,545.0,539.8,8.5,26.7,19.4,26.2,45.0,18.2,722.55,874.74,-29,41,0,6.5,47.666666666666664,3.0
401531373,2023,9,regular,2023-10-28 20:00:00+00:00,Rice,Tulane,28,30,False,True,0.5625,122.8,449.8,-10.2,26.0,34.4,2.8,26.5,24.4,466.78,537.7,-2,58,0,10.166666666666666,54.5,3.0
401524041,2023,9,regular,2023-10-28 20:00:00+00:00,California,USC,49,50,False,True,0.5625,198.8,466.8,-0.1,30.6,28.7,9.4,43.3,32.8,681.14,896.41,-1,99,0,10.333333333333334,67.33333333333333,3.0
401531901,2023,9,regular,2023-10-28 21:00:00+00:00,UL Monroe,Arkansas State,24,34,False,True,0.5625,-93.4,22.0,-21.6,17.6,37.5,-6.3,25.8,32.8,336.22,487.4,-10,58,0,-1.5,55.666666666666664,3.0
401531902,2023,9,regular,2023-10-28 21:00:00+00:00,South Alabama,Louisiana,20,33,False,True,0.5625,155.60000000000002,83.8,5.1,30.6,26.0,0.4,32.4,33.1,545.68,475.45,-13,53,0,-11.166666666666666,55.0,3.0
401532607,2023,9,regular,2023-10-28 21:30:00+00:00,Boise State,Wyoming,32,7,False,True,0.5625,72.8,361.8,5.9,32.7,28.2,-3.6,23.5,26.1,579.88,338.5,25,39,1,-4.666666666666667,48.666666666666664,3.0
401531899,2023,9,regular,2023-10-28 22:00:00+00:00,Coastal Carolina,Marshall,34,6,False,True,0.5625,211.40000000000003,146.8,-1.2,27.6,27.2,-9.0,24.4,31.5,515.69,478.59,28,40,1,3.6666666666666665,46.333333333333336,3.0
401520353,2023,9,regular,2023-10-28 23:00:00+00:00,Kentucky,Tennessee,27,33,False,True,0.5625,372.0,395.8,10.5,31.6,22.2,16.2,34.9,19.2,740.54,821.07,-6,60,0,3.6666666666666665,50.666666666666664,3.0
401532603,2023,9,regular,2023-10-28 23:00:00+00:00,Colorado State,Air Force,13,30,False,True,0.5625,0.7999999999999972,526.8,-8.9,21.9,32.0,5.9,25.6,20.9,413.96,0.0,-17,43,0,14.0,47.5,3.0
401531903,2023,9,regular,2023-10-28 23:00:00+00:00,Texas State,Troy,13,31,False,True,0.5625,231.6,431.6,-1.6,31.2,33.8,9.8,30.7,20.1,484.79,454.06,-18,44,0,6.333333333333333,53.333333333333336,3.0
401524042,2023,9,regular,2023-10-28 23:00:00+00:00,Stanford,Washington,33,42,False,True,0.5625,47.80000000000001,662.8,-11.9,21.4,34.5,16.4,40.3,24.7,710.28,751.12,-9,75,0,27.333333333333332,61.5,3.0
401524043,2023,9,regular,2023-10-28 23:30:00+00:00,UCLA,Colorado,28,16,False,True,0.5625,442.0,269.0,9.7,29.6,18.4,-4.9,29.6,34.4,752.6,711.87,12,44,1,-15.0,61.333333333333336,3.0
401520360,2023,9,regular,2023-10-28 23:30:00+00:00,Wisconsin,Ohio State,10,24,False,True,0.5625,325.6,700.0,9.4,22.2,14.1,25.2,31.5,7.8,741.63,974.79,-14,34,0,14.5,47.166666666666664,3.0
401520357,2023,9,regular,2023-10-28 23:30:00+00:00,Ole Miss,Vanderbilt,33,7,False,True,0.5625,625.0,-130.4,18.4,36.3,19.2,-12.7,23.6,36.3,756.04,639.88,26,40,1,-24.166666666666668,62.833333333333336,3.0
401531900,2023,9,regular,2023-10-29 00:00:00+00:00,James Madison,Old Dominion,30,27,False,True,0.5625,536.0,68.8,11.8,34.6,23.7,-10.1,23.1,31.3,196.53,343.17,3,57,1,-19.833333333333332,48.333333333333336,3.0
401525876,2023,9,regular,2023-10-29 00:00:00+00:00,Oklahoma State,Cincinnati,45,13,False,True,0.5625,391.0,-94.2,6.7,32.8,27.1,-6.8,21.3,28.3,649.79,663.68,32,58,1,-7.333333333333333,53.0,3.0
401525537,2023,9,regular,2023-10-29 00:00:00+00:00,Georgia Tech,North Carolina,46,42,False,True,0.5625,82.0,531.0,0.3,29.4,29.1,7.4,34.4,27.8,710.85,805.63,4,88,1,11.833333333333334,64.83333333333333,3.0
401524040,2023,9,regular,2023-10-29 00:00:00+00:00,Arizona State,Washington State,38,27,False,True,0.5625,-137.2,337.0,-11.3,20.2,29.9,4.9,31.0,27.4,681.32,573.28,11,65,1,4.833333333333333,49.5,3.0
401532604,2023,9,regular,2023-10-29 02:30:00+00:00,Nevada,New Mexico,34,24,False,True,0.5625,-235.2,-18.200000000000003,-22.0,14.6,37.0,-16.5,22.5,37.2,470.32,375.35,10,58,1,0.0,49.666666666666664,3.0
401524039,2023,9,regular,2023-10-29 02:30:00+00:00,Arizona,Oregon State,27,24,False,True,0.5625,328.8,626.6,14.1,37.3,23.1,12.6,33.2,22.3,687.01,653.16,3,51,1,3.1666666666666665,57.166666666666664,3.0
401532606,2023,9,regular,2023-10-29 02:30:00+00:00,Fresno State,UNLV,31,24,False,True,0.5625,316.8,385.0,2.5,28.9,27.9,1.4,32.1,32.7,555.3,354.46,7,55,1,-9.5,56.333333333333336,3.0
401532605,2023,9,regular,2023-10-29 03:59:00+00:00,Hawai'i,San José State,0,35,False,True,0.5625,-254.2,-10.400000000000006,-16.4,19.4,35.7,-3.4,28.1,29.5,407.77,513.83,-35,35,0,10.166666666666666,57.5,3.0
401532433,2023,10,regular,2023-10-31 23:00:00+00:00,Central Michigan,Northern Illinois,37,31,False,True,0.5625,36.60000000000001,62.400000000000006,-19.1,16.8,34.0,-7.5,18.3,24.2,332.64,352.36,6,68,1,4.75,48.0,2.0
401532434,2023,10,regular,2023-10-31 23:30:00+00:00,Toledo,Buffalo,31,13,False,True,0.5625,431.6,-85.2,3.7,25.5,21.7,-15.2,15.3,29.5,497.64,296.09,18,44,1,-14.666666666666666,47.25,3.0
401532435,2023,10,regular,2023-11-01 23:00:00+00:00,Bowling Green,Ball State,24,21,False,True,0.5625,181.60000000000002,-192.0,-7.8,21.5,27.4,-14.9,12.6,26.3,397.62,403.54,3,45,1,-5.166666666666667,39.5,3.0
401532436,2023,10,regular,2023-11-01 23:30:00+00:00,Akron,Kent State,31,27,False,True,0.5625,-447.0,-440.8,-21.6,10.5,30.1,-26.3,8.2,34.8,445.02,373.33,4,58,1,-3.6666666666666665,39.75,3.0
401525879,2023,10,regular,2023-11-02 23:00:00+00:00,Texas Tech,TCU,35,28,False,True,0.5625,50.599999999999994,231.0,6.1,29.6,24.7,7.9,33.5,25.3,694.26,768.25,7,63,1,-2.5,59.333333333333336,3.0
401525539,2023,10,regular,2023-11-02 23:30:00+00:00,Duke,Wake Forest,24,21,False,True,0.5625,503.0,100.8,9.4,27.3,19.5,-7.9,20.2,26.9,620.9,603.68,3,45,1,-6.666666666666667,40.833333333333336,3.0
401531904,2023,10,regular,2023-11-02 23:30:00+00:00,Troy,South Alabama,28,10,False,True,0.5625,540.4000000000001,85.60000000000001,9.8,30.7,20.1,5.1,30.6,26.0,454.06,545.68,18,38,1,-6.333333333333333,43.5,3.0
401525540,2023,10,regular,2023-11-03 23:30:00+00:00,Syracuse,Boston College,10,17,False,True,0.5625,221.8,278.6,-4.4,22.2,26.1,-5.9,22.2,27.6,610.75,650.23,-7,27,0,-0.8333333333333334,48.5,3.0
401532609,2023,10,regular,2023-11-04 00:00:00+00:00,Wyoming,Colorado State,24,15,False,True,0.5625,304.6,-20.200000000000003,-3.6,23.5,26.1,-8.9,21.9,32.0,338.5,413.96,9,39,1,-5.833333333333333,42.833333333333336,3.0
401520365,2023,10,regular,2023-11-04 16:00:00+00:00,Indiana,Wisconsin,20,14,False,True,0.5625,45.0,336.6,-7.4,19.6,27.2,9.4,22.2,14.1,677.57,741.63,6,34,1,8.833333333333334,45.0,3.0
401520369,2023,10,regular,2023-11-04 16:00:00+00:00,Michigan State,Nebraska,20,17,False,True,0.5625,-52.60000000000001,333.6,-6.8,15.7,24.0,0.3,15.6,13.9,747.34,765.2,3,37,1,3.1666666666666665,34.5,3.0
401520377,2023,10,regular,2023-11-04 16:00:00+00:00,Tennessee,UConn,59,3,False,False,0.5625,511.8,-280.4,16.2,34.9,19.2,-15.6,17.0,31.0,821.07,484.94,56,62,1,-35.5,55.333333333333336,3.0
401520374,2023,10,regular,2023-11-04 16:00:00+00:00,Ole Miss,Texas A&M,38,35,False,True,0.5625,685.0,471.0,18.4,36.3,19.2,15.6,34.5,18.8,756.04,925.92,3,73,1,-3.1666666666666665,52.5,3.0
401525545,2023,10,regular,2023-11-04 16:00:00+00:00,North Carolina,Campbell,59,7,False,False,0.5625,493.8,0.0,7.4,34.4,27.8,,,,805.63,73.06,52,66,1,-45.5,68.5,1.0
401520363,2023,10,regular,2023-11-04 16:00:00+00:00,Florida,Arkansas,36,39,False,True,0.5625,424.8,66.0,6.8,31.1,26.0,3.5,28.3,26.6,845.29,730.93,-3,75,0,-3.6666666666666665,49.5,3.0
401520376,2023,10,regular,2023-11-04 16:00:00+00:00,South Carolina,Jacksonville State,38,28,False,False,0.5625,51.0,351.8,4.3,28.2,25.6,-1.6,24.8,25.9,763.02,227.27,10,66,1,-15.166666666666666,54.833333333333336,3.0
401525441,2023,10,regular,2023-11-04 16:00:00+00:00,Clemson,Notre Dame,31,23,False,False,0.5625,260.8,690.0,10.5,29.3,19.0,20.1,36.3,16.7,917.88,870.7,8,54,1,2.8333333333333335,44.166666666666664,3.0
401525884,2023,10,regular,2023-11-04 16:00:00+00:00,Texas,Kansas State,33,30,False,True,0.5625,701.0,518.6,23.2,39.3,17.7,16.2,38.9,21.8,913.24,616.0,3,63,1,-3.75,49.25,2.0
401520375,2023,10,regular,2023-11-04 16:00:00+00:00,Rutgers,Ohio State,16,35,False,True,0.5625,470.0,836.0,3.5,21.0,18.7,25.2,31.5,7.8,636.35,974.79,-19,51,0,18.833333333333332,42.666666666666664,3.0
401525451,2023,10,regular,2023-11-04 17:00:00+00:00,Sam Houston,Kennesaw State,24,21,False,False,0.5625,-490.4,0.0,-13.8,16.0,28.8,,,,240.42,58.84,3,45,1,-16.5,41.5,1.0
401531392,2023,10,regular,2023-11-04 18:00:00+00:00,Temple,Navy,32,18,False,True,0.5625,-229.4,74.8,-21.0,18.6,37.8,-13.7,15.0,27.2,554.47,0.0,14,50,1,7.166666666666667,45.833333333333336,3.0
401524049,2023,10,regular,2023-11-04 18:00:00+00:00,Utah,Arizona State,55,3,False,True,0.5625,546.0,-41.2,8.5,26.7,19.4,-11.3,20.2,29.9,722.55,681.32,52,58,1,-10.333333333333334,39.0,3.0
401525542,2023,10,regular,2023-11-04 18:00:00+00:00,Virginia,Georgia Tech,17,45,False,True,0.5625,84.8,200.0,-10.8,21.0,31.7,0.3,29.4,29.1,622.7,710.85,-28,62,0,-1.5,56.333333333333336,3.0
401520361,2023,10,regular,2023-11-04 18:30:00+00:00,Air Force,Army,3,23,True,False,0.5625,594.8,-136.39999999999998,5.9,25.6,20.9,-4.0,18.4,22.5,0.0,0.0,-20,26,0,-18.0,32.166666666666664,3.0
401531399,2023,10,regular,2023-11-04 19:00:00+00:00,North Texas,UTSA,29,37,False,True,0.5625,-79.0,206.0,-6.7,32.9,41.3,5.4,31.3,27.3,474.38,574.52,-8,66,0,7.5,70.16666666666667,3.0
401531908,2023,10,regular,2023-11-04 19:00:00+00:00,Arkansas State,Louisiana,37,17,False,True,0.5625,90.0,192.60000000000002,-6.3,25.8,32.8,0.4,32.4,33.1,487.4,475.45,20,54,1,7.5,59.666666666666664,3.0
401531383,2023,10,regular,2023-11-04 19:00:00+00:00,UAB,Florida Atlantic,45,42,False,True,0.5625,-124.60000000000001,110.60000000000001,-14.7,26.9,39.6,-9.4,19.8,27.9,473.46,582.59,3,87,1,0.8333333333333334,59.333333333333336,3.0
401531425,2023,10,regular,2023-11-04 19:00:00+00:00,Memphis,South Florida,59,50,False,True,0.5625,364.6,-16.200000000000003,3.5,37.1,33.8,-6.6,28.4,34.5,626.86,622.89,9,109,1,-13.5,68.33333333333333,3.0
401525541,2023,10,regular,2023-11-04 19:30:00+00:00,Pittsburgh,Florida State,7,24,False,True,0.5625,-1.2000000000000028,890.8,-7.3,19.3,26.0,19.4,34.1,16.5,700.42,765.33,-17,31,0,21.166666666666668,49.5,3.0
401525881,2023,10,regular,2023-11-04 19:30:00+00:00,Cincinnati,UCF,26,28,False,True,0.5625,-151.4,95.80000000000001,-6.8,21.3,28.3,3.4,30.3,25.2,663.68,653.97,-2,54,0,3.5,60.0,3.0
401525880,2023,10,regular,2023-11-04 19:30:00+00:00,Baylor,Houston,24,25,False,True,0.5625,84.60000000000002,72.8,-8.3,24.5,32.6,-7.8,25.6,32.2,678.0,670.25,-1,49,0,-2.6666666666666665,58.5,3.0
401525543,2023,10,regular,2023-11-04 19:30:00+00:00,Louisville,Virginia Tech,34,3,False,True,0.5625,654.0,99.8,8.0,30.1,22.3,5.8,27.5,23.3,744.16,638.89,31,37,1,-9.75,48.5,2.0
401520400,2023,10,regular,2023-11-04 19:30:00+00:00,Massachusetts,Merrimack,31,21,False,False,0.5625,-148.39999999999998,0.0,-17.5,20.8,36.2,,,,565.65,,10,52,1,-16.5,57.5,1.0
401520367,2023,10,regular,2023-11-04 19:30:00+00:00,Maryland,Penn State,15,51,False,True,0.5625,286.6,668.6,11.0,28.3,17.6,23.5,32.7,10.5,685.75,858.06,-36,66,0,8.166666666666666,50.333333333333336,3.0
401520373,2023,10,regular,2023-11-04 19:30:00+00:00,Northwestern,Iowa,7,10,True,True,0.5625,191.6,467.0,-1.3,18.5,18.5,5.8,13.8,9.3,657.88,692.62,-3,17,0,5.0,31.333333333333332,3.0
401520370,2023,10,regular,2023-11-04 19:30:00+00:00,Minnesota,Illinois,26,27,False,True,0.5625,420.8,38.0,0.4,20.0,21.1,-2.5,21.6,24.1,640.46,630.95,-1,53,0,-2.0,43.833333333333336,3.0
401531907,2023,10,regular,2023-11-04 19:30:00+00:00,Old Dominion,Coastal Carolina,24,28,False,True,0.5625,61.8,271.40000000000003,-10.1,23.1,31.3,-1.2,27.6,27.2,343.17,515.69,-4,52,0,-0.16666666666666666,51.333333333333336,3.0
401525883,2023,10,regular,2023-11-04 19:30:00+00:00,Oklahoma State,Oklahoma,27,24,False,True,0.5625,487.0,802.8,6.7,32.8,27.1,15.0,38.5,22.6,649.79,884.97,3,51,1,6.166666666666667,62.166666666666664,3.0
401520364,2023,10,regular,2023-11-04 19:30:00+00:00,Georgia,Missouri,30,21,False,True,0.5625,736.0,627.0,31.2,41.5,12.2,19.3,36.5,18.0,977.87,755.4,9,51,1,-14.666666666666666,55.833333333333336,3.0
401531374,2023,10,regular,2023-11-04 19:30:00+00:00,East Carolina,Tulane,10,13,False,True,0.5625,-305.4,507.8,-12.8,15.4,28.1,2.8,26.5,24.4,563.94,537.7,-3,23,0,16.833333333333332,45.0,3.0
401531906,2023,10,regular,2023-11-04 19:30:00+00:00,Georgia State,James Madison,14,42,False,True,0.5625,347.40000000000003,586.0,-6.8,28.2,33.3,11.8,34.6,23.7,499.67,196.53,-28,56,0,6.166666666666667,52.833333333333336,3.0
401520379,2023,10,regular,2023-11-04 20:00:00+00:00,Vanderbilt,Auburn,15,31,False,True,0.5625,-121.4,304.8,-12.7,23.6,36.3,7.6,26.4,20.1,639.88,770.94,-16,46,0,12.5,49.5,2.0
401531343,2023,10,regular,2023-11-04 20:00:00+00:00,Tulsa,Charlotte,26,33,False,True,0.5625,-17.0,-217.0,-13.7,20.9,34.7,-21.4,14.8,34.4,520.23,554.96,-7,59,0,-4.333333333333333,47.666666666666664,3.0
401531909,2023,10,regular,2023-11-04 20:00:00+00:00,Southern Miss,UL Monroe,24,7,False,True,0.5625,-281.6,-163.4,-14.4,23.5,36.4,-21.6,17.6,37.5,425.21,336.22,17,31,1,-2.8333333333333335,56.333333333333336,3.0
401532610,2023,10,regular,2023-11-04 20:00:00+00:00,Nevada,Hawai'i,14,27,False,True,0.5625,-175.2,-324.2,-22.0,14.6,37.0,-16.4,19.4,35.7,470.32,407.77,-13,41,0,-3.3333333333333335,50.0,3.0
401531910,2023,10,regular,2023-11-04 21:00:00+00:00,Texas State,Georgia Southern,45,24,False,True,0.5625,196.6,402.0,-1.6,31.2,33.8,-5.2,30.8,36.5,484.79,416.69,21,69,1,-0.25,68.75,2.0
401524047,2023,10,regular,2023-11-04 21:30:00+00:00,Oregon,California,63,19,False,True,0.5625,701.8,177.8,26.2,45.0,18.2,-0.1,30.6,28.7,874.74,681.14,44,82,1,-25.5,60.666666666666664,3.0
401520366,2023,10,regular,2023-11-04 22:00:00+00:00,Liberty,Louisiana Tech,56,30,False,True,0.5625,609.6,-107.2,8.0,36.2,26.3,-12.9,22.1,36.0,330.29,433.72,26,86,1,-15.0,58.833333333333336,3.0
401532611,2023,10,regular,2023-11-04 22:00:00+00:00,New Mexico,UNLV,14,56,False,True,0.5625,-115.2,347.8,-16.5,22.5,37.2,1.4,32.1,32.7,375.35,354.46,-42,70,0,13.166666666666666,58.833333333333336,3.0
401531905,2023,10,regular,2023-11-04 22:00:00+00:00,App State,Marshall,31,9,False,True,0.5625,92.8,89.6,3.8,33.5,30.7,-9.0,24.4,31.5,517.56,478.59,22,40,1,-3.0,56.833333333333336,3.0
401520372,2023,10,regular,2023-11-04 22:00:00+00:00,New Mexico State,Middle Tennessee,13,7,False,True,0.5625,183.0,-87.2,-1.8,23.3,25.8,-9.5,21.5,30.0,378.99,487.98,6,20,1,-3.3333333333333335,55.833333333333336,3.0
401525882,2023,10,regular,2023-11-04 23:00:00+00:00,Iowa State,Kansas,21,28,False,True,0.5625,354.6,535.8,7.5,26.4,20.1,9.9,35.6,26.1,638.87,632.68,-7,49,0,-2.5,53.333333333333336,3.0
401525885,2023,10,regular,2023-11-04 23:00:00+00:00,West Virginia,BYU,37,7,False,True,0.5625,294.8,369.8,7.5,31.5,24.6,-3.3,25.3,30.3,666.23,576.25,30,44,1,-12.666666666666666,48.333333333333336,3.0
401532612,2023,10,regular,2023-11-04 23:00:00+00:00,San Diego State,Utah State,24,32,False,True,0.5625,-28.200000000000003,-26.400000000000006,-10.3,19.4,30.2,-10.9,28.6,38.6,440.15,435.99,-8,56,0,2.25,56.5,2.0
401531440,2023,10,regular,2023-11-04 23:30:00+00:00,Rice,SMU,31,36,False,True,0.5625,105.8,354.0,-10.2,26.0,34.4,10.1,34.1,23.0,466.78,714.21,-5,67,0,12.5,59.0,3.0
401520371,2023,10,regular,2023-11-04 23:30:00+00:00,Mississippi State,Kentucky,3,24,False,True,0.5625,238.60000000000002,357.0,0.5,24.7,24.9,10.5,31.6,22.2,746.29,740.54,-21,27,0,5.333333333333333,45.0,3.0
401524048,2023,10,regular,2023-11-04 23:30:00+00:00,USC,Washington,42,52,False,True,0.5625,559.6,720.8,9.4,43.3,32.8,16.4,40.3,24.7,896.41,751.12,-10,94,0,3.1666666666666665,76.0,3.0
401520368,2023,10,regular,2023-11-04 23:30:00+00:00,Michigan,Purdue,41,13,False,True,0.5625,698.4000000000001,-49.599999999999994,31.3,36.6,7.2,-7.3,21.8,27.1,850.43,671.1,28,54,1,-32.0,53.666666666666664,3.0
401520362,2023,10,regular,2023-11-04 23:45:00+00:00,Alabama,LSU,42,28,False,True,0.5625,748.6,638.8,23.1,36.8,15.6,19.1,44.6,25.0,1015.43,899.31,14,70,1,-3.1666666666666665,60.833333333333336,3.0
401525544,2023,10,regular,2023-11-05 00:00:00+00:00,NC State,Miami,20,6,False,True,0.5625,307.0,459.0,7.4,25.5,19.7,9.6,30.7,23.1,700.85,860.27,14,26,1,6.0,44.166666666666664,3.0
401524050,2023,10,regular,2023-11-05 01:00:00+00:00,Washington State,Stanford,7,10,False,True,0.5625,240.0,64.80000000000001,4.9,31.0,27.4,-11.9,21.4,34.5,573.28,710.28,-3,17,0,-13.5,58.333333333333336,3.0
401520378,2023,10,regular,2023-11-05 01:00:00+00:00,UTEP,Western Kentucky,13,21,False,True,0.5625,-172.4,213.8,-16.2,16.9,32.0,-2.0,28.7,30.1,379.64,491.26,-8,34,0,9.666666666666666,54.0,3.0
401524046,2023,10,regular,2023-11-05 02:00:00+00:00,Colorado,Oregon State,19,26,False,True,0.5625,256.0,617.6,-4.9,29.6,34.4,12.6,33.2,22.3,711.87,653.16,-7,45,0,13.333333333333334,60.833333333333336,3.0
401532608,2023,10,regular,2023-11-05 02:00:00+00:00,Fresno State,Boise State,37,30,False,True,0.5625,396.8,168.8,2.5,28.9,27.9,5.9,32.7,28.2,555.3,579.88,7,67,1,-2.6666666666666665,54.333333333333336,3.0
401524045,2023,10,regular,2023-11-05 02:30:00+00:00,Arizona,UCLA,27,10,False,True,0.5625,458.8,538.0,14.1,37.3,23.1,9.7,29.6,18.4,687.01,752.6,17,37,1,2.5,49.5,3.0
401532438,2023,11,regular,2023-11-08 00:00:00+00:00,Western Michigan,Central Michigan,38,28,False,True,0.5625,-107.80000000000001,86.60000000000001,-15.9,19.1,33.2,-19.1,16.8,34.0,401.82,332.64,10,66,1,-3.3333333333333335,57.0,3.0
401532437,2023,11,regular,2023-11-08 00:00:00+00:00,Northern Illinois,Ball State,17,20,False,True,0.5625,-4.599999999999994,-259.0,-7.5,18.3,24.2,-14.9,12.6,26.3,352.36,403.54,-3,37,0,-9.333333333333334,43.166666666666664,3.0
401532439,2023,11,regular,2023-11-08 00:30:00+00:00,Buffalo,Ohio,10,20,False,True,0.5625,-142.4,162.0,-15.2,15.3,29.5,-1.6,18.5,18.1,296.09,342.6,-10,30,0,8.666666666666666,45.0,3.0
401532441,2023,11,regular,2023-11-09 00:00:00+00:00,Miami (OH),Akron,19,0,False,True,0.5625,456.6,-397.0,2.8,18.5,17.7,-21.6,10.5,30.1,408.16,445.02,19,19,1,-17.166666666666668,39.0,3.0
401532442,2023,11,regular,2023-11-09 00:00:00+00:00,Kent State,Bowling Green,19,49,False,True,0.5625,-507.8,231.60000000000002,-26.3,8.2,34.8,-7.8,21.5,27.4,373.33,397.62,-30,68,0,10.0,41.333333333333336,3.0
401532440,2023,11,regular,2023-11-09 00:30:00+00:00,Toledo,Eastern Michigan,49,23,False,True,0.5625,491.6,-123.4,3.7,25.5,21.7,-12.3,13.0,26.8,497.64,377.07,26,72,1,-19.333333333333332,45.833333333333336,3.0
401525546,2023,11,regular,2023-11-10 00:30:00+00:00,Louisville,Virginia,31,24,False,True,0.5625,750.0,14.799999999999997,8.0,30.1,22.3,-10.8,21.0,31.7,744.16,622.7,7,55,1,-20.0,50.166666666666664,3.0
401531911,2023,11,regular,2023-11-10 00:30:00+00:00,Louisiana,Southern Miss,31,34,False,True,0.5625,135.4,-221.60000000000002,0.4,32.4,33.1,-14.4,23.5,36.4,475.45,425.21,-3,65,0,-9.333333333333334,52.5,3.0
401531437,2023,11,regular,2023-11-11 02:00:00+00:00,SMU,North Texas,45,21,False,True,0.5625,412.0,-129.0,10.1,34.1,23.0,-6.7,32.9,41.3,714.21,474.38,24,66,1,-19.166666666666668,67.5,3.0
401532618,2023,11,regular,2023-11-11 03:45:00+00:00,UNLV,Wyoming,34,14,False,True,0.5625,415.8,354.6,1.4,32.1,32.7,-3.6,23.5,26.1,354.46,338.5,20,48,1,-2.6666666666666665,48.25,3.0
401520381,2023,11,regular,2023-11-11 17:00:00+00:00,Army,Holy Cross,17,14,False,False,0.5625,70.60000000000001,-37.2,-4.0,18.4,22.5,,,,0.0,11.16,3,31,1,-11.5,55.5,1.0
401520394,2023,11,regular,2023-11-11 17:00:00+00:00,Penn State,Michigan,15,24,False,True,0.5625,804.6,758.4000000000001,23.5,32.7,10.5,31.3,36.6,7.2,858.06,850.43,-9,39,0,5.0,44.5,3.0
401531393,2023,11,regular,2023-11-11 17:00:00+00:00,South Florida,Temple,27,23,False,True,0.5625,-53.400000000000006,-169.4,-6.6,28.4,34.5,-21.0,18.6,37.8,622.89,554.47,4,50,1,-7.333333333333333,68.83333333333333,3.0
401520396,2023,11,regular,2023-11-11 17:00:00+00:00,South Carolina,Vanderbilt,47,6,False,True,0.5625,147.0,-156.4,4.3,28.2,25.6,-12.7,23.6,36.3,763.02,639.88,41,53,1,-13.5,55.0,3.0
401520386,2023,11,regular,2023-11-11 17:00:00+00:00,Kentucky,Alabama,21,49,False,True,0.5625,465.8,894.6,10.5,31.6,22.2,23.1,36.8,15.6,740.54,1015.43,-28,70,0,10.666666666666666,46.25,3.0
401520383,2023,11,regular,2023-11-11 17:00:00+00:00,Illinois,Indiana,48,45,False,True,0.5625,130.8,145.0,-2.5,21.6,24.1,-7.4,19.6,27.2,630.95,677.57,3,93,1,-4.833333333333333,43.5,3.0
401525547,2023,11,regular,2023-11-11 17:00:00+00:00,Boston College,Virginia Tech,22,48,False,True,0.5625,371.40000000000003,102.8,-5.9,22.2,27.6,5.8,27.5,23.3,650.23,638.89,-26,70,0,0.8333333333333334,48.833333333333336,3.0
401525548,2023,11,regular,2023-11-11 17:00:00+00:00,Clemson,Georgia Tech,42,21,False,True,0.5625,388.8,268.0,10.5,29.3,19.0,0.3,29.4,29.1,917.88,710.85,21,63,1,-15.833333333333334,54.666666666666664,3.0
401520392,2023,11,regular,2023-11-11 17:00:00+00:00,Nebraska,Maryland,10,13,False,True,0.5625,296.4,285.6,0.3,15.6,13.9,11.0,28.3,17.6,765.2,685.75,-3,23,0,1.3333333333333333,42.0,3.0
401531344,2023,11,regular,2023-11-11 17:00:00+00:00,Tulane,Tulsa,24,22,False,True,0.5625,565.8,-92.0,2.8,26.5,24.4,-13.7,20.9,34.7,537.7,520.23,2,46,1,-24.0,52.75,3.0
401525888,2023,11,regular,2023-11-11 17:00:00+00:00,Kansas,Texas Tech,13,16,False,True,0.5625,651.8,150.6,9.9,35.6,26.1,6.1,29.6,24.7,632.68,694.26,-3,29,0,-3.5,61.666666666666664,3.0
401520388,2023,11,regular,2023-11-11 18:00:00+00:00,Liberty,Old Dominion,38,10,False,False,0.5625,669.6,11.799999999999997,8.0,36.2,26.3,-10.1,23.1,31.3,330.29,343.17,28,48,1,-13.5,58.5,3.0
401520385,2023,11,regular,2023-11-11 19:00:00+00:00,James Madison,UConn,44,6,False,False,0.5625,694.8,-285.4,11.8,34.6,23.7,-15.6,17.0,31.0,196.53,484.94,38,50,1,-25.5,47.5,3.0
401525551,2023,11,regular,2023-11-11 19:00:00+00:00,Wake Forest,NC State,6,26,False,True,0.5625,91.8,427.0,-7.9,20.2,26.9,7.4,25.5,19.7,603.68,700.85,-20,32,0,1.3333333333333333,43.0,3.0
401524052,2023,11,regular,2023-11-11 19:00:00+00:00,Colorado,Arizona,31,34,False,True,0.5625,251.0,590.8,-4.9,29.6,34.4,14.1,37.3,23.1,711.87,687.01,-3,65,0,7.333333333333333,55.5,3.0
401531408,2023,11,regular,2023-11-11 19:00:00+00:00,Charlotte,Memphis,38,44,False,True,0.5625,-159.0,444.6,-21.4,14.8,34.4,3.5,37.1,33.8,554.96,626.86,-6,82,0,10.166666666666666,51.5,3.0
401531915,2023,11,regular,2023-11-11 19:00:00+00:00,UL Monroe,Troy,14,45,False,True,0.5625,-260.4,636.4000000000001,-21.6,17.6,37.5,9.8,30.7,20.1,336.22,454.06,-31,59,0,21.666666666666668,46.75,3.0
401531913,2023,11,regular,2023-11-11 19:00:00+00:00,Georgia State,App State,14,42,False,True,0.5625,318.40000000000003,152.8,-6.8,28.2,33.3,3.8,33.5,30.7,499.67,517.56,-28,56,0,-2.5,62.5,3.0
401525889,2023,11,regular,2023-11-11 20:00:00+00:00,Kansas State,Baylor,59,25,False,True,0.5625,547.6,9.600000000000023,16.2,38.9,21.8,-8.3,24.5,32.6,616.0,678.0,34,84,1,-20.166666666666668,55.5,3.0
401520387,2023,11,regular,2023-11-11 20:00:00+00:00,Louisiana Tech,Sam Houston,27,42,False,True,0.5625,-126.2,-440.4,-12.9,22.1,36.0,-13.8,16.0,28.8,433.72,240.42,-15,69,0,-8.333333333333334,49.25,3.0
401532615,2023,11,regular,2023-11-11 20:00:00+00:00,Utah State,Nevada,41,24,False,True,0.5625,31.599999999999994,-280.2,-10.9,28.6,38.6,-22.0,14.6,37.0,435.99,470.32,17,65,1,-14.833333333333334,54.25,3.0
401525550,2023,11,regular,2023-11-11 20:30:00+00:00,Florida State,Miami,27,20,False,True,0.5625,958.8,440.0,19.4,34.1,16.5,9.6,30.7,23.1,765.33,860.27,7,47,1,-14.666666666666666,50.5,3.0
401524056,2023,11,regular,2023-11-11 20:30:00+00:00,Washington,Utah,35,28,False,True,0.5625,860.8,606.0,16.4,40.3,24.7,8.5,26.7,19.4,751.12,722.55,7,63,1,-9.833333333333334,49.0,3.0
401520399,2023,11,regular,2023-11-11 20:30:00+00:00,Western Kentucky,New Mexico State,29,38,False,True,0.5625,271.8,233.0,-2.0,28.7,30.1,-1.8,23.3,25.8,491.26,378.99,-9,67,0,-5.0,54.5,3.0
401525552,2023,11,regular,2023-11-11 20:30:00+00:00,Syracuse,Pittsburgh,28,13,True,True,0.5625,171.8,7.799999999999997,-4.4,22.2,26.1,-7.3,19.3,26.0,610.75,700.42,15,41,1,2.8333333333333335,37.75,3.0
401525892,2023,11,regular,2023-11-11 20:30:00+00:00,UCF,Oklahoma State,45,3,False,True,0.5625,188.60000000000002,619.0,3.4,30.3,25.2,6.7,32.8,27.1,653.97,649.79,42,48,1,2.3333333333333335,63.833333333333336,3.0
401520390,2023,11,regular,2023-11-11 20:30:00+00:00,Middle Tennessee,Florida International,40,6,False,True,0.5625,-124.4,-88.2,-9.5,21.5,30.0,-21.2,16.0,35.6,487.98,487.5,34,46,1,-10.833333333333334,51.0,3.0
401520384,2023,11,regular,2023-11-11 20:30:00+00:00,Iowa,Rutgers,22,0,False,True,0.5625,587.0,481.0,5.8,13.8,9.3,3.5,21.0,18.7,692.62,636.35,22,22,1,-0.3333333333333333,28.166666666666668,3.0
401520395,2023,11,regular,2023-11-11 20:30:00+00:00,Purdue,Minnesota,49,30,False,True,0.5625,-20.599999999999994,370.8,-7.3,21.8,27.1,0.4,20.0,21.1,671.1,640.46,19,79,1,1.1666666666666667,47.5,3.0
401520391,2023,11,regular,2023-11-11 20:30:00+00:00,Missouri,Tennessee,36,7,False,True,0.5625,668.0,571.8,19.3,36.5,18.0,16.2,34.9,19.2,755.4,821.07,29,43,1,1.8333333333333333,58.75,3.0
401531912,2023,11,regular,2023-11-11 20:30:00+00:00,Coastal Carolina,Texas State,31,23,False,True,0.5625,329.40000000000003,292.6,-1.2,27.6,27.2,-1.6,31.2,33.8,515.69,484.79,8,54,1,2.75,55.5,2.0
401531384,2023,11,regular,2023-11-11 20:30:00+00:00,Navy,UAB,31,6,False,True,0.5625,-22.200000000000003,-74.60000000000001,-13.7,15.0,27.2,-14.7,26.9,39.6,0.0,473.46,25,37,1,3.6666666666666665,52.0,3.0
401520398,2023,11,regular,2023-11-11 20:30:00+00:00,Wisconsin,Northwestern,10,24,False,True,0.5625,269.6,141.6,9.4,22.2,14.1,-1.3,18.5,18.5,741.63,657.88,-14,34,0,-11.166666666666666,43.333333333333336,3.0
401520380,2023,11,regular,2023-11-11 21:00:00+00:00,Arkansas,Auburn,10,48,False,True,0.5625,158.8,372.8,3.5,28.3,26.6,7.6,26.4,20.1,730.93,770.94,-38,58,0,-2.5,48.0,3.0
401531416,2023,11,regular,2023-11-11 21:00:00+00:00,Florida Atlantic,East Carolina,7,22,False,True,0.5625,43.60000000000001,-320.4,-9.4,19.8,27.9,-12.8,15.4,28.1,582.59,563.94,-15,29,0,-8.166666666666666,44.75,3.0
401524051,2023,11,regular,2023-11-11 21:00:00+00:00,California,Washington State,42,39,False,True,0.5625,198.8,165.0,-0.1,30.6,28.7,4.9,31.0,27.4,681.14,573.28,3,81,1,-1.6666666666666667,59.166666666666664,3.0
401531916,2023,11,regular,2023-11-11 22:00:00+00:00,South Alabama,Arkansas State,21,14,False,True,0.5625,66.60000000000001,186.0,5.1,30.6,26.0,-6.3,25.8,32.8,545.68,487.4,7,35,1,-13.833333333333334,55.0,3.0
401524054,2023,11,regular,2023-11-11 22:30:00+00:00,Oregon State,Stanford,62,17,False,True,0.5625,710.4000000000001,157.60000000000002,12.6,33.2,22.3,-11.9,21.4,34.5,653.16,710.28,45,79,1,-21.0,52.666666666666664,3.0
401532617,2023,11,regular,2023-11-12 00:00:00+00:00,Colorado State,San Diego State,22,19,False,True,0.5625,-57.400000000000006,-103.2,-8.9,21.9,32.0,-10.3,19.4,30.2,413.96,440.15,3,41,1,-3.8333333333333335,46.5,3.0
401531914,2023,11,regular,2023-11-12 00:00:00+00:00,Marshall,Georgia Southern,38,33,False,True,0.5625,32.39999999999999,344.8,-9.0,24.4,31.5,-5.2,30.8,36.5,478.59,416.69,5,71,1,1.5,56.5,3.0
401525890,2023,11,regular,2023-11-12 00:00:00+00:00,Oklahoma,West Virginia,59,20,False,True,0.5625,765.6,390.8,15.0,38.5,22.6,7.5,31.5,24.6,884.97,666.23,39,79,1,-12.833333333333334,59.166666666666664,3.0
401520382,2023,11,regular,2023-11-12 00:00:00+00:00,Georgia,Ole Miss,52,17,False,True,0.5625,860.0,785.0,31.2,41.5,12.2,18.4,36.3,19.2,977.87,756.04,35,69,1,-11.5,58.75,3.0
401525887,2023,11,regular,2023-11-12 00:00:00+00:00,Houston,Cincinnati,14,24,False,True,0.5625,130.8,-201.4,-7.8,25.6,32.2,-6.8,21.3,28.3,670.25,663.68,-10,38,0,-3.0,53.75,3.0
401520397,2023,11,regular,2023-11-12 00:30:00+00:00,Texas A&M,Mississippi State,51,10,False,True,0.5625,492.0,203.60000000000002,15.6,34.5,18.8,0.5,24.7,24.9,925.92,746.29,41,61,1,-17.166666666666668,40.5,3.0
401520393,2023,11,regular,2023-11-12 00:30:00+00:00,Ohio State,Michigan State,38,3,False,True,0.5625,944.8,27.39999999999999,25.2,31.5,7.8,-6.8,15.7,24.0,974.79,747.34,35,41,1,-31.666666666666668,48.25,3.0
401525891,2023,11,regular,2023-11-12 00:30:00+00:00,TCU,Texas,26,29,False,True,0.5625,193.8,803.0,7.9,33.5,25.3,23.2,39.3,17.7,768.25,913.24,-3,55,0,10.5,56.25,3.0
401520389,2023,11,regular,2023-11-12 00:30:00+00:00,LSU,Florida,52,35,False,True,0.5625,655.8,374.8,19.1,44.6,25.0,6.8,31.1,26.0,899.31,845.29,17,87,1,-15.5,68.0,3.0
401531400,2023,11,regular,2023-11-12 00:30:00+00:00,UTSA,Rice,34,14,False,True,0.5625,298.8,80.8,5.4,31.3,27.3,-10.2,26.0,34.4,574.52,466.78,20,48,1,-13.333333333333334,54.25,3.0
401525549,2023,11,regular,2023-11-12 01:00:00+00:00,North Carolina,Duke,47,45,False,True,0.5625,553.8,553.0,7.4,34.4,27.8,9.4,27.3,19.5,805.63,620.9,2,92,1,-10.0,53.0,3.0
401524055,2023,11,regular,2023-11-12 02:00:00+00:00,UCLA,Arizona State,7,17,False,True,0.5625,519.0,-44.2,9.7,29.6,18.4,-11.3,20.2,29.9,752.6,681.32,-10,24,0,-14.666666666666666,45.5,3.0
401532616,2023,11,regular,2023-11-12 03:00:00+00:00,Boise State,New Mexico,42,14,False,True,0.5625,131.6,-185.2,5.9,32.7,28.2,-16.5,22.5,37.2,579.88,375.35,28,56,1,-27.166666666666668,59.0,3.0
401525886,2023,11,regular,2023-11-12 03:15:00+00:00,BYU,Iowa State,13,45,False,True,0.5625,350.8,337.6,-3.3,25.3,30.3,7.5,26.4,20.1,576.25,638.87,-32,58,0,7.333333333333333,41.666666666666664,3.0
401524053,2023,11,regular,2023-11-12 03:30:00+00:00,Oregon,USC,36,27,False,True,0.5625,797.8,566.6,26.2,45.0,18.2,9.4,43.3,32.8,874.74,896.41,9,63,1,-15.166666666666666,78.0,3.0
401532614,2023,11,regular,2023-11-12 03:30:00+00:00,San José State,Fresno State,42,18,False,True,0.5625,57.599999999999994,476.8,-3.4,28.1,29.5,2.5,28.9,27.9,513.83,555.3,24,60,1,-1.3333333333333333,51.5,3.0
401532613,2023,11,regular,2023-11-12 04:00:00+00:00,Hawai'i,Air Force,27,13,False,True,0.5625,-256.2,524.8,-16.4,19.4,35.7,5.9,25.6,20.9,407.77,0.0,14,40,1,21.0,47.833333333333336,3.0
401532444,2023,12,regular,2023-11-15 00:00:00+00:00,Northern Illinois,Western Michigan,24,0,False,True,0.5625,-79.6,-47.80000000000001,-7.5,18.3,24.2,-15.9,19.1,33.2,352.36,401.82,24,24,1,-3.8333333333333335,55.833333333333336,3.0
401532443,2023,12,regular,2023-11-15 00:00:00+00:00,Bowling Green,Toledo,31,32,False,True,0.5625,299.6,551.6,-7.8,21.5,27.4,3.7,25.5,21.7,397.62,497.64,-1,63,0,9.833333333333334,50.0,3.0
401532445,2023,12,regular,2023-11-15 00:00:00+00:00,Eastern Michigan,Akron,30,27,False,True,0.5625,-180.60000000000002,-454.2,-12.3,13.0,26.8,-21.6,10.5,30.1,377.07,445.02,3,57,1,-4.0,39.333333333333336,3.0
401532447,2023,12,regular,2023-11-16 00:00:00+00:00,Miami (OH),Buffalo,23,10,False,True,0.5625,516.6,-212.4,2.8,18.5,17.7,-15.2,15.3,29.5,408.16,296.09,13,33,1,-7.833333333333333,38.333333333333336,3.0
401532446,2023,12,regular,2023-11-16 00:00:00+00:00,Ohio,Central Michigan,34,20,False,True,0.5625,230.0,-10.399999999999991,-1.6,18.5,18.1,-19.1,16.8,34.0,342.6,332.64,14,54,1,-10.166666666666666,48.333333333333336,3.0
401525553,2023,12,regular,2023-11-17 00:00:00+00:00,Pittsburgh,Boston College,24,16,False,True,0.5625,-62.2,301.40000000000003,-7.3,19.3,26.0,-5.9,22.2,27.6,700.42,650.23,8,40,1,-1.75,46.75,2.0
401531401,2023,12,regular,2023-11-18 02:00:00+00:00,UTSA,South Florida,49,21,False,True,0.5625,358.8,-3.4000000000000057,5.4,31.3,27.3,-6.6,28.4,34.5,574.52,622.89,28,70,1,-14.833333333333334,66.5,3.0
401524057,2023,12,regular,2023-11-18 03:30:00+00:00,Washington State,Colorado,56,14,False,True,0.5625,127.8,232.0,4.9,31.0,27.4,-4.9,29.6,34.4,573.28,711.87,42,70,1,-4.666666666666667,60.666666666666664,3.0
401520401,2023,12,regular,2023-11-18 17:00:00+00:00,Alabama,Chattanooga,66,10,False,False,0.5625,1030.6,0.0,23.1,36.8,15.6,,,,1015.43,201.79,56,76,1,-44.5,54.5,1.0
401520410,2023,12,regular,2023-11-18 17:00:00+00:00,Maryland,Michigan,24,31,False,True,0.5625,378.40000000000003,908.4000000000001,11.0,28.3,17.6,31.3,36.6,7.2,685.75,850.43,-7,55,0,18.666666666666668,50.5,3.0
401520405,2023,12,regular,2023-11-18 17:00:00+00:00,Indiana,Michigan State,21,24,False,True,0.5625,107.8,54.39999999999999,-7.4,19.6,27.2,-6.8,15.7,24.0,677.57,747.34,-3,45,0,-3.8333333333333335,47.0,3.0
401525558,2023,12,regular,2023-11-18 17:00:00+00:00,Miami,Louisville,31,38,False,True,0.5625,475.0,800.0,9.6,30.7,23.1,8.0,30.1,22.3,860.27,744.16,-7,69,0,-0.3333333333333333,46.666666666666664,3.0
401520403,2023,12,regular,2023-11-18 17:00:00+00:00,Army,Coastal Carolina,28,21,False,False,0.5625,120.60000000000001,409.40000000000003,-4.0,18.4,22.5,-1.2,27.6,27.2,0.0,515.69,7,49,1,2.6666666666666665,40.5,3.0
401520412,2023,12,regular,2023-11-18 17:00:00+00:00,Mississippi State,Southern Miss,41,20,False,False,0.5625,184.60000000000002,-128.8,0.5,24.7,24.9,-14.4,23.5,36.4,746.29,425.21,21,61,1,-17.0,47.5,3.0
401520420,2023,12,regular,2023-11-18 17:00:00+00:00,Texas A&M,Abilene Christian,38,10,False,False,0.5625,588.0,-57.2,15.6,34.5,18.8,,,,925.92,306.57,28,48,1,-40.5,54.5,1.0
401520421,2023,12,regular,2023-11-18 17:00:00+00:00,UConn,Sacred Heart,31,3,False,False,0.5625,-294.4,0.0,-15.6,17.0,31.0,,,,484.94,17.99,28,34,1,-25.5,40.5,1.0
401525893,2023,12,regular,2023-11-18 17:00:00+00:00,BYU,Oklahoma,24,31,False,True,0.5625,315.8,885.6,-3.3,25.3,30.3,15.0,38.5,22.6,576.25,884.97,-7,55,0,24.333333333333332,58.0,3.0
401531375,2023,12,regular,2023-11-18 17:00:00+00:00,Florida Atlantic,Tulane,8,24,False,True,0.5625,-61.39999999999999,615.8,-9.4,19.8,27.9,2.8,26.5,24.4,582.59,537.7,-16,32,0,9.166666666666666,47.333333333333336,3.0
401520414,2023,12,regular,2023-11-18 17:00:00+00:00,Northwestern,Purdue,23,15,False,True,0.5625,277.6,75.4,-1.3,18.5,18.5,-7.3,21.8,27.1,657.88,671.1,8,38,1,-2.0,47.833333333333336,3.0
401531417,2023,12,regular,2023-11-18 17:00:00+00:00,Navy,East Carolina,10,0,False,True,0.5625,37.8,-252.4,-13.7,15.0,27.2,-12.8,15.4,28.1,0.0,563.94,10,10,1,-2.5,31.5,3.0
401520417,2023,12,regular,2023-11-18 17:00:00+00:00,Penn State,Rutgers,27,6,False,True,0.5625,827.6,423.8,23.5,32.7,10.5,3.5,21.0,18.7,858.06,636.35,21,33,1,-19.5,41.0,3.0
401520416,2023,12,regular,2023-11-18 17:00:00+00:00,Ole Miss,UL Monroe,35,3,False,False,0.5625,816.0,-295.4,18.4,36.3,19.2,-21.6,17.6,37.5,756.04,336.22,32,38,1,-36.166666666666664,60.666666666666664,3.0
401531431,2023,12,regular,2023-11-18 17:00:00+00:00,Memphis,SMU,34,38,False,True,0.5625,502.6,508.0,3.5,37.1,33.8,10.1,34.1,23.0,626.86,714.21,-4,72,0,8.833333333333334,65.5,3.0
401520408,2023,12,regular,2023-11-18 18:00:00+00:00,Liberty,Massachusetts,49,25,False,False,0.5625,729.6,-88.39999999999998,8.0,36.2,26.3,-17.5,20.8,36.2,330.29,565.65,24,74,1,-26.666666666666668,63.333333333333336,3.0
401520411,2023,12,regular,2023-11-18 19:00:00+00:00,Middle Tennessee,UTEP,34,30,False,True,0.5625,-64.4,-222.4,-9.5,21.5,30.0,-16.2,16.9,32.0,487.98,379.64,4,64,1,-8.166666666666666,48.5,3.0
401532620,2023,12,regular,2023-11-18 19:00:00+00:00,Wyoming,Hawai'i,42,9,False,True,0.5625,297.4,-160.2,-3.6,23.5,26.1,-16.4,19.4,35.7,338.5,407.77,33,51,1,-13.666666666666666,45.0,3.0
401531918,2023,12,regular,2023-11-18 19:00:00+00:00,James Madison,App State,23,26,False,True,0.5625,754.8,261.6,11.8,34.6,23.7,3.8,33.5,30.7,196.53,517.56,-3,49,0,-10.75,56.25,2.0
401532448,2023,12,regular,2023-11-18 19:00:00+00:00,Ball State,Kent State,34,3,False,True,0.5625,-201.0,-612.8,-14.9,12.6,26.3,-26.3,8.2,34.8,403.54,373.33,31,37,1,-11.333333333333334,42.166666666666664,3.0
401520407,2023,12,regular,2023-11-18 19:00:00+00:00,Jacksonville State,Louisiana Tech,56,17,False,True,0.5625,294.6,-231.2,-1.6,24.8,25.9,-12.9,22.1,36.0,227.27,433.72,39,73,1,-9.0,54.5,3.0
401531409,2023,12,regular,2023-11-18 19:00:00+00:00,Charlotte,Rice,7,28,False,True,0.5625,-209.0,23.599999999999994,-21.4,14.8,34.4,-10.2,26.0,34.4,554.96,466.78,-21,35,0,0.8333333333333334,46.833333333333336,3.0
401525899,2023,12,regular,2023-11-18 19:30:00+00:00,West Virginia,Cincinnati,42,21,False,True,0.5625,389.8,-133.4,7.5,31.5,24.6,-6.8,21.3,28.3,666.23,663.68,21,63,1,-5.333333333333333,53.5,3.0
401524058,2023,12,regular,2023-11-18 19:30:00+00:00,Arizona,Utah,42,18,False,True,0.5625,683.6,639.0,14.1,37.3,23.1,8.5,26.7,19.4,687.01,722.55,24,60,1,-1.3333333333333333,45.666666666666664,3.0
401531385,2023,12,regular,2023-11-18 20:00:00+00:00,UAB,Temple,34,24,False,True,0.5625,-171.60000000000002,-206.60000000000002,-14.7,26.9,39.6,-21.0,18.6,37.8,473.46,554.47,10,58,1,-7.833333333333333,62.5,3.0
401525555,2023,12,regular,2023-11-18 20:00:00+00:00,Virginia,Duke,30,27,False,True,0.5625,35.8,548.0,-10.8,21.0,31.7,9.4,27.3,19.5,622.7,620.9,3,57,1,3.5,47.0,2.0
401531345,2023,12,regular,2023-11-18 20:00:00+00:00,Tulsa,North Texas,28,35,False,True,0.5625,-89.0,-148.0,-13.7,20.9,34.7,-6.7,32.9,41.3,520.23,474.38,-7,63,0,2.1666666666666665,68.5,3.0
401532621,2023,12,regular,2023-11-18 20:00:00+00:00,Colorado State,Nevada,30,20,False,True,0.5625,-7.400000000000006,-377.2,-8.9,21.9,32.0,-22.0,14.6,37.0,413.96,470.32,10,50,1,-12.0,46.0,3.0
401531919,2023,12,regular,2023-11-18 20:00:00+00:00,Arkansas State,Texas State,77,31,False,True,0.5625,148.8,255.39999999999998,-6.3,25.8,32.8,-1.6,31.2,33.8,487.4,484.79,46,108,1,3.25,59.5,2.0
401520406,2023,12,regular,2023-11-18 20:30:00+00:00,Iowa,Illinois,15,13,False,True,0.5625,683.0,180.8,5.8,13.8,9.3,-2.5,21.6,24.1,692.62,630.95,2,28,1,-3.0,32.5,3.0
401525554,2023,12,regular,2023-11-18 20:30:00+00:00,Clemson,North Carolina,31,20,False,True,0.5625,484.8,653.8,10.5,29.3,19.0,7.4,34.4,27.8,917.88,805.63,11,51,1,-7.666666666666667,59.333333333333336,3.0
401520423,2023,12,regular,2023-11-18 20:30:00+00:00,Western Kentucky,Sam Houston,28,23,False,True,0.5625,221.8,-372.4,-2.0,28.7,30.1,-13.8,16.0,28.8,491.26,240.42,5,51,1,-11.0,52.25,2.0
401525897,2023,12,regular,2023-11-18 20:30:00+00:00,TCU,Baylor,42,17,False,True,0.5625,206.8,-9.399999999999977,7.9,33.5,25.3,-8.3,24.5,32.6,768.25,678.0,25,59,1,-12.833333333333334,60.666666666666664,3.0
401525559,2023,12,regular,2023-11-18 20:30:00+00:00,Virginia Tech,NC State,28,35,False,True,0.5625,211.60000000000002,495.0,5.8,27.5,23.3,7.4,25.5,19.7,638.89,700.85,-7,63,0,-2.8333333333333335,42.333333333333336,3.0
401531921,2023,12,regular,2023-11-18 20:30:00+00:00,Troy,Louisiana,31,24,False,True,0.5625,704.4000000000001,60.400000000000006,9.8,30.7,20.1,0.4,32.4,33.1,454.06,475.45,7,55,1,-15.833333333333334,47.5,3.0
401532624,2023,12,regular,2023-11-18 20:30:00+00:00,Air Force,UNLV,27,31,False,True,0.5625,427.8,511.8,5.9,25.6,20.9,1.4,32.1,32.7,0.0,354.46,-4,58,0,-3.1666666666666665,46.666666666666664,3.0
401520419,2023,12,regular,2023-11-18 20:30:00+00:00,Tennessee,Georgia,10,38,False,True,0.5625,572.8,1012.0,16.2,34.9,19.2,31.2,41.5,12.2,821.07,977.87,-28,48,0,9.166666666666666,59.0,3.0
401524062,2023,12,regular,2023-11-18 20:30:00+00:00,USC,UCLA,20,38,False,True,0.5625,597.6,414.0,9.4,43.3,32.8,9.7,29.6,18.4,896.41,752.6,-18,58,0,-5.333333333333333,63.5,3.0
401525442,2023,12,regular,2023-11-18 20:30:00+00:00,Notre Dame,Wake Forest,45,7,False,False,0.5625,681.0,56.8,20.1,36.3,16.7,-7.9,20.2,26.9,870.7,603.68,38,52,1,-23.666666666666668,47.5,3.0
401525894,2023,12,regular,2023-11-18 21:00:00+00:00,Houston,Oklahoma State,30,43,False,True,0.5625,60.8,561.8,-7.8,25.6,32.2,6.7,32.8,27.1,670.25,649.79,-13,73,0,6.833333333333333,57.833333333333336,3.0
401520415,2023,12,regular,2023-11-18 21:00:00+00:00,Ohio State,Minnesota,37,3,False,True,0.5625,1040.8,273.8,25.2,31.5,7.8,0.4,20.0,21.1,974.79,640.46,34,40,1,-27.666666666666668,50.666666666666664,3.0
401524059,2023,12,regular,2023-11-18 21:00:00+00:00,Arizona State,Oregon,13,49,False,True,0.5625,91.8,897.8,-11.3,20.2,29.9,26.2,45.0,18.2,681.32,874.74,-36,62,0,22.666666666666668,53.333333333333336,3.0
401520404,2023,12,regular,2023-11-18 21:00:00+00:00,Auburn,New Mexico State,10,31,False,False,0.5625,481.6,325.8,7.6,26.4,20.1,-1.8,23.3,25.8,770.94,378.99,-21,41,0,-24.166666666666668,48.333333333333336,3.0
401525898,2023,12,regular,2023-11-18 22:00:00+00:00,Texas Tech,UCF,24,23,False,True,0.5625,280.6,330.6,6.1,29.6,24.7,3.4,30.3,25.2,694.26,653.97,1,47,1,-2.5,59.5,2.0
401531920,2023,12,regular,2023-11-18 22:00:00+00:00,South Alabama,Marshall,28,0,False,True,0.5625,146.60000000000002,112.39999999999999,5.1,30.6,26.0,-9.0,24.4,31.5,545.68,478.59,28,28,1,-9.5,47.0,3.0
401531917,2023,12,regular,2023-11-18 23:00:00+00:00,Georgia Southern,Old Dominion,17,20,False,True,0.5625,277.8,-5.200000000000003,-5.2,30.8,36.5,-10.1,23.1,31.3,416.69,343.17,-3,37,0,-5.666666666666667,61.5,3.0
401525556,2023,12,regular,2023-11-18 23:30:00+00:00,Florida State,North Alabama,58,13,False,False,0.5625,1058.8,0.0,19.4,34.1,16.5,,,,765.33,163.24,45,71,1,,,
401524061,2023,12,regular,2023-11-18 23:30:00+00:00,Stanford,California,15,27,False,True,0.5625,166.60000000000002,278.8,-11.9,21.4,34.5,-0.1,30.6,28.7,710.28,681.14,-12,42,0,6.0,54.666666666666664,3.0
401525896,2023,12,regular,2023-11-19 00:00:00+00:00,Kansas,Kansas State,27,31,False,True,0.5625,601.8,607.6,9.9,35.6,26.1,16.2,38.9,21.8,632.68,616.0,-4,58,0,7.5,58.5,3.0
401532619,2023,12,regular,2023-11-19 00:00:00+00:00,Utah State,Boise State,10,45,False,True,0.5625,91.6,191.6,-10.9,28.6,38.6,5.9,32.7,28.2,435.99,579.88,-35,55,0,4.833333333333333,63.5,3.0
401520422,2023,12,regular,2023-11-19 00:30:00+00:00,Wisconsin,Nebraska,24,17,False,True,0.5625,199.60000000000002,271.4,9.4,22.2,14.1,0.3,15.6,13.9,741.63,765.2,7,41,1,-6.5,36.666666666666664,3.0
401520402,2023,12,regular,2023-11-19 00:30:00+00:00,Arkansas,Florida International,44,20,False,False,0.5625,123.80000000000001,-185.2,3.5,28.3,26.6,-21.2,16.0,35.6,730.93,487.5,24,64,1,-28.666666666666668,50.333333333333336,3.0
401520413,2023,12,regular,2023-11-19 00:30:00+00:00,Missouri,Florida,33,31,False,True,0.5625,812.0,371.8,19.3,36.5,18.0,6.8,31.1,26.0,755.4,845.29,2,64,1,-11.833333333333334,57.0,3.0
401524060,2023,12,regular,2023-11-19 00:30:00+00:00,Oregon State,Washington,20,22,False,True,0.5625,770.4000000000001,986.8,12.6,33.2,22.3,16.4,40.3,24.7,653.16,751.12,-2,42,0,-0.5,62.833333333333336,3.0
401520418,2023,12,regular,2023-11-19 00:30:00+00:00,South Carolina,Kentucky,17,14,False,True,0.5625,207.0,466.8,4.3,28.2,25.6,10.5,31.6,22.2,763.02,740.54,3,31,1,-1.1666666666666667,53.166666666666664,3.0
401525557,2023,12,regular,2023-11-19 01:00:00+00:00,Georgia Tech,Syracuse,31,22,False,True,0.5625,249.0,261.8,0.3,29.4,29.1,-4.4,22.2,26.1,710.85,610.75,9,53,1,-6.166666666666667,52.0,3.0
401520409,2023,12,regular,2023-11-19 01:00:00+00:00,LSU,Georgia State,56,14,False,False,0.5625,751.8,248.40000000000003,19.1,44.6,25.0,-6.8,28.2,33.3,899.31,499.67,42,70,1,-31.666666666666668,73.33333333333333,3.0
401525895,2023,12,regular,2023-11-19 01:00:00+00:00,Iowa State,Texas,16,26,False,True,0.5625,446.40000000000003,919.0,7.5,26.4,20.1,23.2,39.3,17.7,638.87,913.24,-10,42,0,7.333333333333333,45.5,3.0
401532622,2023,12,regular,2023-11-19 03:30:00+00:00,Fresno State,New Mexico,17,25,False,True,0.5625,419.6,-242.4,2.5,28.9,27.9,-16.5,22.5,37.2,555.3,375.35,-8,42,0,-22.833333333333332,57.833333333333336,3.0
401532623,2023,12,regular,2023-11-19 03:30:00+00:00,San José State,San Diego State,24,13,False,True,0.5625,153.6,-170.2,-3.4,28.1,29.5,-10.3,19.4,30.2,513.83,440.15,11,37,1,-15.666666666666666,49.166666666666664,3.0
401532450,2023,13,regular,2023-11-22 00:00:00+00:00,Western Michigan,Bowling Green,10,34,False,True,0.5625,-144.8,249.60000000000002,-15.9,19.1,33.2,-7.8,21.5,27.4,401.82,397.62,-24,44,0,2.5,52.166666666666664,3.0
401532449,2023,13,regular,2023-11-22 00:30:00+00:00,Buffalo,Eastern Michigan,11,24,False,True,0.5625,-269.6,-130.60000000000002,-15.2,15.3,29.5,-12.3,13.0,26.8,296.09,377.07,-13,35,0,-6.166666666666667,38.0,3.0
401520424,2023,13,regular,2023-11-24 00:30:00+00:00,Mississippi State,Ole Miss,7,17,False,True,0.5625,244.60000000000002,876.0,0.5,24.7,24.9,18.4,36.3,19.2,746.29,756.04,-10,24,0,10.5,55.166666666666664,3.0
401520425,2023,13,regular,2023-11-24 17:00:00+00:00,Nebraska,Iowa,10,13,False,True,0.5625,262.4,763.0,0.3,15.6,13.9,5.8,13.8,9.3,765.2,692.62,-3,23,0,-1.6666666666666667,25.75,3.0
401532451,2023,13,regular,2023-11-24 17:00:00+00:00,Central Michigan,Toledo,17,32,False,True,0.5625,-67.6,609.6,-19.1,16.8,34.0,3.7,25.5,21.7,332.64,497.64,-15,49,0,10.666666666666666,54.5,3.0
401532452,2023,13,regular,2023-11-24 17:00:00+00:00,Akron,Ohio,14,25,False,True,0.5625,-521.2,290.0,-21.6,10.5,30.1,-1.6,18.5,18.1,445.02,342.6,-11,39,0,14.666666666666666,41.75,3.0
401525560,2023,13,regular,2023-11-24 17:00:00+00:00,Boston College,Miami,20,45,False,True,0.5625,234.40000000000003,484.0,-5.9,22.2,27.6,9.6,30.7,23.1,650.23,860.27,-25,65,0,10.833333333333334,50.25,3.0
401531394,2023,13,regular,2023-11-24 17:00:00+00:00,Temple,Memphis,21,45,False,True,0.5625,-303.6,477.6,-21.0,18.6,37.8,3.5,37.1,33.8,554.47,626.86,-24,66,0,12.666666666666666,64.25,3.0
401525900,2023,13,regular,2023-11-24 17:00:00+00:00,Oklahoma,TCU,69,45,False,True,0.5625,978.4,266.8,15.0,38.5,22.6,7.9,33.5,25.3,884.97,768.25,24,114,1,-11.333333333333334,66.0,3.0
401531376,2023,13,regular,2023-11-24 20:30:00+00:00,Tulane,UTSA,29,16,False,True,0.5625,683.8,454.8,2.8,26.5,24.4,5.4,31.3,27.3,537.7,574.52,13,45,1,-3.1666666666666665,52.5,3.0
401532629,2023,13,regular,2023-11-24 20:30:00+00:00,New Mexico,Utah State,41,44,False,True,0.5625,-149.6,21.599999999999994,-16.5,22.5,37.2,-10.9,28.6,38.6,375.35,435.99,-3,85,0,5.833333333333333,58.5,3.0
401532625,2023,13,regular,2023-11-24 21:00:00+00:00,Boise State,Air Force,27,19,False,True,0.5625,259.6,377.8,5.9,32.7,28.2,5.9,25.6,20.9,579.88,0.0,8,46,1,-6.5,44.75,3.0
401520426,2023,13,regular,2023-11-24 21:00:00+00:00,Arkansas,Missouri,14,48,False,True,0.5625,183.8,892.0,3.5,28.3,26.6,19.3,36.5,18.0,730.93,755.4,-34,62,0,8.833333333333334,53.5,3.0
401525901,2023,13,regular,2023-11-25 00:30:00+00:00,Texas,Texas Tech,57,7,False,True,0.5625,1055.0,360.6,23.2,39.3,17.7,6.1,29.6,24.7,913.24,694.26,50,64,1,-15.333333333333334,53.5,3.0
401520435,2023,13,regular,2023-11-25 00:30:00+00:00,Michigan State,Penn State,0,42,True,True,0.5625,112.39999999999999,923.6,-6.8,15.7,24.0,23.5,32.7,10.5,747.34,858.06,-42,42,0,21.75,42.5,2.0
401524063,2023,13,regular,2023-11-25 01:30:00+00:00,Oregon,Oregon State,31,7,False,True,0.5625,965.8,787.4000000000001,26.2,45.0,18.2,12.6,33.2,22.3,874.74,653.16,24,38,1,-14.166666666666666,61.25,3.0
401525906,2023,13,regular,2023-11-25 17:00:00+00:00,UCF,Houston,27,13,False,True,0.5625,293.40000000000003,29.799999999999997,3.4,30.3,25.2,-7.8,25.6,32.2,653.97,670.25,14,40,1,-14.833333333333334,61.25,3.0
401532454,2023,13,regular,2023-11-25 17:00:00+00:00,Ball State,Miami (OH),15,17,False,True,0.5625,-141.0,576.6,-14.9,12.6,26.3,2.8,18.5,17.7,403.54,408.16,-2,32,0,4.666666666666667,34.25,3.0
401532453,2023,13,regular,2023-11-25 17:00:00+00:00,Kent State,Northern Illinois,27,37,False,True,0.5625,-709.8,-19.599999999999994,-26.3,8.2,34.8,-7.5,18.3,24.2,373.33,352.36,-10,64,0,19.833333333333332,44.75,3.0
401520432,2023,13,regular,2023-11-25 17:00:00+00:00,Louisville,Kentucky,31,38,False,False,0.5625,916.0,429.6,8.0,30.1,22.3,10.5,31.6,22.2,744.16,740.54,-7,69,0,-7.333333333333333,48.666666666666664,3.0
401531435,2023,13,regular,2023-11-25 17:00:00+00:00,SMU,Navy,59,14,False,True,0.5625,600.8,97.8,10.1,34.1,23.0,-13.7,15.0,27.2,714.21,0.0,45,73,1,-20.25,46.0,2.0
401520440,2023,13,regular,2023-11-25 17:00:00+00:00,Sam Houston,Middle Tennessee,23,20,False,True,0.5625,-409.6,-14.400000000000006,-13.8,16.0,28.8,-9.5,21.5,30.0,240.42,487.98,3,43,1,3.6666666666666665,50.0,3.0
401520438,2023,13,regular,2023-11-25 17:00:00+00:00,Purdue,Indiana,35,31,False,True,0.5625,38.2,57.8,-7.3,21.8,27.1,-7.4,19.6,27.2,671.1,677.57,4,66,1,-5.166666666666667,55.5,3.0
401520434,2023,13,regular,2023-11-25 17:00:00+00:00,Michigan,Ohio State,30,24,False,True,0.5625,1024.4,1136.8,31.3,36.6,7.2,25.2,31.5,7.8,850.43,974.79,6,54,1,-3.3333333333333335,46.833333333333336,3.0
401520433,2023,13,regular,2023-11-25 17:00:00+00:00,LSU,Texas A&M,42,30,False,True,0.5625,847.8,648.0,19.1,44.6,25.0,15.6,34.5,18.8,899.31,925.92,12,72,1,-10.666666666666666,67.75,3.0
401525561,2023,13,regular,2023-11-25 17:00:00+00:00,Duke,Pittsburgh,30,19,False,True,0.5625,481.0,17.799999999999997,9.4,27.3,19.5,-7.3,19.3,26.0,620.9,700.42,11,49,1,-5.166666666666667,40.75,3.0
401531927,2023,13,regular,2023-11-25 17:00:00+00:00,Southern Miss,Troy,17,35,False,True,0.5625,-186.0,784.4000000000001,-14.4,23.5,36.4,9.8,30.7,20.1,425.21,454.06,-18,52,0,17.0,48.5,2.0
401520443,2023,13,regular,2023-11-25 17:00:00+00:00,Massachusetts,UConn,18,31,False,True,0.5625,-105.39999999999998,-234.4,-17.5,20.8,36.2,-15.6,17.0,31.0,565.65,484.94,-13,49,0,-0.8333333333333334,50.75,3.0
401531421,2023,13,regular,2023-11-25 18:00:00+00:00,Rice,Florida Atlantic,24,21,False,True,0.5625,91.6,-78.39999999999999,-10.2,26.0,34.4,-9.4,19.8,27.9,466.78,582.59,3,45,1,-3.8333333333333335,46.75,3.0
401531346,2023,13,regular,2023-11-25 19:00:00+00:00,East Carolina,Tulsa,27,29,False,True,0.5625,-349.4,-139.0,-12.8,15.4,28.1,-13.7,20.9,34.7,563.94,520.23,-2,56,0,-3.5,44.25,3.0
401531386,2023,13,regular,2023-11-25 19:00:00+00:00,North Texas,UAB,45,42,False,True,0.5625,-90.0,-111.60000000000001,-6.7,32.9,41.3,-14.7,26.9,39.6,474.38,473.46,3,87,1,-2.6666666666666665,73.0,3.0
401525563,2023,13,regular,2023-11-25 19:00:00+00:00,Syracuse,Wake Forest,35,31,False,True,0.5625,224.6,49.8,-4.4,22.2,26.1,-7.9,20.2,26.9,610.75,603.68,4,66,1,-2.1666666666666665,43.5,3.0
401531925,2023,13,regular,2023-11-25 19:00:00+00:00,Old Dominion,Georgia State,25,24,False,True,0.5625,87.60000000000001,251.40000000000003,-10.1,23.1,31.3,-6.8,28.2,33.3,343.17,499.67,1,49,1,-2.0,50.0,3.0
401524067,2023,13,regular,2023-11-25 20:00:00+00:00,Utah,Colorado,23,17,False,True,0.5625,634.0,174.8,8.5,26.7,19.4,-4.9,29.6,34.4,722.55,711.87,6,40,1,-21.5,43.5,3.0
401532628,2023,13,regular,2023-11-25 20:00:00+00:00,UNLV,San José State,31,37,False,True,0.5625,604.6,213.6,1.4,32.1,32.7,-3.4,28.1,29.5,354.46,513.83,-6,68,0,-2.0,58.25,3.0
401531926,2023,13,regular,2023-11-25 20:00:00+00:00,Louisiana,UL Monroe,52,21,False,True,0.5625,51.400000000000006,-288.4,0.4,32.4,33.1,-21.6,17.6,37.5,475.45,336.22,31,73,1,-12.833333333333334,53.25,3.0
401520428,2023,13,regular,2023-11-25 20:00:00+00:00,Florida International,Western Kentucky,28,41,False,True,0.5625,-242.4,271.8,-21.2,16.0,35.6,-2.0,28.7,30.1,487.5,491.26,-13,69,0,11.0,54.25,3.0
401524064,2023,13,regular,2023-11-25 20:30:00+00:00,Arizona State,Arizona,23,59,False,True,0.5625,96.8,823.6,-11.3,20.2,29.9,14.1,37.3,23.1,681.32,687.01,-36,82,0,12.666666666666666,49.25,3.0
401520444,2023,13,regular,2023-11-25 20:30:00+00:00,UTEP,Liberty,28,42,False,True,0.5625,-289.4,789.6,-16.2,16.9,32.0,8.0,36.2,26.3,379.64,330.29,-14,70,0,17.5,54.5,3.0
401520431,2023,13,regular,2023-11-25 20:30:00+00:00,Illinois,Northwestern,43,45,False,True,0.5625,143.60000000000002,327.6,-2.5,21.6,24.1,-1.3,18.5,18.5,630.95,657.88,-2,88,0,-5.5,46.75,3.0
401520436,2023,13,regular,2023-11-25 20:30:00+00:00,Minnesota,Wisconsin,14,28,False,True,0.5625,300.8,279.6,0.4,20.0,21.1,9.4,22.2,14.1,640.46,741.63,-14,42,0,2.25,44.0,2.0
401520439,2023,13,regular,2023-11-25 20:30:00+00:00,Rutgers,Maryland,24,42,False,True,0.5625,432.8,401.40000000000003,3.5,21.0,18.7,11.0,28.3,17.6,636.35,685.75,-18,66,0,2.0,45.5,2.0
401531922,2023,13,regular,2023-11-25 20:30:00+00:00,App State,Georgia Southern,55,27,False,True,0.5625,393.6,202.8,3.8,33.5,30.7,-5.2,30.8,36.5,517.56,416.69,28,82,1,-9.5,63.0,3.0
401525905,2023,13,regular,2023-11-25 20:30:00+00:00,Oklahoma State,BYU,40,34,False,True,0.5625,629.8,314.8,6.7,32.8,27.1,-3.3,25.3,30.3,649.79,576.25,6,74,1,-16.5,55.0,3.0
401531923,2023,13,regular,2023-11-25 20:30:00+00:00,Coastal Carolina,James Madison,14,56,False,True,0.5625,372.20000000000005,704.8,-1.2,27.6,27.2,11.8,34.6,23.7,515.69,196.53,-42,70,0,5.666666666666667,50.666666666666664,3.0
401531924,2023,13,regular,2023-11-25 20:30:00+00:00,Marshall,Arkansas State,35,21,False,True,0.5625,55.19999999999999,244.8,-9.0,24.4,31.5,-6.3,25.8,32.8,478.59,487.4,14,56,1,-0.8333333333333334,52.833333333333336,3.0
401520442,2023,13,regular,2023-11-25 20:30:00+00:00,Tennessee,Vanderbilt,48,24,False,True,0.5625,587.8,-213.60000000000002,16.2,34.9,19.2,-12.7,23.6,36.3,821.07,639.88,24,72,1,-26.666666666666668,57.25,3.0
401525564,2023,13,regular,2023-11-25 20:30:00+00:00,Virginia,Virginia Tech,17,55,False,True,0.5625,135.8,186.60000000000002,-10.8,21.0,31.7,5.8,27.5,23.3,622.7,638.89,-38,72,0,1.75,53.0,2.0
401520427,2023,13,regular,2023-11-25 20:30:00+00:00,Auburn,Alabama,24,27,False,True,0.5625,411.6,1090.6,7.6,26.4,20.1,23.1,36.8,15.6,770.94,1015.43,-3,51,0,14.333333333333334,48.166666666666664,3.0
401520437,2023,13,regular,2023-11-25 21:00:00+00:00,New Mexico State,Jacksonville State,20,17,False,True,0.5625,461.8,354.6,-1.8,23.3,25.8,-1.6,24.8,25.9,378.99,227.27,3,37,1,0.25,48.5,2.0
401524068,2023,13,regular,2023-11-25 21:00:00+00:00,Washington,Washington State,24,21,False,True,0.5625,1134.8,223.8,16.4,40.3,24.7,4.9,31.0,27.4,751.12,573.28,3,45,1,-15.333333333333334,66.16666666666667,3.0
401531928,2023,13,regular,2023-11-26 00:00:00+00:00,Texas State,South Alabama,52,44,False,True,0.5625,198.2,206.60000000000002,-1.6,31.2,33.8,5.1,30.6,26.0,484.79,545.68,8,96,1,5.666666666666667,56.75,3.0
401525902,2023,13,regular,2023-11-26 00:00:00+00:00,Baylor,West Virginia,31,34,False,True,0.5625,-28.399999999999977,485.8,-8.3,24.5,32.6,7.5,31.5,24.6,678.0,666.23,-3,65,0,9.333333333333334,54.0,3.0
401524065,2023,13,regular,2023-11-26 00:00:00+00:00,Stanford,Notre Dame,23,56,False,False,0.5625,96.60000000000002,741.0,-11.9,21.4,34.5,20.1,36.3,16.7,710.28,870.7,-33,79,0,25.666666666666668,50.0,3.0
401520429,2023,13,regular,2023-11-26 00:00:00+00:00,Florida,Florida State,15,24,False,False,0.5625,392.8,1118.8,6.8,31.1,26.0,19.4,34.1,16.5,845.29,765.33,-9,39,0,6.333333333333333,49.333333333333336,3.0
401520441,2023,13,regular,2023-11-26 00:30:00+00:00,South Carolina,Clemson,7,16,False,False,0.5625,307.0,612.8,4.3,28.2,25.6,10.5,29.3,19.0,763.02,917.88,-9,23,0,7.333333333333333,48.25,3.0
401525903,2023,13,regular,2023-11-26 00:30:00+00:00,Cincinnati,Kansas,16,49,False,True,0.5625,-152.4,582.8,-6.8,21.3,28.3,9.9,35.6,26.1,663.68,632.68,-33,65,0,7.0,59.25,3.0
401520430,2023,13,regular,2023-11-26 00:30:00+00:00,Georgia Tech,Georgia,23,31,False,False,0.5625,329.0,1158.0,0.3,29.4,29.1,31.2,41.5,12.2,710.85,977.87,-8,54,0,24.166666666666668,59.5,3.0
401531410,2023,13,regular,2023-11-26 00:30:00+00:00,South Florida,Charlotte,48,14,False,True,0.5625,-60.60000000000001,-314.0,-6.6,28.4,34.5,-21.4,14.8,34.4,622.89,554.96,34,62,1,-6.666666666666667,56.75,3.0
401525904,2023,13,regular,2023-11-26 01:00:00+00:00,Kansas State,Iowa State,35,42,False,True,0.5625,723.6,449.40000000000003,16.2,38.9,21.8,7.5,26.4,20.1,616.0,638.87,-7,77,0,-10.166666666666666,46.25,3.0
401525562,2023,13,regular,2023-11-26 01:00:00+00:00,NC State,North Carolina,39,20,False,True,0.5625,587.8,634.8,7.4,25.5,19.7,7.4,34.4,27.8,700.85,805.63,19,59,1,2.5,55.5,2.0
401532630,2023,13,regular,2023-11-26 02:00:00+00:00,Nevada,Wyoming,6,42,False,True,0.5625,-474.2,357.4,-22.0,14.6,37.0,-3.6,23.5,26.1,470.32,338.5,-36,48,0,11.0,41.75,3.0
401532627,2023,13,regular,2023-11-26 03:30:00+00:00,San Diego State,Fresno State,33,18,False,True,0.5625,-227.4,344.6,-10.3,19.4,30.2,2.5,28.9,27.9,440.15,555.3,15,51,1,5.166666666666667,47.25,3.0
401524066,2023,13,regular,2023-11-26 03:30:00+00:00,UCLA,California,7,33,False,True,0.5625,550.0,346.8,9.7,29.6,18.4,-0.1,30.6,28.7,752.6,681.14,-26,40,0,-9.666666666666666,51.0,3.0
401532626,2023,13,regular,2023-11-26 04:00:00+00:00,Hawai'i,Colorado State,27,24,False,True,0.5625,-217.4,52.599999999999994,-16.4,19.4,35.7,-8.9,21.9,32.0,407.77,413.96,3,51,1,5.666666666666667,53.75,3.0
401539476,2023,14,regular,2023-12-02 00:00:00+00:00,Liberty,New Mexico State,49,35,False,True,0.5625,857.6,541.8,8.0,36.2,26.3,-1.8,23.3,25.8,330.29,378.99,14,84,1,-10.166666666666666,56.833333333333336,3.0
401539475,2023,14,regular,2023-12-02 01:00:00+00:00,Washington,Oregon,34,31,True,True,0.5625,1214.8,1107.8,16.4,40.3,24.7,26.2,45.0,18.2,751.12,874.74,3,65,1,9.5,65.66666666666667,3.0
401539479,2023,14,regular,2023-12-02 17:00:00+00:00,Texas,Oklahoma State,49,21,True,True,0.5625,1151.0,709.8,23.2,39.3,17.7,6.7,32.8,27.1,913.24,649.79,28,70,1,-14.333333333333334,56.333333333333336,3.0
401539481,2023,14,regular,2023-12-02 17:00:00+00:00,Toledo,Miami (OH),14,23,True,True,0.5625,677.6,634.6,3.7,25.5,21.7,2.8,18.5,17.7,497.64,408.16,-9,37,0,-7.333333333333333,44.166666666666664,3.0
401539482,2023,14,regular,2023-12-02 20:00:00+00:00,UNLV,Boise State,20,44,False,True,0.5625,554.6,339.6,1.4,32.1,32.7,5.9,32.7,28.2,354.46,579.88,-24,64,0,2.5,60.833333333333336,3.0
401539477,2023,14,regular,2023-12-02 21:00:00+00:00,Tulane,SMU,14,26,False,True,0.5625,779.8,660.8,2.8,26.5,24.4,10.1,34.1,23.0,537.7,714.21,-12,40,0,-3.0,48.5,3.0
401539484,2023,14,regular,2023-12-02 21:00:00+00:00,Troy,App State,49,23,False,True,0.5625,852.4000000000001,489.6,9.8,30.7,20.1,3.8,33.5,30.7,454.06,517.56,26,72,1,-5.833333333333333,52.333333333333336,3.0
401539483,2023,14,regular,2023-12-02 21:00:00+00:00,Alabama,Georgia,27,24,True,True,0.5625,1206.6,1250.8,23.1,36.8,15.6,31.2,41.5,12.2,1015.43,977.87,3,51,1,5.166666666666667,54.0,3.0
401539480,2023,14,regular,2023-12-03 01:00:00+00:00,Iowa,Michigan,0,26,True,True,0.5625,855.8,1172.4,5.8,13.8,9.3,31.3,36.6,7.2,692.62,850.43,-26,26,0,21.666666666666668,35.5,3.0
401539478,2023,14,regular,2023-12-03 01:00:00+00:00,Florida State,Louisville,16,6,True,True,0.5625,1211.6,891.0,19.4,34.1,16.5,8.0,30.1,22.3,765.33,744.16,10,22,1,-0.16666666666666666,47.333333333333336,3.0
401520445,2023,15,regular,2023-12-09 20:00:00+00:00,Army,Navy,17,11,True,False,0.5625,200.60000000000002,78.8,-4.0,18.4,22.5,-13.7,15.0,27.2,0.0,0.0,6,28,1,-0.6666666666666666,28.166666666666668,3.0
401551733,2023,1,postseason,2023-12-16 16:00:00+00:00,Ohio,Georgia Southern,41,21,True,False,0.5625,358.0,145.6,-1.6,18.5,18.1,-5.2,30.8,36.5,342.6,416.69,20,62,1,0.5,48.5,3.0
401551751,2023,1,postseason,2023-12-16 19:15:00+00:00,Louisiana,Jacksonville State,31,34,True,False,0.5625,111.4,317.4,0.4,32.4,33.1,-1.6,24.8,25.9,475.45,227.27,-3,65,0,1.8333333333333333,58.0,3.0
401551731,2023,1,postseason,2023-12-16 20:30:00+00:00,App State,Miami (OH),13,9,True,False,0.5625,470.6,793.6,3.8,33.5,30.7,2.8,18.5,17.7,517.56,408.16,4,22,1,-5.833333333333333,40.75,3.0
401551732,2023,1,postseason,2023-12-16 22:45:00+00:00,Fresno State,New Mexico State,37,10,True,False,0.5625,247.6,534.8,2.5,28.9,27.9,-1.8,23.3,25.8,555.3,378.99,27,47,1,2.5,53.0,3.0
401551752,2023,1,postseason,2023-12-17 00:30:00+00:00,Boise State,UCLA,22,35,True,False,0.5625,448.4,480.0,5.9,32.7,28.2,9.7,29.6,18.4,579.88,752.6,-13,57,0,5.166666666666667,45.25,3.0
401551753,2023,1,postseason,2023-12-17 02:15:00+00:00,Texas Tech,California,34,14,True,False,0.5625,379.6,482.8,6.1,29.6,24.7,-0.1,30.6,28.7,694.26,681.14,20,48,1,-2.8333333333333335,55.5,3.0
401551469,2023,1,postseason,2023-12-18 19:30:00+00:00,Old Dominion,Western Kentucky,35,38,True,False,0.5625,167.60000000000002,339.8,-10.1,23.1,31.3,-2.0,28.7,30.1,343.17,491.26,-3,73,0,-2.5,48.75,3.0
401551735,2023,1,postseason,2023-12-20 02:00:00+00:00,Marshall,UTSA,17,35,True,False,0.5625,151.2,451.8,-9.0,24.4,31.5,5.4,31.3,27.3,478.59,574.52,-18,52,0,7.666666666666667,46.75,3.0
401551737,2023,1,postseason,2023-12-22 01:00:00+00:00,Syracuse,South Florida,0,45,True,False,0.5625,274.6,-0.6000000000000085,-4.4,22.2,26.1,-6.6,28.4,34.5,610.75,622.89,-45,45,0,-4.25,55.75,2.0
401551754,2023,1,postseason,2023-12-22 23:30:00+00:00,UCF,Georgia Tech,17,30,True,False,0.5625,353.40000000000003,354.0,3.4,30.3,25.2,0.3,29.4,29.1,653.97,710.85,-13,47,0,-6.25,66.0,2.0
401551739,2023,1,postseason,2023-12-23 17:00:00+00:00,Duke,Troy,17,10,True,False,0.5625,541.0,948.4000000000001,9.4,27.3,19.5,9.8,30.7,20.1,620.9,454.06,7,27,1,6.75,44.25,2.0
401551741,2023,1,postseason,2023-12-23 17:00:00+00:00,Northern Illinois,Arkansas State,21,19,True,False,0.5625,48.400000000000006,147.8,-7.5,18.3,24.2,-6.3,25.8,32.8,352.36,487.4,2,40,1,2.5,53.75,2.0
401551743,2023,1,postseason,2023-12-23 20:30:00+00:00,Utah State,Georgia State,22,45,True,False,0.5625,79.6,184.40000000000003,-10.9,28.6,38.6,-6.8,28.2,33.3,435.99,499.67,-23,67,0,-1.75,57.75,2.0
401551742,2023,1,postseason,2023-12-23 20:30:00+00:00,Air Force,James Madison,31,21,True,False,0.5625,340.6,813.6,5.9,25.6,20.9,11.8,34.6,23.7,0.0,196.53,10,52,1,-2.5,44.0,2.0
401551755,2023,1,postseason,2023-12-24 00:00:00+00:00,Eastern Michigan,South Alabama,10,59,False,False,0.5625,-62.60000000000001,169.4,-12.3,13.0,26.8,5.1,30.6,26.0,377.07,545.68,-49,69,0,17.75,42.75,2.0
401551744,2023,1,postseason,2023-12-24 00:30:00+00:00,Northwestern,Utah,14,7,True,False,0.5625,420.4,714.0,-1.3,18.5,18.5,8.5,26.7,19.4,657.88,722.55,7,21,1,6.5,44.0,2.0
401551746,2023,1,postseason,2023-12-24 03:30:00+00:00,San José State,Coastal Carolina,14,24,True,False,0.5625,306.4,341.20000000000005,-3.4,28.1,29.5,-1.2,27.6,27.2,513.83,515.69,-10,38,0,-7.833333333333333,50.333333333333336,3.0
401551756,2023,1,postseason,2023-12-26 19:00:00+00:00,Minnesota,Bowling Green,30,24,True,False,0.5625,265.8,317.6,0.4,20.0,21.1,-7.8,21.5,27.4,640.46,397.62,6,54,1,-2.5,44.75,2.0
401551748,2023,1,postseason,2023-12-26 22:30:00+00:00,Rice,Texas State,21,45,True,False,0.5625,141.6,278.2,-10.2,26.0,34.4,-1.6,31.2,33.8,466.78,484.79,-24,66,0,3.5,59.0,2.0
401551757,2023,1,postseason,2023-12-27 02:00:00+00:00,UNLV,Kansas,36,49,True,False,0.5625,484.6,691.6,1.4,32.1,32.7,9.9,35.6,26.1,354.46,632.68,-13,85,0,9.0,64.83333333333333,3.0
401551758,2023,1,postseason,2023-12-27 19:00:00+00:00,Tulane,Virginia Tech,20,41,True,False,0.5625,746.8,254.60000000000002,2.8,26.5,24.4,5.8,27.5,23.3,537.7,638.89,-21,61,0,13.0,44.0,2.0
401551761,2023,1,postseason,2023-12-27 22:30:00+00:00,West Virginia,North Carolina,30,10,True,False,0.5625,543.8,615.8,7.5,31.5,24.6,7.4,34.4,27.8,666.23,805.63,20,40,1,-4.0,61.75,2.0
401581109,2023,1,postseason,2023-12-28 01:00:00+00:00,USC,Louisville,42,28,True,False,0.5625,562.6,922.0,9.4,43.3,32.8,8.0,30.1,22.3,896.41,744.16,14,70,1,4.5,57.25,2.0
401551749,2023,1,postseason,2023-12-28 02:00:00+00:00,Oklahoma State,Texas A&M,31,23,True,False,0.5625,731.8,653.0,6.7,32.8,27.1,15.6,34.5,18.8,649.79,925.92,8,54,1,-1.3333333333333333,55.0,3.0
401551750,2023,1,postseason,2023-12-28 16:00:00+00:00,Boston College,SMU,23,14,True,False,0.5625,199.40000000000003,814.8,-5.9,22.2,27.6,10.1,34.1,23.0,650.23,714.21,9,37,1,13.5,48.75,2.0
401551762,2023,1,postseason,2023-12-28 19:15:00+00:00,Miami,Rutgers,24,31,True,False,0.5625,592.8,397.8,9.6,30.7,23.1,3.5,21.0,18.7,860.27,636.35,-7,55,0,2.75,40.75,2.0
401551764,2023,1,postseason,2023-12-28 22:45:00+00:00,Kansas State,NC State,28,19,True,False,0.5625,698.6,707.8,16.2,38.9,21.8,7.4,25.5,19.7,616.0,700.85,9,47,1,-4.0,48.166666666666664,3.0
401551765,2023,1,postseason,2023-12-29 02:15:00+00:00,Oklahoma,Arizona,24,38,True,False,0.5625,1098.4,891.6,15.0,38.5,22.6,14.1,37.3,23.1,884.97,687.01,-14,62,0,2.0,60.833333333333336,3.0
401551766,2023,1,postseason,2023-12-29 17:00:00+00:00,Kentucky,Clemson,35,38,True,False,0.5625,579.6,705.6,10.5,31.6,22.2,10.5,29.3,19.0,740.54,917.88,-3,73,0,4.833333333333333,45.5,3.0
401551798,2023,1,postseason,2023-12-29 19:00:00+00:00,Notre Dame,Oregon State,40,8,True,False,0.5625,809.0,808.4000000000001,20.1,36.3,16.7,12.6,33.2,22.3,870.7,653.16,32,48,1,-5.5,40.5,2.0
401551767,2023,1,postseason,2023-12-29 20:30:00+00:00,Iowa State,Memphis,26,36,False,False,0.5625,579.4,545.6,7.5,26.4,20.1,3.5,37.1,33.8,638.87,626.86,-10,62,0,-8.833333333333334,58.0,3.0
401551768,2023,1,postseason,2023-12-30 01:00:00+00:00,Ohio State,Missouri,3,14,True,False,0.5625,1173.8,1000.8,25.2,31.5,7.8,19.3,36.5,18.0,974.79,755.4,-11,17,0,-4.666666666666667,51.0,3.0
401551769,2023,1,postseason,2023-12-30 17:00:00+00:00,Penn State,Ole Miss,25,38,True,False,0.5625,1067.6,984.8,23.5,32.7,10.5,18.4,36.3,19.2,858.06,756.04,-13,63,0,-4.833333333333333,51.333333333333336,3.0
401551770,2023,1,postseason,2023-12-30 19:00:00+00:00,Maryland,Auburn,31,13,True,False,0.5625,510.20000000000005,422.6,11.0,28.3,17.6,7.6,26.4,20.1,685.75,770.94,18,44,1,3.6666666666666665,48.166666666666664,3.0
401551773,2023,1,postseason,2023-12-30 21:00:00+00:00,Florida State,Georgia,3,63,True,False,0.5625,1424.6,1279.8,19.4,34.1,16.5,31.2,41.5,12.2,765.33,977.87,-60,66,0,20.166666666666668,46.5,3.0
401554566,2023,1,postseason,2023-12-30 21:30:00+00:00,Wyoming,Toledo,16,15,True,False,0.5625,425.4,627.6,-3.6,23.5,26.1,3.7,25.5,21.7,338.5,497.64,1,31,1,-4.5,44.0,2.0
401551778,2023,1,postseason,2024-01-01 17:00:00+00:00,LSU,Wisconsin,35,31,True,False,0.5625,967.8,388.40000000000003,19.1,44.6,25.0,9.4,22.2,14.1,899.31,741.63,4,66,1,-9.333333333333334,57.666666666666664,3.0
401551782,2023,1,postseason,2024-01-01 18:00:00+00:00,Oregon,Liberty,45,6,True,False,0.5625,1151.8,953.6,26.2,45.0,18.2,8.0,36.2,26.3,874.74,330.29,39,51,1,-19.166666666666668,69.16666666666667,3.0
401551780,2023,1,postseason,2024-01-01 18:00:00+00:00,Tennessee,Iowa,35,0,True,False,0.5625,647.8,892.8,16.2,34.9,19.2,5.8,13.8,9.3,821.07,692.62,35,35,1,-5.666666666666667,36.5,3.0
401551786,2023,1,postseason,2024-01-01 22:00:00+00:00,Michigan,Alabama,27,20,True,False,0.5625,1376.4,1431.6,31.3,36.6,7.2,23.1,36.8,15.6,850.43,1015.43,7,47,1,-2.0,45.833333333333336,3.0
401551788,2023,1,postseason,2024-01-02 01:45:00+00:00,Washington,Texas,37,31,True,False,0.5625,1427.8,1352.0,16.4,40.3,24.7,23.2,39.3,17.7,751.12,913.24,6,68,1,3.6666666666666665,62.333333333333336,3.0
401551789,2023,1,postseason,2024-01-09 00:30:00+00:00,Michigan,Washington,34,13,True,False,0.5625,1589.4,1646.8,31.3,36.6,7.2,16.4,40.3,24.7,850.43,751.12,21,47,1,-5.0,55.5,2.0
401635525,2024,1,regular,2024-08-24 16:00:00+00:00,Georgia Tech,Florida State,24,21,True,True,0.75,0.0,0.0,1.9,31.1,27.9,-3.2,20.1,25.3,703.0,879.48,3,45,1,10.666666666666666,54.833333333333336,3.0
401643697,2024,1,regular,2024-08-24 20:00:00+00:00,New Mexico,Montana State,31,35,False,False,0.75,0.0,0.0,-14.8,27.6,40.5,,,,464.59,,-4,66,0,11.5,54.0,3.0
401643696,2024,1,regular,2024-08-25 00:00:00+00:00,Nevada,SMU,24,29,False,False,0.75,0.0,0.0,-15.2,21.0,34.2,17.5,38.2,21.1,525.22,788.22,-5,53,0,27.5,55.833333333333336,3.0
401643858,2024,1,regular,2024-08-25 03:59:00+00:00,Hawai'i,Delaware State,35,14,False,False,0.75,0.0,0.0,-10.9,20.9,30.0,,,,513.7,,21,49,1,-38.666666666666664,56.166666666666664,3.0
401628458,2024,1,regular,2024-08-29 22:00:00+00:00,Rutgers,Howard,44,7,False,False,0.75,0.0,0.0,6.4,28.5,22.8,,,,663.55,,37,51,1,-38.5,51.5,1.0
401644727,2024,1,regular,2024-08-29 23:00:00+00:00,Buffalo,Lafayette,30,13,False,False,0.75,0.0,0.0,-4.0,25.4,30.2,,,,435.22,,17,43,1,-3.5,45.5,1.0
401644730,2024,1,regular,2024-08-29 23:00:00+00:00,Central Michigan,Central Connecticut,66,10,False,False,0.75,0.0,0.0,-15.8,17.7,34.3,,,,467.22,,56,76,1,-33.5,54.5,1.0
401634299,2024,1,regular,2024-08-29 23:00:00+00:00,NC State,Western Carolina,38,21,False,False,0.75,0.0,0.0,3.9,29.9,26.5,,,,722.41,,17,59,1,-32.5,60.5,1.0
401628582,2024,1,regular,2024-08-29 23:00:00+00:00,UCF,New Hampshire,57,3,False,False,0.75,0.0,0.0,2.8,29.0,25.8,,,,746.3,,54,60,1,-38.5,58.5,1.0
401636387,2024,1,regular,2024-08-29 23:00:00+00:00,UL Monroe,Jackson State,30,14,False,False,0.75,0.0,0.0,-16.7,16.9,32.5,,,,329.43,,16,44,1,-4.5,45.5,1.0
401628581,2024,1,regular,2024-08-29 23:00:00+00:00,Wake Forest,North Carolina A&T,45,13,False,False,0.75,0.0,0.0,-5.7,25.8,31.8,,,,635.45,,32,58,1,,,
401644729,2024,1,regular,2024-08-29 23:00:00+00:00,Bowling Green,Fordham,41,17,False,False,0.75,0.0,0.0,-1.8,25.6,27.2,,,,484.51,,24,58,1,-15.5,60.5,1.0
401644728,2024,1,regular,2024-08-29 23:30:00+00:00,Toledo,Duquesne,49,10,False,False,0.75,0.0,0.0,-2.5,24.5,26.3,,,,571.92,,39,59,1,-27.5,53.5,1.0
401628320,2024,1,regular,2024-08-29 23:30:00+00:00,Arkansas,Arkansas-Pine Bluff,70,0,True,False,0.75,0.0,0.0,11.0,31.4,21.7,,,,779.17,,70,70,1,-50.5,60.5,1.0
401645317,2024,1,regular,2024-08-30 00:00:00+00:00,Tulane,SE Louisiana,52,0,False,False,0.75,0.0,0.0,5.7,32.9,27.1,,,,654.07,,52,52,1,-28.5,55.5,1.0
401636606,2024,1,regular,2024-08-30 00:00:00+00:00,Kansas,Lindenwood,48,3,True,False,0.75,0.0,0.0,4.9,32.4,26.5,,,,696.92,,45,51,1,-48.5,62.5,1.0
401628327,2024,1,regular,2024-08-30 00:00:00+00:00,Missouri,Murray State,51,0,False,False,0.75,0.0,0.0,14.0,33.7,18.7,,,,807.36,,51,51,1,-50.5,62.5,1.0
401628448,2024,1,regular,2024-08-30 00:00:00+00:00,Minnesota,North Carolina,17,19,False,False,0.75,0.0,0.0,10.4,25.6,15.4,5.0,31.5,26.3,705.22,794.99,-2,36,0,0.3333333333333333,51.833333333333336,3.0
401634206,2024,1,regular,2024-08-30 00:00:00+00:00,Colorado,North Dakota State,31,26,False,False,0.75,0.0,0.0,8.1,33.3,23.5,,,,749.16,,5,57,1,-10.0,58.0,3.0
401645318,2024,1,regular,2024-08-30 00:00:00+00:00,Tulsa,Northwestern State,62,28,False,False,0.75,0.0,0.0,-20.6,21.2,40.3,,,,556.71,,34,90,1,-37.5,55.5,1.0
401640998,2024,1,regular,2024-08-30 00:00:00+00:00,Jacksonville State,Coastal Carolina,27,55,False,False,0.75,0.0,0.0,-1.0,28.8,28.3,-6.9,25.5,33.4,430.94,557.61,-28,82,0,-3.5,55.166666666666664,3.0
401645316,2024,1,regular,2024-08-30 00:00:00+00:00,UAB,Alcorn State,41,3,False,False,0.75,0.0,0.0,-11.3,25.9,38.0,,,,583.23,,38,44,1,-29.5,55.5,1.0
401654845,2024,1,regular,2024-08-30 01:00:00+00:00,Illinois,Eastern Illinois,45,0,False,False,0.75,0.0,0.0,9.6,29.0,20.9,,,,653.75,,45,45,1,-28.5,50.5,1.0
401636607,2024,1,regular,2024-08-30 01:00:00+00:00,Utah,Southern Utah,49,0,False,False,0.75,0.0,0.0,7.7,23.6,17.2,,,,745.21,,49,49,1,-37.5,55.5,1.0
401643698,2024,1,regular,2024-08-30 02:00:00+00:00,San José State,Sacramento State,42,24,False,False,0.75,0.0,0.0,-5.5,26.1,30.1,,,,480.29,,18,66,1,-2.5,62.5,1.0
401645319,2024,1,regular,2024-08-30 22:00:00+00:00,Army,Lehigh,42,7,False,False,0.75,0.0,0.0,9.2,31.1,21.7,,,,0.0,,35,49,1,,,
401628328,2024,1,regular,2024-08-30 23:00:00+00:00,Oklahoma,Temple,51,3,False,False,0.75,0.0,0.0,9.5,25.9,17.8,-20.3,17.3,37.8,906.61,532.46,48,54,1,-43.0,58.166666666666664,3.0
401628453,2024,1,regular,2024-08-30 23:00:00+00:00,Michigan State,Florida Atlantic,16,10,False,False,0.75,0.0,0.0,-4.6,18.0,24.1,-12.7,20.8,32.1,721.75,592.16,6,26,1,-12.0,45.5,3.0
401628584,2024,1,regular,2024-08-30 23:30:00+00:00,Duke,Elon,26,3,False,False,0.75,0.0,0.0,5.6,26.7,21.3,,,,635.89,,23,29,1,-24.5,47.5,1.0
401628461,2024,1,regular,2024-08-31 01:00:00+00:00,Wisconsin,Western Michigan,28,14,False,False,0.75,0.0,0.0,3.0,23.0,19.8,-10.2,24.7,36.0,771.35,547.19,14,42,1,-24.166666666666668,56.666666666666664,3.0
401634300,2024,1,regular,2024-08-31 02:30:00+00:00,Stanford,TCU,27,34,False,False,0.75,0.0,0.0,-8.2,24.4,34.1,10.8,34.6,22.8,719.43,766.5,-7,61,0,8.333333333333334,59.333333333333336,3.0
401643703,2024,1,regular,2024-08-31 04:00:00+00:00,Utah State,Robert Morris,36,14,False,False,0.75,0.0,0.0,-10.4,30.2,40.3,,,,543.56,,22,50,1,,,
401628450,2024,1,regular,2024-08-31 16:00:00+00:00,Iowa,Illinois State,40,0,False,False,0.75,0.0,0.0,15.8,27.0,13.3,,,,723.51,,40,40,1,,,
401628323,2024,1,regular,2024-08-31 16:00:00+00:00,Georgia,Clemson,34,3,True,False,0.75,0.0,0.0,24.3,37.3,14.9,13.3,35.4,20.9,1006.89,924.63,31,37,1,-11.666666666666666,49.166666666666664,3.0
401628333,2024,1,regular,2024-08-31 16:00:00+00:00,Vanderbilt,Virginia Tech,34,27,False,False,0.75,0.0,0.0,4.9,28.2,25.4,10.0,31.3,22.4,695.96,695.42,7,61,1,13.333333333333334,50.333333333333336,3.0
401628451,2024,1,regular,2024-08-31 16:00:00+00:00,Maryland,UConn,50,7,False,False,0.75,0.0,0.0,-3.9,23.3,27.1,1.5,26.9,25.7,695.59,537.91,43,57,1,-19.333333333333332,45.833333333333336,3.0
401632062,2024,1,regular,2024-08-31 16:00:00+00:00,Louisville,Austin Peay,62,0,False,False,0.75,0.0,0.0,13.6,37.7,22.9,,,,739.28,,62,62,1,-38.5,54.5,1.0
401634305,2024,1,regular,2024-08-31 16:00:00+00:00,Pittsburgh,Kent State,55,24,False,False,0.75,0.0,0.0,4.9,29.3,26.3,-33.0,12.6,43.8,713.74,435.3,31,79,1,-23.5,54.5,3.0
401628457,2024,1,regular,2024-08-31 16:00:00+00:00,West Virginia,Penn State,12,34,False,False,0.75,0.0,0.0,2.1,30.1,29.7,24.6,37.5,13.1,684.9,895.31,-22,46,0,8.333333333333334,49.333333333333336,3.0
401645322,2024,1,regular,2024-08-31 16:00:00+00:00,Navy,Bucknell,49,21,False,False,0.75,0.0,0.0,3.5,29.5,24.4,,,,0.0,,28,70,1,-31.5,48.5,1.0
401634169,2024,1,regular,2024-08-31 16:00:00+00:00,Purdue,Indiana State,49,0,False,False,0.75,0.0,0.0,-16.2,19.2,33.6,,,,738.93,,49,49,1,-35.5,52.5,1.0
401628330,2024,1,regular,2024-08-31 16:45:00+00:00,Tennessee,Chattanooga,69,3,False,False,0.75,0.0,0.0,22.0,33.7,13.5,,,,858.67,,66,72,1,-38.5,56.5,1.0
401634212,2024,1,regular,2024-08-31 18:00:00+00:00,Oklahoma State,South Dakota State,44,20,False,False,0.75,0.0,0.0,-2.6,29.4,31.7,,,,687.76,,24,64,1,-10.5,54.666666666666664,3.0
401628591,2024,1,regular,2024-08-31 18:30:00+00:00,Cincinnati,Towson,38,20,False,False,0.75,0.0,0.0,-0.1,25.6,25.0,,,,662.34,,18,58,1,-33.5,56.5,1.0
401637159,2024,1,regular,2024-08-31 19:00:00+00:00,Washington State,Portland State,70,30,False,False,0.75,0.0,0.0,1.3,34.0,31.1,,,,610.54,,40,100,1,-26.5,57.5,1.0
401644683,2024,1,regular,2024-08-31 19:30:00+00:00,Northwestern,Miami (OH),13,6,True,False,0.75,0.0,0.0,-8.2,17.5,24.3,1.3,23.2,23.2,675.78,505.3,7,19,1,-3.5,41.0,3.0
401628322,2024,1,regular,2024-08-31 19:30:00+00:00,Florida,Miami,17,41,False,False,0.75,0.0,0.0,13.8,31.7,20.0,21.6,44.2,24.3,894.24,868.15,-24,58,0,2.5,54.5,3.0
401634133,2024,1,regular,2024-08-31 19:30:00+00:00,App State,East Tennessee State,38,10,False,False,0.75,0.0,0.0,-8.1,27.2,33.6,,,,575.31,,28,48,1,-35.5,58.5,1.0
401644731,2024,1,regular,2024-08-31 19:30:00+00:00,Northern Illinois,Western Illinois,54,15,False,False,0.75,0.0,0.0,-3.5,20.0,21.6,,,,437.2,,39,69,1,-36.5,55.5,1.0
401643699,2024,1,regular,2024-08-31 19:30:00+00:00,Air Force,Merrimack,21,6,False,False,0.75,0.0,0.0,-11.7,17.8,27.5,,,,0.0,,15,27,1,-30.5,47.5,1.0
401628449,2024,1,regular,2024-08-31 19:30:00+00:00,Indiana,Florida International,31,7,False,False,0.75,0.0,0.0,20.1,35.0,16.4,-12.1,20.5,31.3,668.92,504.39,24,38,1,-23.833333333333332,51.0,3.0
401628331,2024,1,regular,2024-08-31 19:30:00+00:00,Texas,Colorado State,52,0,False,False,0.75,0.0,0.0,24.1,36.6,10.8,-5.7,24.2,29.2,953.95,546.04,52,52,1,-35.0,61.333333333333336,3.0
401628454,2024,1,regular,2024-08-31 19:30:00+00:00,Nebraska,UTEP,40,7,False,False,0.75,0.0,0.0,5.5,23.1,15.8,-22.7,13.7,34.2,790.42,455.97,33,47,1,-27.5,48.75,2.0
401641015,2024,1,regular,2024-08-31 19:30:00+00:00,UTSA,Kennesaw State,28,16,False,False,0.75,0.0,0.0,2.2,32.3,31.5,-25.1,10.2,35.1,644.36,288.14,12,44,1,-24.0,49.0,2.0
401629039,2024,1,regular,2024-08-31 19:30:00+00:00,Massachusetts,Eastern Michigan,14,28,False,False,0.75,0.0,0.0,-21.9,20.5,40.3,-13.3,20.5,34.3,585.57,508.73,-14,42,0,-2.5,50.166666666666664,3.0
401634197,2024,1,regular,2024-08-31 19:30:00+00:00,Iowa State,North Dakota,21,3,False,False,0.75,0.0,0.0,10.3,30.8,20.2,,,,642.12,,18,24,1,-30.5,51.5,1.0
401634304,2024,1,regular,2024-08-31 19:30:00+00:00,Syracuse,Ohio,38,22,False,False,0.75,0.0,0.0,5.5,35.8,28.9,2.3,27.2,23.9,698.59,450.55,16,60,1,-17.333333333333332,46.0,3.0
401628455,2024,1,regular,2024-08-31 19:30:00+00:00,Ohio State,Akron,52,6,False,False,0.75,0.0,0.0,31.2,39.5,9.2,-17.9,15.7,34.6,998.62,537.82,46,58,1,-49.5,56.666666666666664,3.0
401643700,2024,1,regular,2024-08-31 20:00:00+00:00,Georgia Southern,Boise State,45,56,False,False,0.75,0.0,0.0,-1.7,26.5,30.1,10.1,35.3,24.2,527.99,608.26,-11,101,0,12.5,57.333333333333336,3.0
401628329,2024,1,regular,2024-08-31 20:15:00+00:00,South Carolina,Old Dominion,23,19,False,False,0.75,0.0,0.0,16.9,32.1,16.0,-6.0,25.7,31.3,798.18,428.91,4,42,1,-20.333333333333332,50.833333333333336,3.0
401634301,2024,1,regular,2024-08-31 21:00:00+00:00,California,UC Davis,31,13,False,False,0.75,0.0,0.0,4.0,27.4,22.9,,,,702.38,,18,44,1,-20.5,56.5,1.0
401643775,2024,1,regular,2024-08-31 21:00:00+00:00,South Alabama,North Texas,38,52,False,False,0.75,0.0,0.0,2.8,29.9,26.9,-4.5,33.3,37.0,554.77,595.42,-14,90,0,-5.833333333333333,62.333333333333336,3.0
401628590,2024,1,regular,2024-08-31 21:00:00+00:00,Marshall,Stony Brook,45,3,False,False,0.75,0.0,0.0,3.1,29.6,26.9,,,,587.22,,42,48,1,-32.5,56.5,1.0
401628586,2024,1,regular,2024-08-31 22:00:00+00:00,Liberty,Campbell,41,24,False,False,0.75,0.0,0.0,0.2,28.2,26.6,,,,569.65,,17,65,1,-41.5,58.5,1.0
401628589,2024,1,regular,2024-08-31 22:00:00+00:00,Virginia,Richmond,34,13,False,False,0.75,0.0,0.0,-5.1,23.7,29.3,,,,662.28,,21,47,1,,,
401645320,2024,1,regular,2024-08-31 22:00:00+00:00,East Carolina,Norfolk State,42,3,False,False,0.75,0.0,0.0,-1.0,28.5,29.7,,,,611.66,,39,45,1,-31.5,51.5,1.0
401628326,2024,1,regular,2024-08-31 22:00:00+00:00,Mississippi State,Eastern Kentucky,56,7,False,False,0.75,0.0,0.0,-4.1,25.5,31.2,,,,743.77,,49,63,1,-26.5,61.5,1.0
401643704,2024,1,regular,2024-08-31 22:30:00+00:00,Oregon State,Idaho State,38,15,False,False,0.75,0.0,0.0,-6.7,26.1,32.7,,,,626.97,,23,53,1,-29.5,57.5,1.0
401641039,2024,1,regular,2024-08-31 23:00:00+00:00,Rice,Sam Houston,14,34,False,False,0.75,0.0,0.0,-11.4,20.5,30.4,-6.9,19.0,23.8,538.4,488.03,-20,48,0,-9.833333333333334,48.833333333333336,3.0
401641023,2024,1,regular,2024-08-31 23:00:00+00:00,Middle Tennessee,Tennessee Tech,32,25,False,False,0.75,0.0,0.0,-24.4,13.7,37.3,,,,503.43,,7,57,1,,,
401645321,2024,1,regular,2024-08-31 23:00:00+00:00,Memphis,North Alabama,40,0,False,False,0.75,0.0,0.0,9.6,36.7,28.2,,,,633.44,,40,40,1,-38.5,62.5,1.0
401628325,2024,1,regular,2024-08-31 23:00:00+00:00,Ole Miss,Furman,76,0,False,False,0.75,0.0,0.0,27.9,37.7,11.9,,,,801.66,,76,76,1,-45.5,58.5,1.0
401636363,2024,1,regular,2024-08-31 23:00:00+00:00,South Florida,Bethune-Cookman,48,3,False,False,0.75,0.0,0.0,-2.3,29.5,33.4,,,,641.02,,45,51,1,,,
401636610,2024,1,regular,2024-08-31 23:00:00+00:00,Baylor,Tarleton State,45,3,False,False,0.75,0.0,0.0,8.4,33.5,26.2,,,,709.46,,42,48,1,-33.5,53.5,1.0
401636611,2024,1,regular,2024-08-31 23:00:00+00:00,Houston,UNLV,7,27,False,False,0.75,0.0,0.0,-8.2,18.1,24.5,9.3,32.6,24.6,646.7,575.16,-20,34,0,-2.25,55.5,2.0
401632064,2024,1,regular,2024-08-31 23:00:00+00:00,Arkansas State,Central Arkansas,34,31,False,False,0.75,0.0,0.0,-9.9,24.6,35.2,,,,573.27,,3,65,1,,,
401636612,2024,1,regular,2024-08-31 23:00:00+00:00,Kansas State,UT Martin,41,6,False,False,0.75,0.0,0.0,14.1,33.0,20.4,,,,651.75,,35,47,1,-36.5,56.5,1.0
401643701,2024,1,regular,2024-08-31 23:00:00+00:00,Troy,Nevada,26,28,False,False,0.75,0.0,3.0,-6.6,24.1,30.1,-15.2,21.0,34.2,499.56,525.22,-2,54,0,-10.166666666666666,45.333333333333336,3.0
401628319,2024,1,regular,2024-08-31 23:00:00+00:00,Alabama,Western Kentucky,63,0,False,False,0.75,0.0,0.0,25.0,37.9,14.6,-2.2,22.1,26.1,1018.28,518.88,63,63,1,-34.166666666666664,60.0,3.0
401628332,2024,1,regular,2024-08-31 23:30:00+00:00,Texas A&M,Notre Dame,13,23,False,False,0.75,0.0,0.0,17.0,34.0,18.6,23.9,38.6,14.1,914.52,905.52,-10,36,0,-2.6666666666666665,46.666666666666664,3.0
401628459,2024,1,regular,2024-08-31 23:30:00+00:00,Hawai'i,UCLA,13,16,False,False,0.75,60.0,0.0,-10.9,20.9,30.0,-1.3,21.3,23.3,513.7,758.87,-3,29,0,13.5,53.0,3.0
401628456,2024,1,regular,2024-08-31 23:30:00+00:00,Oregon,Idaho,24,14,False,False,0.75,0.0,0.0,26.0,40.8,16.3,,,,916.71,,10,38,1,,,
401628321,2024,1,regular,2024-08-31 23:30:00+00:00,Auburn,Alabama A&M,73,3,False,False,0.75,0.0,0.0,9.5,27.9,17.8,,,,833.61,,70,76,1,-48.5,58.5,1.0
401628452,2024,1,regular,2024-08-31 23:30:00+00:00,Michigan,Fresno State,30,10,False,False,0.75,0.0,0.0,10.6,24.1,15.1,-3.8,25.1,27.6,859.21,568.31,20,40,1,-21.0,46.5,2.0
401636613,2024,1,regular,2024-08-31 23:30:00+00:00,Texas Tech,Abilene Christian,52,51,False,False,0.75,0.0,0.0,4.3,33.5,30.8,,,,732.07,,1,103,1,-34.5,58.5,1.0
401628324,2024,1,regular,2024-08-31 23:45:00+00:00,Kentucky,Southern Miss,31,0,False,False,0.75,0.0,0.0,5.5,24.5,20.9,-25.6,14.4,39.4,788.36,565.51,31,31,1,-25.5,50.0,3.0
401643774,2024,1,regular,2024-09-01 00:00:00+00:00,Charlotte,James Madison,7,30,False,False,0.75,0.0,0.0,-15.3,21.4,37.6,7.5,29.7,22.9,648.28,459.14,-23,37,0,7.0,49.25,2.0
401641007,2024,1,regular,2024-09-01 00:00:00+00:00,Louisiana Tech,Nicholls,25,17,False,False,0.75,0.0,0.0,-11.6,15.9,26.3,,,,533.72,,8,42,1,,,
401634240,2024,1,regular,2024-09-01 00:00:00+00:00,BYU,Southern Illinois,41,13,False,False,0.75,0.0,0.0,15.3,32.0,18.8,,,,602.46,,28,54,1,,,
401643702,2024,1,regular,2024-09-01 00:00:00+00:00,San Diego State,East Texas A&M,45,14,False,False,0.75,0.0,0.0,-15.4,17.7,32.1,,,,608.95,,31,59,1,,,
401636380,2024,1,regular,2024-09-01 00:00:00+00:00,Louisiana,Grambling,40,10,False,False,0.75,0.0,0.0,4.8,31.5,27.8,,,,553.39,,30,50,1,,,
401643776,2024,1,regular,2024-09-01 00:00:00+00:00,Texas State,Lamar,34,27,False,False,0.75,0.0,0.0,5.4,34.2,28.4,,,,540.17,,7,61,1,,,
401634302,2024,1,regular,2024-09-01 00:00:00+00:00,Georgia Tech,Georgia State,35,12,False,False,0.75,120.0,0.0,1.9,31.1,27.9,-17.9,21.0,37.4,703.0,564.88,23,47,1,-20.5,56.25,2.0
401634303,2024,1,regular,2024-09-01 00:00:00+00:00,SMU,Houston Christian,59,7,False,False,0.75,58.0,0.0,17.5,38.2,21.1,,,,788.22,,52,66,1,,,
401641032,2024,1,regular,2024-09-01 01:00:00+00:00,New Mexico State,Southeast Missouri State,23,16,False,False,0.75,0.0,0.0,-19.0,17.8,38.1,,,,370.2,,7,39,1,-9.5,52.5,1.0
401636608,2024,1,regular,2024-09-01 02:30:00+00:00,Arizona,New Mexico,61,39,False,False,0.75,0.0,-75.0,-2.8,24.4,29.0,-14.8,27.6,40.5,672.7,464.59,22,100,1,-29.166666666666668,58.166666666666664,3.0
401636609,2024,1,regular,2024-09-01 02:30:00+00:00,Arizona State,Wyoming,48,7,False,False,0.75,0.0,0.0,9.4,32.4,20.9,-13.6,16.3,30.8,757.02,455.45,41,55,1,-6.5,47.333333333333336,3.0
401628460,2024,1,regular,2024-09-01 03:00:00+00:00,Washington,Weber State,35,3,False,False,0.75,0.0,0.0,3.1,27.3,22.4,,,,741.11,,32,38,1,-29.0,51.5,1.0
401628334,2024,1,regular,2024-09-01 23:30:00+00:00,LSU,USC,20,27,True,False,0.75,0.0,0.0,15.9,36.8,21.7,11.9,35.6,24.0,906.19,863.09,-7,47,0,-3.8333333333333335,67.0,3.0
401634306,2024,1,regular,2024-09-02 23:30:00+00:00,Florida State,Boston College,13,28,False,True,0.75,-50.0,0.0,-3.2,20.1,25.3,1.2,28.0,24.7,879.48,667.91,-15,41,0,-16.5,51.0,3.0
401634765,2024,2,regular,2024-09-06 23:00:00+00:00,SMU,BYU,15,18,False,False,0.75,118.0,60.0,17.5,38.2,21.1,15.3,32.0,18.8,788.22,602.46,-3,33,0,-12.333333333333334,55.833333333333336,3.0
401628463,2024,2,regular,2024-09-06 23:00:00+00:00,Indiana,Western Illinois,77,3,False,False,0.75,60.0,-57.2,20.1,35.0,16.4,,,,668.92,,74,80,1,-44.5,52.5,1.0
401635533,2024,2,regular,2024-09-07 01:00:00+00:00,Northwestern,Duke,20,26,True,False,0.75,120.0,60.0,-8.2,17.5,24.3,5.6,26.7,21.3,675.78,635.89,-6,46,0,-2.1666666666666665,37.5,3.0
401628470,2024,2,regular,2024-09-07 16:00:00+00:00,Penn State,Bowling Green,34,27,False,False,0.75,108.80000000000001,60.0,24.6,37.5,13.1,-1.8,25.6,27.2,895.31,484.51,7,61,1,-34.833333333333336,51.166666666666664,3.0
401636616,2024,2,regular,2024-09-07 16:00:00+00:00,Tulane,Kansas State,27,34,False,False,0.75,60.0,60.0,5.7,32.9,27.1,14.1,33.0,20.4,654.07,651.75,-7,61,0,8.833333333333334,47.333333333333336,3.0
401636999,2024,2,regular,2024-09-07 16:00:00+00:00,UConn,Merrimack,63,17,False,False,0.75,-57.2,-97.0,1.5,26.9,25.7,,,,537.91,,46,80,1,-14.5,44.5,1.0
401628466,2024,2,regular,2024-09-07 16:00:00+00:00,Minnesota,Rhode Island,48,0,False,False,0.75,-50.0,0.0,10.4,25.6,15.4,,,,705.22,,48,48,1,-27.5,47.5,1.0
401628471,2024,2,regular,2024-09-07 16:00:00+00:00,Rutgers,Akron,49,17,False,False,0.75,60.0,31.0,6.4,28.5,22.8,-17.9,15.7,34.6,663.55,537.82,32,66,1,-24.5,41.75,2.0
401635538,2024,2,regular,2024-09-07 16:00:00+00:00,Cincinnati,Pittsburgh,27,28,False,False,0.75,60.0,60.0,-0.1,25.6,25.0,4.9,29.3,26.3,662.34,713.74,-1,55,0,-0.5,62.333333333333336,3.0
401635534,2024,2,regular,2024-09-07 16:00:00+00:00,Syracuse,Georgia Tech,31,28,False,True,0.75,96.0,180.0,5.5,35.8,28.9,1.9,31.1,27.9,698.59,703.0,3,59,1,2.8333333333333335,60.666666666666664,3.0
401643784,2024,2,regular,2024-09-07 16:00:00+00:00,Memphis,Troy,38,17,False,False,0.75,60.0,-75.0,9.6,36.7,28.2,-6.6,24.1,30.1,633.44,499.56,21,55,1,-18.666666666666668,56.666666666666664,3.0
401645323,2024,2,regular,2024-09-07 16:00:00+00:00,Florida Atlantic,Army,7,24,False,True,0.75,-67.0,60.0,-12.7,20.8,32.1,9.2,31.1,21.7,592.16,0.0,-17,31,0,-2.0,42.166666666666664,3.0
401628336,2024,2,regular,2024-09-07 16:00:00+00:00,Oklahoma State,Arkansas,39,31,False,False,0.75,60.0,90.0,-2.6,29.4,31.7,11.0,31.4,21.7,687.76,779.17,8,70,1,-9.333333333333334,61.5,3.0
401628347,2024,2,regular,2024-09-07 16:00:00+00:00,Michigan,Texas,12,31,False,False,0.75,96.0,60.0,10.6,24.1,15.1,24.1,36.6,10.8,859.21,953.95,-19,43,0,6.666666666666667,41.833333333333336,3.0
401628348,2024,2,regular,2024-09-07 16:45:00+00:00,Texas A&M,McNeese,52,10,False,False,0.75,13.0,0.0,17.0,34.0,18.6,,,,914.52,,42,62,1,-48.5,56.5,1.0
401634181,2024,2,regular,2024-09-07 18:00:00+00:00,Ball State,Missouri State,42,34,False,False,0.75,0.0,0.0,-19.8,21.3,40.8,,,,464.07,,8,76,1,-2.5,50.5,1.0
401628339,2024,2,regular,2024-09-07 18:00:00+00:00,Georgia,Tennessee Tech,48,3,False,False,0.75,216.0,-67.0,24.3,37.3,14.9,,,,1006.89,,45,51,1,-54.5,65.5,2.0
401644732,2024,2,regular,2024-09-07 18:30:00+00:00,Kent State,Saint Francis,17,23,False,False,0.75,-57.2,0.0,-33.0,12.6,43.8,,,,435.3,,-6,40,0,-17.5,49.5,1.0
401632071,2024,2,regular,2024-09-07 19:00:00+00:00,UNLV,Utah Tech,72,14,False,False,0.75,68.0,0.0,9.3,32.6,24.6,,,,575.16,,58,86,1,-41.5,55.5,1.0
401628337,2024,2,regular,2024-09-07 19:30:00+00:00,Auburn,California,14,21,False,False,0.75,60.0,60.0,9.5,27.9,17.8,4.0,27.4,22.9,833.61,702.38,-7,35,0,-12.333333333333334,52.666666666666664,3.0
401645324,2024,2,regular,2024-09-07 19:30:00+00:00,Navy,Temple,38,11,False,True,0.75,60.0,-19.0,3.5,29.5,24.4,-20.3,17.3,37.8,0.0,532.46,27,49,1,-12.166666666666666,43.333333333333336,3.0
401628464,2024,2,regular,2024-09-07 19:30:00+00:00,Iowa,Iowa State,19,20,False,False,0.75,60.0,60.0,15.8,27.0,13.3,10.3,30.8,20.2,723.51,642.12,-1,39,0,-2.8333333333333335,35.833333333333336,3.0
401635535,2024,2,regular,2024-09-07 19:30:00+00:00,Louisville,Jacksonville State,49,14,False,False,0.75,60.0,-105.0,13.6,37.7,22.9,-1.0,28.8,28.3,739.28,430.94,35,63,1,-28.5,56.333333333333336,3.0
401635537,2024,2,regular,2024-09-07 19:30:00+00:00,North Carolina,Charlotte,38,20,False,False,0.75,116.0,-70.0,5.0,31.5,26.3,-15.3,21.4,37.6,794.99,648.28,18,58,1,-21.5,47.666666666666664,3.0
401643710,2024,2,regular,2024-09-07 19:30:00+00:00,Wyoming,Idaho,13,17,False,False,0.75,19.0,27.0,-13.6,16.3,30.8,,,,455.45,,-4,30,0,-6.5,39.5,1.0
401628473,2024,2,regular,2024-09-07 19:30:00+00:00,Washington,Eastern Michigan,30,9,False,False,0.75,60.0,68.0,3.1,27.3,22.4,-13.3,20.5,34.3,741.11,508.73,21,39,1,-24.833333333333332,48.333333333333336,3.0
401628465,2024,2,regular,2024-09-07 19:30:00+00:00,Maryland,Michigan State,24,27,False,True,0.75,96.0,50.0,-3.9,23.3,27.1,-4.6,18.0,24.1,695.59,721.75,-3,51,0,-8.333333333333334,44.5,3.0
401629040,2024,2,regular,2024-09-07 19:30:00+00:00,Toledo,Massachusetts,38,23,False,False,0.75,60.0,-105.0,-2.5,24.5,26.3,-21.9,20.5,40.3,571.92,585.57,15,61,1,-17.5,50.833333333333336,3.0
401628977,2024,2,regular,2024-09-07 19:30:00+00:00,Notre Dame,Northern Illinois,14,16,False,False,0.75,136.0,60.0,23.9,38.6,14.1,-3.5,20.0,21.6,905.52,437.2,-2,30,0,-28.0,46.166666666666664,3.0
401636618,2024,2,regular,2024-09-07 19:30:00+00:00,Utah,Baylor,23,12,False,False,0.75,60.0,60.0,7.7,23.6,17.2,8.4,33.5,26.2,745.21,709.46,11,35,1,-14.666666666666666,54.0,3.0
401628474,2024,2,regular,2024-09-07 19:30:00+00:00,Wisconsin,South Dakota,27,13,False,False,0.75,60.0,0.0,3.0,23.0,19.8,,,,771.35,,14,40,1,-17.5,44.5,1.0
401635531,2024,2,regular,2024-09-07 19:30:00+00:00,Boston College,Duquesne,56,0,False,False,0.75,108.80000000000001,-57.2,1.2,28.0,24.7,,,,667.91,,56,56,1,-33.5,52.5,1.0
401628340,2024,2,regular,2024-09-07 19:30:00+00:00,Kentucky,South Carolina,6,31,False,True,0.75,60.0,50.0,5.5,24.5,20.9,16.9,32.1,16.0,788.36,798.18,-25,37,0,-9.333333333333334,41.833333333333336,3.0
401643783,2024,2,regular,2024-09-07 20:00:00+00:00,Texas State,UTSA,49,10,False,False,0.75,50.0,60.0,5.4,34.2,28.4,2.2,32.3,31.5,540.17,644.36,39,59,1,-2.0,60.0,3.0
401628342,2024,2,regular,2024-09-07 20:15:00+00:00,Ole Miss,Middle Tennessee,52,3,False,False,0.75,60.0,50.0,27.9,37.7,11.9,-24.4,13.7,37.3,801.66,503.43,49,55,1,-42.5,61.666666666666664,3.0
401635540,2024,2,regular,2024-09-07 20:30:00+00:00,Virginia Tech,Marshall,31,14,False,False,0.75,-37.2,60.0,10.0,31.3,22.4,3.1,29.6,26.9,695.42,587.22,17,45,1,-20.666666666666668,52.666666666666664,3.0
401640979,2024,2,regular,2024-09-07 22:00:00+00:00,Florida International,Central Michigan,52,16,True,False,0.75,13.0,60.0,-12.1,20.5,31.3,-15.8,17.7,34.3,504.39,467.22,36,68,1,4.166666666666667,51.666666666666664,3.0
401643778,2024,2,regular,2024-09-07 22:00:00+00:00,Old Dominion,East Carolina,14,20,False,False,0.75,5.0,60.0,-6.0,25.7,31.3,-1.0,28.5,29.7,428.91,611.66,-6,34,0,-1.6666666666666667,53.833333333333336,3.0
401643781,2024,2,regular,2024-09-07 22:00:00+00:00,Ohio,South Alabama,27,20,False,False,0.75,-7.0,-70.0,2.3,27.2,23.9,2.8,29.9,26.9,450.55,554.77,7,47,1,0.8333333333333334,55.833333333333336,3.0
401635536,2024,2,regular,2024-09-07 22:00:00+00:00,Miami,Florida A&M,56,9,False,False,0.75,136.0,0.0,21.6,44.2,24.3,,,,868.15,,47,65,1,-46.5,55.5,1.0
401628593,2024,2,regular,2024-09-07 22:00:00+00:00,West Virginia,UAlbany,49,14,False,False,0.75,7.0,0.0,2.1,30.1,29.7,,,,684.9,,35,63,1,-38.5,53.5,1.0
401643777,2024,2,regular,2024-09-07 22:00:00+00:00,James Madison,Gardner-Webb,13,6,False,False,0.75,68.0,0.0,7.5,29.7,22.9,,,,459.14,,7,19,1,-35.5,50.5,1.0
401636617,2024,2,regular,2024-09-07 22:30:00+00:00,UCF,Sam Houston,45,14,False,False,0.75,60.0,68.0,2.8,29.0,25.8,-6.9,19.0,23.8,746.3,488.03,31,59,1,-21.5,54.333333333333336,3.0
401643782,2024,2,regular,2024-09-07 23:00:00+00:00,Southern Miss,SE Louisiana,35,10,False,False,0.75,-57.2,-57.2,-25.6,14.4,39.4,,,,565.51,,25,45,1,-17.5,53.5,1.0
401641016,2024,2,regular,2024-09-07 23:00:00+00:00,Kennesaw State,Louisiana,10,34,False,False,0.75,-57.2,60.0,-25.1,10.2,35.1,4.8,31.5,27.8,288.14,553.39,-24,44,0,14.333333333333334,46.833333333333336,3.0
401628335,2024,2,regular,2024-09-07 23:00:00+00:00,Alabama,South Florida,42,16,False,False,0.75,96.0,60.0,25.0,37.9,14.6,-2.3,29.5,33.4,1018.28,641.02,26,58,1,-31.666666666666668,64.66666666666667,3.0
401643708,2024,2,regular,2024-09-07 23:00:00+00:00,Nevada,Georgia Southern,17,20,False,False,0.75,61.0,1.0,-15.2,21.0,34.2,-1.7,26.5,30.1,525.22,527.99,-3,37,0,-0.5,57.0,3.0
401632459,2024,2,regular,2024-09-07 23:00:00+00:00,Georgia State,Chattanooga,24,21,False,False,0.75,-57.2,15.0,-17.9,21.0,37.4,,,,564.88,,3,45,1,-9.5,51.5,1.0
401643706,2024,2,regular,2024-09-07 23:00:00+00:00,Colorado State,Northern Colorado,38,17,False,False,0.75,25.0,0.0,-5.7,24.2,29.2,,,,546.04,,21,55,1,-31.0,52.5,1.0
401635639,2024,2,regular,2024-09-07 23:00:00+00:00,Wake Forest,Virginia,30,31,False,True,0.75,60.0,60.0,-5.7,25.8,31.8,-5.1,23.7,29.3,635.45,662.28,-1,61,0,0.5,55.666666666666664,3.0
401632068,2024,2,regular,2024-09-07 23:00:00+00:00,Western Kentucky,Eastern Kentucky,31,0,False,False,0.75,-1.0,-57.2,-2.2,22.1,26.1,,,,518.88,,31,31,1,-18.5,59.5,1.0
401643780,2024,2,regular,2024-09-07 23:00:00+00:00,UL Monroe,UAB,32,6,False,False,0.75,60.0,60.0,-16.7,16.9,32.5,-11.3,25.9,38.0,329.43,583.23,26,38,1,11.5,54.833333333333336,3.0
401628462,2024,2,regular,2024-09-07 23:00:00+00:00,Illinois,Kansas,23,17,False,False,0.75,60.0,90.0,9.6,29.0,20.9,4.9,32.4,26.5,653.75,696.92,6,40,1,4.833333333333333,58.166666666666664,3.0
401643705,2024,2,regular,2024-09-07 23:00:00+00:00,Air Force,San José State,7,17,False,True,0.75,60.0,60.0,-11.7,17.8,27.5,-5.5,26.1,30.1,0.0,480.29,-10,24,0,-3.1666666666666665,44.166666666666664,3.0
401628344,2024,2,regular,2024-09-07 23:00:00+00:00,Missouri,Buffalo,38,0,False,False,0.75,60.0,60.0,14.0,33.7,18.7,-4.0,25.4,30.2,807.36,435.22,38,38,1,-33.666666666666664,52.333333333333336,3.0
401645326,2024,2,regular,2024-09-07 23:00:00+00:00,Rice,Texas Southern,69,7,False,False,0.75,-105.0,0.0,-11.4,20.5,30.4,,,,538.4,,62,76,1,-30.0,52.5,1.0
401628603,2024,2,regular,2024-09-07 23:00:00+00:00,Coastal Carolina,William & Mary,40,21,False,False,0.75,108.80000000000001,0.0,-6.9,25.5,33.4,,,,557.61,,19,61,1,-17.5,,1.0
401628338,2024,2,regular,2024-09-07 23:00:00+00:00,Florida,Samford,45,7,False,False,0.75,-19.0,0.0,13.8,31.7,20.0,,,,894.24,,38,52,1,-38.5,55.5,1.0
401643779,2024,2,regular,2024-09-07 23:00:00+00:00,Arkansas State,Tulsa,28,24,False,False,0.75,50.0,60.0,-9.9,24.6,35.2,-20.6,21.2,40.3,573.27,556.71,4,52,1,-8.666666666666666,65.66666666666667,3.0
401635539,2024,2,regular,2024-09-07 23:00:00+00:00,Stanford,Cal Poly,41,7,False,False,0.75,-25.0,0.0,-8.2,24.4,34.1,,,,719.43,,34,48,1,-33.5,59.5,1.0
401628349,2024,2,regular,2024-09-07 23:30:00+00:00,Vanderbilt,Alcorn State,55,0,False,False,0.75,100.0,-97.0,4.9,28.2,25.4,,,,695.96,,55,55,1,-32.5,47.5,1.0
401628468,2024,2,regular,2024-09-07 23:30:00+00:00,Ohio State,Western Michigan,56,0,False,False,0.75,60.0,-57.2,31.2,39.5,9.2,-10.2,24.7,36.0,998.62,547.19,56,56,1,-37.333333333333336,54.333333333333336,3.0
401645325,2024,2,regular,2024-09-07 23:30:00+00:00,North Texas,Stephen F. Austin,35,20,False,False,0.75,108.80000000000001,0.0,-4.5,33.3,37.0,,,,595.42,,15,55,1,-21.5,72.5,1.0
401628346,2024,2,regular,2024-09-07 23:30:00+00:00,NC State,Tennessee,10,51,True,False,0.75,60.0,60.0,3.9,29.9,26.5,22.0,33.7,13.5,722.41,858.67,-41,61,0,10.666666666666666,60.166666666666664,3.0
401628467,2024,2,regular,2024-09-07 23:30:00+00:00,Nebraska,Colorado,28,10,False,False,0.75,60.0,50.0,5.5,23.1,15.8,8.1,33.3,23.5,790.42,749.16,18,38,1,-6.666666666666667,55.5,3.0
401628341,2024,2,regular,2024-09-07 23:30:00+00:00,LSU,Nicholls,44,21,False,False,0.75,-25.0,-67.0,15.9,36.8,21.7,,,,906.19,,23,65,1,-48.5,59.75,2.0
401628345,2024,2,regular,2024-09-07 23:45:00+00:00,Oklahoma,Houston,16,12,False,False,0.75,60.0,-29.0,9.5,25.9,17.8,-8.2,18.1,24.5,906.61,646.7,4,28,1,-27.666666666666668,49.333333333333336,3.0
401635532,2024,2,regular,2024-09-08 00:00:00+00:00,Clemson,App State,66,20,False,False,0.75,25.0,60.0,13.3,35.4,20.9,-8.1,27.2,33.6,924.63,575.31,46,86,1,-15.666666666666666,52.833333333333336,3.0
401636615,2024,2,regular,2024-09-08 00:00:00+00:00,TCU,Long Island University,45,0,False,False,0.75,58.0,0.0,10.8,34.6,22.8,,,,766.5,,45,45,1,-45.5,56.5,1.0
401632072,2024,2,regular,2024-09-08 01:00:00+00:00,UTEP,Southern Utah,24,27,False,False,0.75,-57.2,-19.0,-22.7,13.7,34.2,,,,455.97,,-3,51,0,-6.5,54.5,1.0
401636859,2024,2,regular,2024-09-08 02:00:00+00:00,Washington State,Texas Tech,37,16,False,False,0.75,60.0,50.0,1.3,34.0,31.1,4.3,33.5,30.8,610.54,732.07,21,53,1,0.8333333333333334,65.33333333333333,3.0
401636614,2024,2,regular,2024-09-08 02:00:00+00:00,Arizona,Northern Arizona,22,10,False,False,0.75,60.0,0.0,-2.8,24.4,29.0,,,,672.7,,12,32,1,-39.75,64.25,2.0
401643707,2024,2,regular,2024-09-08 02:00:00+00:00,Fresno State,Sacramento State,46,30,False,False,0.75,-19.0,-97.0,-3.8,25.1,27.6,,,,568.31,,16,76,1,-18.5,55.5,1.0
401628469,2024,2,regular,2024-09-08 02:00:00+00:00,Oregon,Boise State,37,34,False,False,0.75,60.0,108.80000000000001,26.0,40.8,16.3,10.1,35.3,24.2,916.71,608.26,3,71,1,-18.833333333333332,60.833333333333336,3.0
401640989,2024,2,regular,2024-09-08 02:15:00+00:00,New Mexico State,Liberty,24,30,False,True,0.75,50.0,60.0,-19.0,17.8,38.1,0.2,28.2,26.6,370.2,569.65,-6,54,0,22.166666666666668,54.166666666666664,3.0
401643709,2024,2,regular,2024-09-08 02:30:00+00:00,San Diego State,Oregon State,0,21,False,False,0.75,60.0,60.0,-15.4,17.7,32.1,-6.7,26.1,32.7,608.95,626.97,-21,21,0,5.666666666666667,54.0,3.0
401628343,2024,2,regular,2024-09-08 02:30:00+00:00,Arizona State,Mississippi State,30,23,False,False,0.75,60.0,60.0,9.4,32.4,20.9,-4.1,25.5,31.2,757.02,743.77,7,53,1,-6.166666666666667,58.333333333333336,3.0
401628472,2024,2,regular,2024-09-08 03:00:00+00:00,USC,Utah State,48,0,False,False,0.75,150.0,60.0,11.9,35.6,24.0,-10.4,30.2,40.3,863.09,543.56,48,48,1,-29.5,63.166666666666664,3.0
401643788,2024,3,regular,2024-09-12 23:30:00+00:00,South Alabama,Northwestern State,87,10,False,False,0.75,-107.2,-97.0,2.8,29.9,26.9,,,,554.77,,77,97,1,-36.5,60.5,1.0
401636867,2024,3,regular,2024-09-12 23:30:00+00:00,Texas State,Arizona State,28,31,False,False,0.75,146.0,140.0,5.4,34.2,28.4,9.4,32.4,20.9,540.17,757.02,-3,59,0,-1.1666666666666667,58.5,3.0
401636863,2024,3,regular,2024-09-13 23:00:00+00:00,Kansas,UNLV,20,23,True,False,0.75,81.0,128.0,4.9,32.4,26.5,9.3,32.6,24.6,696.92,575.16,-3,43,0,-9.0,57.333333333333336,3.0
401636864,2024,3,regular,2024-09-14 00:00:00+00:00,Kansas State,Arizona,31,7,False,False,0.75,152.8,120.0,14.1,33.0,20.4,-2.8,24.4,29.0,651.75,672.7,24,38,1,-7.833333333333333,60.166666666666664,3.0
401628350,2024,3,regular,2024-09-14 16:00:00+00:00,Wisconsin,Alabama,10,42,False,False,0.75,120.0,192.0,3.0,23.0,19.8,25.0,37.9,14.6,771.35,1018.28,-32,52,0,15.166666666666666,48.5,3.0
401628479,2024,3,regular,2024-09-14 16:00:00+00:00,Michigan,Arkansas State,28,18,False,False,0.75,107.0,100.0,10.6,24.1,15.1,-9.9,24.6,35.2,859.21,573.27,10,46,1,-22.0,46.833333333333336,3.0
401628359,2024,3,regular,2024-09-14 16:00:00+00:00,South Carolina,LSU,33,36,False,True,0.75,158.8,35.0,16.9,32.1,16.0,15.9,36.8,21.7,798.18,906.19,-3,69,0,6.666666666666667,49.0,3.0
401635542,2024,3,regular,2024-09-14 16:00:00+00:00,Florida State,Memphis,12,20,False,False,0.75,-120.0,120.0,-3.2,20.1,25.3,9.6,36.7,28.2,879.48,633.44,-8,32,0,-6.833333333333333,53.666666666666664,3.0
401635546,2024,3,regular,2024-09-14 16:00:00+00:00,NC State,Louisiana Tech,30,20,False,False,0.75,61.0,50.0,3.9,29.9,26.5,-11.6,15.9,26.3,722.41,533.72,10,50,1,-20.833333333333332,48.833333333333336,3.0
401636869,2024,3,regular,2024-09-14 16:00:00+00:00,Tulsa,Oklahoma State,10,45,False,False,0.75,-7.0,160.0,-20.6,21.2,40.3,-2.6,29.4,31.7,556.71,687.76,-35,55,0,18.333333333333332,62.833333333333336,3.0
401636865,2024,3,regular,2024-09-14 16:00:00+00:00,Miami (OH),Cincinnati,16,27,False,False,0.75,-75.0,10.0,1.3,23.2,23.2,-0.1,25.6,25.0,505.3,662.34,-11,43,0,3.0,46.833333333333336,3.0
401636868,2024,3,regular,2024-09-14 16:00:00+00:00,Texas Tech,North Texas,66,21,False,False,0.75,-7.200000000000003,168.8,4.3,33.5,30.8,-4.5,33.3,37.0,732.07,595.42,45,87,1,-10.333333333333334,69.83333333333333,3.0
401628475,2024,3,regular,2024-09-14 16:00:00+00:00,Illinois,Central Michigan,30,9,False,False,0.75,174.0,-45.0,9.6,29.0,20.9,-15.8,17.7,34.3,653.75,467.22,21,39,1,-20.833333333333332,50.333333333333336,3.0
401628357,2024,3,regular,2024-09-14 16:45:00+00:00,Missouri,Boston College,27,21,False,False,0.75,156.0,168.8,14.0,33.7,18.7,1.2,28.0,24.7,807.36,667.91,6,48,1,-15.166666666666666,52.5,3.0
401629041,2024,3,regular,2024-09-14 17:00:00+00:00,Buffalo,Massachusetts,34,3,False,False,0.75,75.0,-162.2,-4.0,25.4,30.2,-21.9,20.5,40.3,435.22,585.57,31,37,1,-3.8333333333333335,45.5,3.0
401643786,2024,3,regular,2024-09-14 18:00:00+00:00,Temple,Coastal Carolina,20,28,False,False,0.75,-76.2,168.8,-20.3,17.3,37.8,-6.9,25.5,33.4,532.46,557.61,-8,48,0,17.333333333333332,51.833333333333336,3.0
401635544,2024,3,regular,2024-09-14 19:30:00+00:00,Miami,Ball State,62,0,False,False,0.75,196.0,50.0,21.6,44.2,24.3,-19.8,21.3,40.8,868.15,464.07,62,62,1,-36.5,55.333333333333336,3.0
401628483,2024,3,regular,2024-09-14 19:30:00+00:00,Oregon State,Oregon,14,49,False,False,0.75,128.0,160.0,-6.7,26.1,32.7,26.0,40.8,16.3,626.97,916.71,-35,63,0,17.666666666666668,49.833333333333336,3.0
401628353,2024,3,regular,2024-09-14 19:30:00+00:00,Florida,Texas A&M,20,33,False,True,0.75,41.0,73.0,13.8,31.7,20.0,17.0,34.0,18.6,894.24,914.52,-13,53,0,3.6666666666666665,46.0,3.0
401628481,2024,3,regular,2024-09-14 19:30:00+00:00,Minnesota,Nevada,27,0,False,False,0.75,10.0,11.0,10.4,25.6,15.4,-15.2,21.0,34.2,705.22,525.22,27,27,1,-16.833333333333332,44.0,3.0
401635543,2024,3,regular,2024-09-14 19:30:00+00:00,Georgia Tech,VMI,59,7,False,False,0.75,142.8,0.0,1.9,31.1,27.9,,,,703.0,,52,66,1,-42.5,53.5,1.0
401628480,2024,3,regular,2024-09-14 19:30:00+00:00,Michigan State,Prairie View A&M,40,0,False,False,0.75,142.8,0.0,-4.6,18.0,24.1,,,,721.75,,40,40,1,-42.5,53.5,1.0
401635547,2024,3,regular,2024-09-14 19:30:00+00:00,Pittsburgh,West Virginia,38,34,False,False,0.75,152.8,67.0,4.9,29.3,26.3,2.1,30.1,29.7,713.74,684.9,4,72,1,2.0,61.166666666666664,3.0
401628978,2024,3,regular,2024-09-14 19:30:00+00:00,Purdue,Notre Dame,7,66,False,False,0.75,60.0,86.0,-16.2,19.2,33.6,23.9,38.6,14.1,738.93,905.52,-59,73,0,8.666666666666666,46.666666666666664,3.0
401628358,2024,3,regular,2024-09-14 19:30:00+00:00,Oklahoma,Tulane,34,19,False,False,0.75,110.0,53.0,9.5,25.9,17.8,5.7,32.9,27.1,906.61,654.07,15,53,1,-13.333333333333334,49.166666666666664,3.0
401644734,2024,3,regular,2024-09-14 19:30:00+00:00,Ohio,Morgan State,21,6,False,False,0.75,73.0,0.0,2.3,27.2,23.9,,,,450.55,,15,27,1,-24.5,45.5,2.0
401628484,2024,3,regular,2024-09-14 19:30:00+00:00,Washington,Washington State,19,24,True,False,0.75,120.0,156.0,3.1,27.3,22.4,1.3,34.0,31.1,741.11,610.54,-5,43,0,-5.166666666666667,54.833333333333336,3.0
401628477,2024,3,regular,2024-09-14 20:00:00+00:00,Iowa,Troy,38,21,False,False,0.75,35.0,-94.0,15.8,27.0,13.3,-6.6,24.1,30.1,723.51,499.56,17,59,1,-23.333333333333332,39.166666666666664,3.0
401643785,2024,3,regular,2024-09-14 20:00:00+00:00,East Carolina,App State,19,21,False,False,0.75,118.0,43.0,-1.0,28.5,29.7,-8.1,27.2,33.6,611.66,575.31,-2,40,0,1.1666666666666667,58.166666666666664,3.0
401628351,2024,3,regular,2024-09-14 20:15:00+00:00,Arkansas,UAB,37,27,False,False,0.75,101.0,-37.0,11.0,31.4,21.7,-11.3,25.9,38.0,779.17,583.23,10,64,1,-23.666666666666668,60.333333333333336,3.0
401636870,2024,3,regular,2024-09-14 20:30:00+00:00,Utah State,Utah,21,38,False,False,0.75,67.0,180.0,-10.4,30.2,40.3,7.7,23.6,17.2,543.56,745.21,-17,59,0,20.666666666666668,44.333333333333336,3.0
401635545,2024,3,regular,2024-09-14 22:00:00+00:00,North Carolina,North Carolina Central,45,10,False,False,0.75,176.0,0.0,5.0,31.5,26.3,,,,794.99,,35,55,1,-37.5,57.5,1.0
401640990,2024,3,regular,2024-09-14 22:00:00+00:00,Liberty,UTEP,28,10,False,True,0.75,118.0,-132.2,0.2,28.2,26.6,-22.7,13.7,34.2,569.65,455.97,18,38,1,-23.666666666666668,57.5,3.0
401640980,2024,3,regular,2024-09-14 22:00:00+00:00,Florida Atlantic,Florida International,38,20,False,False,0.75,-102.0,103.0,-12.7,20.8,32.1,-12.1,20.5,31.3,592.16,504.39,18,58,1,-4.333333333333333,44.5,3.0
401635548,2024,3,regular,2024-09-14 22:00:00+00:00,Old Dominion,Virginia Tech,17,37,False,False,0.75,-45.0,58.8,-6.0,25.7,31.3,10.0,31.3,22.4,428.91,695.42,-20,54,0,15.333333333333334,48.333333333333336,3.0
401643787,2024,3,regular,2024-09-14 22:00:00+00:00,Georgia Southern,South Carolina State,42,14,False,False,0.75,59.0,0.0,-1.7,26.5,30.1,,,,527.99,,28,56,1,-27.5,52.5,2.0
401629030,2024,3,regular,2024-09-14 22:00:00+00:00,Duke,UConn,26,21,False,False,0.75,135.0,2.799999999999997,5.6,26.7,21.3,1.5,26.9,25.7,635.89,537.91,5,47,1,-16.833333333333332,46.833333333333336,3.0
401645327,2024,3,regular,2024-09-14 22:00:00+00:00,Charlotte,Gardner-Webb,27,26,False,False,0.75,-127.2,-37.2,-15.3,21.4,37.6,,,,648.28,,1,53,1,-14.0,46.5,2.0
401644733,2024,3,regular,2024-09-14 22:00:00+00:00,Akron,Colgate,31,20,False,False,0.75,-26.200000000000003,0.0,-17.9,15.7,34.6,,,,537.82,,11,51,1,-13.5,48.5,2.0
401636364,2024,3,regular,2024-09-14 22:30:00+00:00,Western Michigan,Bethune-Cookman,59,31,False,False,0.75,-28.200000000000003,-57.2,-10.2,24.7,36.0,,,,547.19,,28,90,1,-33.5,54.5,1.0
401628355,2024,3,regular,2024-09-14 22:30:00+00:00,Wake Forest,Ole Miss,6,40,False,False,0.75,-15.0,120.0,-5.7,25.8,31.8,27.9,37.7,11.9,635.45,801.66,-34,46,0,21.5,65.0,3.0
401641024,2024,3,regular,2024-09-14 23:00:00+00:00,Middle Tennessee,Western Kentucky,21,49,False,True,0.75,71.0,59.0,-24.4,13.7,37.3,-2.2,22.1,26.1,503.43,518.88,-28,70,0,8.5,53.833333333333336,3.0
401640999,2024,3,regular,2024-09-14 23:00:00+00:00,Eastern Michigan,Jacksonville State,37,34,False,False,0.75,10.799999999999997,-116.0,-13.3,20.5,34.3,-1.0,28.8,28.3,508.73,430.94,3,71,1,1.0,52.166666666666664,3.0
401628362,2024,3,regular,2024-09-14 23:00:00+00:00,Georgia State,Vanderbilt,36,32,False,False,0.75,-7.200000000000003,160.0,-17.9,21.0,37.4,4.9,28.2,25.4,564.88,695.96,4,68,1,9.166666666666666,45.5,3.0
401628361,2024,3,regular,2024-09-14 23:00:00+00:00,Texas,UTSA,56,7,False,False,0.75,228.0,2.799999999999997,24.1,36.6,10.8,2.2,32.3,31.5,953.95,644.36,49,63,1,-35.5,55.5,3.0
401641040,2024,3,regular,2024-09-14 23:00:00+00:00,Sam Houston,Hawai'i,31,13,False,False,0.75,10.799999999999997,10.0,-6.9,19.0,23.8,-10.9,20.9,30.0,488.03,513.7,18,44,1,-4.0,49.166666666666664,3.0
401643789,2024,3,regular,2024-09-14 23:00:00+00:00,Southern Miss,South Florida,24,49,False,False,0.75,2.799999999999997,85.0,-25.6,14.4,39.4,-2.3,29.5,33.4,565.51,641.02,-25,73,0,11.666666666666666,58.5,3.0
401641017,2024,3,regular,2024-09-14 23:00:00+00:00,San José State,Kennesaw State,31,10,False,False,0.75,128.0,-127.2,-5.5,26.1,30.1,-25.1,10.2,35.1,480.29,288.14,21,41,1,-17.5,42.5,3.0
401655632,2024,3,regular,2024-09-14 23:30:00+00:00,Northwestern,Eastern Illinois,31,7,True,False,0.75,70.0,1.0,-8.2,17.5,24.3,,,,675.78,,24,38,1,-26.5,38.5,2.0
401628354,2024,3,regular,2024-09-14 23:30:00+00:00,Kentucky,Georgia,12,13,False,True,0.75,25.0,276.0,5.5,24.5,20.9,24.3,37.3,14.9,788.36,1006.89,-1,25,0,22.5,45.0,3.0
401628476,2024,3,regular,2024-09-14 23:30:00+00:00,UCLA,Indiana,13,42,False,True,0.75,58.0,120.0,-1.3,21.3,23.3,20.1,35.0,16.4,758.87,668.92,-29,55,0,3.1666666666666665,46.5,3.0
401636861,2024,3,regular,2024-09-14 23:30:00+00:00,Colorado State,Colorado,9,28,False,False,0.75,85.0,-7.200000000000003,-5.7,24.2,29.2,8.1,33.3,23.5,546.04,749.16,-19,37,0,7.5,58.833333333333336,3.0
401628356,2024,3,regular,2024-09-14 23:30:00+00:00,Mississippi State,Toledo,17,41,False,False,0.75,51.0,120.0,-4.1,25.5,31.2,-2.5,24.5,26.3,743.77,571.92,-24,58,0,-11.333333333333334,57.833333333333336,3.0
401636860,2024,3,regular,2024-09-14 23:30:00+00:00,Baylor,Air Force,31,3,False,False,0.75,71.0,-45.0,8.4,33.5,26.2,-11.7,17.8,27.5,709.46,0.0,28,34,1,-16.666666666666668,41.666666666666664,3.0
401628482,2024,3,regular,2024-09-14 23:30:00+00:00,Nebraska,Northern Iowa,34,3,False,False,0.75,180.0,0.0,5.5,23.1,15.8,,,,790.42,,31,37,1,-30.5,49.5,2.0
401628352,2024,3,regular,2024-09-14 23:30:00+00:00,Auburn,New Mexico,45,19,False,False,0.75,10.0,-132.2,9.5,27.9,17.8,-14.8,27.6,40.5,833.61,464.59,26,64,1,-25.833333333333332,59.333333333333336,3.0
401636866,2024,3,regular,2024-09-14 23:30:00+00:00,TCU,UCF,34,35,False,True,0.75,118.0,120.0,10.8,34.6,22.8,2.8,29.0,25.8,766.5,746.3,-1,69,0,-2.1666666666666665,60.833333333333336,3.0
401628360,2024,3,regular,2024-09-14 23:45:00+00:00,Tennessee,Kent State,71,0,False,False,0.75,246.0,-132.2,22.0,33.7,13.5,-33.0,12.6,43.8,858.67,435.3,71,71,1,-48.833333333333336,62.166666666666664,3.0
401628478,2024,3,regular,2024-09-15 00:00:00+00:00,Virginia,Maryland,13,27,False,False,0.75,118.0,21.0,-5.1,23.7,29.3,-3.9,23.3,27.1,662.28,695.59,-14,40,0,-1.1666666666666667,55.333333333333336,3.0
401636862,2024,3,regular,2024-09-15 00:00:00+00:00,Houston,Rice,33,7,False,False,0.75,-16.0,-45.0,-8.2,18.1,24.5,-11.4,20.5,30.4,646.7,538.4,26,40,1,-4.333333333333333,44.166666666666664,3.0
401636871,2024,3,regular,2024-09-15 01:00:00+00:00,Wyoming,BYU,14,34,False,False,0.75,-56.0,176.0,-13.6,16.3,30.8,15.3,32.0,18.8,455.45,602.46,-20,48,0,9.666666666666666,39.833333333333336,3.0
401641033,2024,3,regular,2024-09-15 02:30:00+00:00,Fresno State,New Mexico State,48,0,False,False,0.75,41.0,0.0,-3.8,25.1,27.6,-19.0,17.8,38.1,568.31,370.2,48,48,1,-19.833333333333332,48.333333333333336,3.0
401635541,2024,3,regular,2024-09-15 02:30:00+00:00,California,San Diego State,31,10,False,False,0.75,176.0,-45.0,4.0,27.4,22.9,-15.4,17.7,32.1,702.38,608.95,21,41,1,-18.666666666666668,48.833333333333336,3.0
401643790,2024,4,regular,2024-09-19 23:30:00+00:00,App State,South Alabama,14,48,False,True,0.75,135.8,-47.2,-8.1,27.2,33.6,2.8,29.9,26.9,575.31,554.77,-34,62,0,-7.666666666666667,62.5,3.0
401634766,2024,4,regular,2024-09-20 23:30:00+00:00,Syracuse,Stanford,24,26,False,True,0.75,202.0,35.0,5.5,35.8,28.9,-8.2,24.4,34.1,698.59,719.43,-2,50,0,-8.833333333333334,56.666666666666664,3.0
401628485,2024,4,regular,2024-09-21 00:00:00+00:00,Nebraska,Illinois,24,31,False,True,0.75,240.0,234.0,5.5,23.1,15.8,9.6,29.0,20.9,790.42,653.75,-7,55,0,-8.833333333333334,42.0,3.0
401643714,2024,4,regular,2024-09-21 02:00:00+00:00,Washington State,San José State,54,52,False,False,0.75,276.0,188.0,1.3,34.0,31.1,-5.5,26.1,30.1,610.54,480.29,2,106,1,-13.0,55.5,3.0
401636879,2024,4,regular,2024-09-21 16:00:00+00:00,West Virginia,Kansas,32,28,False,True,0.75,29.799999999999997,56.0,2.1,30.1,29.7,4.9,32.4,26.5,684.9,696.92,4,60,1,-1.3333333333333333,55.833333333333336,3.0
401636873,2024,4,regular,2024-09-21 16:00:00+00:00,Cincinnati,Houston,34,0,False,True,0.75,118.80000000000001,44.0,-0.1,25.6,25.0,-8.2,18.1,24.5,662.34,646.7,34,34,1,-3.8333333333333335,47.666666666666664,3.0
401628486,2024,4,regular,2024-09-21 16:00:00+00:00,Indiana,Charlotte,52,14,False,False,0.75,228.8,-77.2,20.1,35.0,16.4,-15.3,21.4,37.6,668.92,648.28,38,66,1,-28.5,50.5,3.0
401628367,2024,4,regular,2024-09-21 16:00:00+00:00,Mississippi State,Florida,28,45,False,True,0.75,-19.0,6.0,-4.1,25.5,31.2,13.8,31.7,20.0,743.77,894.24,-17,73,0,6.666666666666667,58.0,3.0
401628488,2024,4,regular,2024-09-21 16:00:00+00:00,Maryland,Villanova,38,20,False,False,0.75,89.0,0.0,-3.9,23.3,27.1,,,,695.59,,18,58,1,-22.25,47.0,2.0
401635556,2024,4,regular,2024-09-21 16:00:00+00:00,North Carolina,James Madison,50,70,False,False,0.75,236.0,118.0,5.0,31.5,26.3,7.5,29.7,22.9,794.99,459.14,-20,120,0,-10.833333333333334,48.333333333333336,3.0
401635552,2024,4,regular,2024-09-21 16:00:00+00:00,Clemson,NC State,59,35,False,True,0.75,85.0,121.0,13.3,35.4,20.9,3.9,29.9,26.5,924.63,722.41,24,94,1,-17.833333333333332,44.166666666666664,3.0
401645328,2024,4,regular,2024-09-21 16:00:00+00:00,Army,Rice,37,14,False,True,0.75,128.0,-142.0,9.2,31.1,21.7,-11.4,20.5,30.4,0.0,538.4,23,51,1,-7.333333333333333,43.333333333333336,3.0
401643791,2024,4,regular,2024-09-21 16:00:00+00:00,Louisiana,Tulane,33,41,False,False,0.75,128.0,56.0,4.8,31.5,27.8,5.7,32.9,27.1,553.39,654.07,-8,74,0,1.5,53.333333333333336,3.0
401628492,2024,4,regular,2024-09-21 16:00:00+00:00,Ohio State,Marshall,49,14,False,False,0.75,120.0,41.0,31.2,39.5,9.2,3.1,29.6,26.9,998.62,587.22,35,63,1,-39.166666666666664,54.666666666666664,3.0
401628364,2024,4,regular,2024-09-21 16:45:00+00:00,Kentucky,Ohio,41,6,False,False,0.75,50.0,133.0,5.5,24.5,20.9,2.3,27.2,23.9,788.36,450.55,35,47,1,-20.666666666666668,41.833333333333336,3.0
401644735,2024,4,regular,2024-09-21 17:00:00+00:00,Central Michigan,Ball State,37,34,False,True,0.75,-64.0,63.0,-15.8,17.7,34.3,-19.8,21.3,40.8,467.22,464.07,3,71,1,-6.166666666666667,50.333333333333336,3.0
401636875,2024,4,regular,2024-09-21 18:00:00+00:00,Iowa State,Arkansas State,52,7,False,False,0.75,186.0,99.0,10.3,30.8,20.2,-9.9,24.6,35.2,642.12,573.27,45,59,1,-19.833333333333332,52.166666666666664,3.0
401643715,2024,4,regular,2024-09-21 18:00:00+00:00,Temple,Utah State,45,29,False,False,0.75,-151.2,60.0,-20.3,17.3,37.8,-10.4,30.2,40.3,532.46,543.56,16,74,1,6.5,53.5,3.0
401644737,2024,4,regular,2024-09-21 18:00:00+00:00,Eastern Michigan,Saint Francis,36,0,False,False,0.75,90.8,58.0,-13.3,20.5,34.3,,,,508.73,,36,36,1,-25.5,45.5,1.0
401635558,2024,4,regular,2024-09-21 18:00:00+00:00,Coastal Carolina,Virginia,24,43,False,False,0.75,226.8,48.0,-6.9,25.5,33.4,-5.1,23.7,29.3,557.61,662.28,-19,67,0,3.5,52.166666666666664,3.0
401643713,2024,4,regular,2024-09-21 19:00:00+00:00,Nevada,Eastern Washington,49,16,False,False,0.75,-8.0,0.0,-15.2,21.0,34.2,,,,525.22,,33,65,1,-13.5,55.0,2.0
401641000,2024,4,regular,2024-09-21 19:00:00+00:00,Jacksonville State,Southern Miss,44,7,False,False,0.75,-183.0,-67.2,-1.0,28.8,28.3,-25.6,14.4,39.4,430.94,565.51,37,51,1,-6.166666666666667,59.666666666666664,3.0
401628365,2024,4,regular,2024-09-21 19:30:00+00:00,LSU,UCLA,34,17,False,False,0.75,151.0,23.0,15.9,36.8,21.7,-1.3,21.3,23.3,906.19,758.87,17,51,1,-21.5,56.5,3.0
401628979,2024,4,regular,2024-09-21 19:30:00+00:00,Notre Dame,Miami (OH),28,3,False,False,0.75,154.0,-145.0,23.9,38.6,14.1,1.3,23.2,23.2,905.52,505.3,25,31,1,-27.333333333333332,43.833333333333336,3.0
401636877,2024,4,regular,2024-09-21 19:30:00+00:00,Texas Tech,Arizona State,30,22,False,True,0.75,88.8,232.8,4.3,33.5,30.8,9.4,32.4,20.9,732.07,757.02,8,52,1,-4.5,58.166666666666664,3.0
401635554,2024,4,regular,2024-09-21 19:30:00+00:00,Louisville,Georgia Tech,31,19,False,True,0.75,156.0,202.8,13.6,37.7,22.9,1.9,31.1,27.9,739.28,703.0,12,50,1,-8.833333333333334,55.833333333333336,3.0
401628363,2024,4,regular,2024-09-21 19:30:00+00:00,Auburn,Arkansas,14,24,False,True,0.75,70.0,161.0,9.5,27.9,17.8,11.0,31.4,21.7,833.61,779.17,-10,38,0,-2.5,53.666666666666664,3.0
401645330,2024,4,regular,2024-09-21 19:30:00+00:00,UTSA,Houston Christian,45,7,False,False,0.75,31.799999999999997,9.0,2.2,32.3,31.5,,,,644.36,,38,52,1,-36.0,55.0,2.0
401644736,2024,4,regular,2024-09-21 19:30:00+00:00,Northern Illinois,Buffalo,20,23,False,True,0.75,218.0,135.0,-3.5,20.0,21.6,-4.0,25.4,30.2,437.2,435.22,-3,43,0,-12.833333333333334,42.666666666666664,3.0
401628489,2024,4,regular,2024-09-21 19:30:00+00:00,Michigan,USC,27,24,False,True,0.75,167.0,210.0,10.6,24.1,15.1,11.9,35.6,24.0,859.21,863.09,3,51,1,4.166666666666667,44.0,3.0
401645329,2024,4,regular,2024-09-21 19:30:00+00:00,Navy,Memphis,56,44,False,True,0.75,120.0,212.8,3.5,29.5,24.4,9.6,36.7,28.2,0.0,633.44,12,100,1,8.833333333333334,47.0,3.0
401628494,2024,4,regular,2024-09-21 19:30:00+00:00,Virginia Tech,Rutgers,23,26,False,False,0.75,126.8,120.0,10.0,31.3,22.4,6.4,28.5,22.8,695.42,663.55,-3,49,0,-3.25,44.75,2.0
401629042,2024,4,regular,2024-09-21 19:30:00+00:00,Massachusetts,Central Connecticut,35,31,False,False,0.75,-219.4,-97.0,-21.9,20.5,40.3,,,,585.57,,4,66,1,-19.5,51.75,2.0
401634247,2024,4,regular,2024-09-21 19:30:00+00:00,Pittsburgh,Youngstown State,73,17,False,False,0.75,232.8,0.0,4.9,29.3,26.3,,,,713.74,,56,90,1,-28.25,60.0,2.0
401628493,2024,4,regular,2024-09-21 19:30:00+00:00,Penn State,Kent State,56,0,False,False,0.75,188.8,-113.2,24.6,37.5,13.1,-33.0,12.6,43.8,895.31,435.3,56,56,1,-48.833333333333336,57.666666666666664,3.0
401636876,2024,4,regular,2024-09-21 20:00:00+00:00,Oklahoma State,Utah,19,22,False,True,0.75,228.0,248.0,-2.6,29.4,31.7,7.7,23.6,17.2,687.76,745.21,-3,41,0,0.8333333333333334,53.5,3.0
401635553,2024,4,regular,2024-09-21 20:00:00+00:00,Middle Tennessee,Duke,17,45,False,False,0.75,1.0,215.0,-24.4,13.7,37.3,5.6,26.7,21.3,503.43,635.89,-28,62,0,14.666666666666666,50.833333333333336,3.0
401628368,2024,4,regular,2024-09-21 20:15:00+00:00,Missouri,Vanderbilt,30,27,False,True,0.75,260.0,93.0,14.0,33.7,18.7,4.9,28.2,25.4,807.36,695.96,3,57,1,-18.0,52.166666666666664,3.0
401635557,2024,4,regular,2024-09-21 21:00:00+00:00,SMU,TCU,66,42,False,False,0.75,93.0,68.0,17.5,38.2,21.1,10.8,34.6,22.8,788.22,766.5,24,108,1,1.6666666666666667,58.666666666666664,3.0
401641028,2024,4,regular,2024-09-21 21:00:00+00:00,Colorado State,UTEP,27,17,False,False,0.75,50.0,-189.4,-5.7,24.2,29.2,-22.7,13.7,34.2,546.04,455.97,10,44,1,-8.5,48.833333333333336,3.0
401628625,2024,4,regular,2024-09-21 22:00:00+00:00,Florida International,Monmouth,42,45,True,False,0.75,6.0,0.0,-12.1,20.5,31.3,,,,504.39,,-3,87,0,-12.5,59.5,1.0
401640991,2024,4,regular,2024-09-21 22:00:00+00:00,Liberty,East Carolina,35,24,False,False,0.75,178.0,43.0,0.2,28.2,26.6,-1.0,28.5,29.7,569.65,611.66,11,59,1,-7.5,54.666666666666664,3.0
401641034,2024,4,regular,2024-09-21 23:00:00+00:00,Sam Houston,New Mexico State,31,11,False,True,0.75,70.8,-57.2,-6.9,19.0,23.8,-19.0,17.8,38.1,488.03,370.2,20,42,1,-15.0,44.166666666666664,3.0
401628491,2024,4,regular,2024-09-21 23:00:00+00:00,Washington,Northwestern,24,5,False,True,0.75,70.0,160.0,3.1,27.3,22.4,-8.2,17.5,24.3,741.11,675.78,19,29,1,-11.833333333333334,42.666666666666664,3.0
401635551,2024,4,regular,2024-09-21 23:00:00+00:00,Florida State,California,14,9,False,True,0.75,-145.0,236.0,-3.2,20.1,25.3,4.0,27.4,22.9,879.48,702.38,5,23,1,-2.8333333333333335,44.333333333333336,3.0
401636374,2024,4,regular,2024-09-21 23:00:00+00:00,Troy,Florida A&M,34,12,False,False,0.75,-113.0,9.0,-6.6,24.1,30.1,,,,499.56,,22,46,1,-21.5,49.0,2.0
401635555,2024,4,regular,2024-09-21 23:00:00+00:00,South Florida,Miami,15,50,False,False,0.75,153.0,256.0,-2.3,29.5,33.4,21.6,44.2,24.3,641.02,868.15,-35,65,0,16.333333333333332,64.16666666666667,3.0
401643716,2024,4,regular,2024-09-21 23:00:00+00:00,North Texas,Wyoming,44,17,False,False,0.75,111.60000000000001,-91.0,-4.5,33.3,37.0,-13.6,16.3,30.8,595.42,455.45,27,61,1,-7.0,55.166666666666664,3.0
401641037,2024,4,regular,2024-09-21 23:00:00+00:00,Western Kentucky,Toledo,26,21,False,False,0.75,127.0,228.8,-2.2,22.1,26.1,-2.5,24.5,26.3,518.88,571.92,5,47,1,2.3333333333333335,60.666666666666664,3.0
401641008,2024,4,regular,2024-09-21 23:00:00+00:00,Louisiana Tech,Tulsa,20,23,False,False,0.75,-7.200000000000003,-16.0,-11.6,15.9,26.3,-20.6,21.2,40.3,533.72,556.71,-3,43,0,-2.3333333333333335,56.166666666666664,3.0
401629031,2024,4,regular,2024-09-21 23:00:00+00:00,UConn,Florida Atlantic,48,14,False,False,0.75,-34.400000000000006,-42.0,1.5,26.9,25.7,-12.7,20.8,32.1,537.91,592.16,34,62,1,-0.5,45.666666666666664,3.0
401628372,2024,4,regular,2024-09-21 23:30:00+00:00,Texas A&M,Bowling Green,26,20,False,False,0.75,209.0,87.0,17.0,34.0,18.6,-1.8,25.6,27.2,914.52,484.51,6,46,1,-21.166666666666668,50.5,3.0
401628487,2024,4,regular,2024-09-21 23:30:00+00:00,Minnesota,Iowa,14,31,False,True,0.75,70.0,95.0,10.4,25.6,15.4,15.8,27.0,13.3,705.22,723.51,-17,45,0,2.8333333333333335,34.666666666666664,3.0
401628369,2024,4,regular,2024-09-21 23:30:00+00:00,Oklahoma,Tennessee,15,25,False,True,0.75,206.0,306.0,9.5,25.9,17.8,22.0,33.7,13.5,906.61,858.67,-10,40,0,6.0,56.833333333333336,3.0
401628370,2024,4,regular,2024-09-21 23:30:00+00:00,South Carolina,Akron,50,7,False,False,0.75,153.8,33.8,16.9,32.1,16.0,-17.9,15.7,34.6,798.18,537.82,43,57,1,-24.5,41.333333333333336,3.0
401628366,2024,4,regular,2024-09-21 23:45:00+00:00,Ole Miss,Georgia Southern,52,13,False,False,0.75,188.0,119.0,27.9,37.7,11.9,-1.7,26.5,30.1,801.66,527.99,39,65,1,-35.166666666666664,68.5,3.0
401628371,2024,4,regular,2024-09-22 00:00:00+00:00,Texas,UL Monroe,51,3,False,False,0.75,324.0,120.0,24.1,36.6,10.8,-16.7,16.9,32.5,953.95,329.43,48,54,1,-43.0,53.833333333333336,3.0
401636874,2024,4,regular,2024-09-22 00:00:00+00:00,Colorado,Baylor,38,31,False,True,0.75,60.8,131.0,8.1,33.3,23.5,8.4,33.5,26.2,749.16,709.46,7,69,1,-2.3333333333333335,52.833333333333336,3.0
401628490,2024,4,regular,2024-09-22 00:00:00+00:00,Boston College,Michigan State,23,19,False,False,0.75,199.8,202.8,1.2,28.0,24.7,-4.6,18.0,24.1,667.91,721.75,4,42,1,-4.5,45.5,3.0
401643711,2024,4,regular,2024-09-22 00:30:00+00:00,New Mexico,Fresno State,21,38,False,True,0.75,-151.2,101.0,-14.8,27.6,40.5,-3.8,25.1,27.6,464.59,568.31,-17,59,0,12.333333333333334,61.166666666666664,3.0
401643717,2024,4,regular,2024-09-22 00:30:00+00:00,Oregon State,Purdue,38,21,False,False,0.75,127.0,41.0,-6.7,26.1,32.7,-16.2,19.2,33.6,626.97,738.93,17,59,1,-1.8333333333333333,50.333333333333336,3.0
401637162,2024,4,regular,2024-09-22 01:45:00+00:00,Boise State,Portland State,56,14,False,False,0.75,137.8,-57.2,10.1,35.3,24.2,,,,608.26,,42,70,1,-42.75,69.5,2.0
401636872,2024,4,regular,2024-09-22 02:30:00+00:00,BYU,Kansas State,38,9,False,True,0.75,244.0,284.8,15.3,32.0,18.8,14.1,33.0,20.4,602.46,651.75,29,47,1,7.333333333333333,49.166666666666664,3.0
401643712,2024,4,regular,2024-09-22 03:59:00+00:00,Hawai'i,Northern Iowa,36,7,False,False,0.75,-87.0,-13.0,-10.9,20.9,30.0,,,,513.7,,29,43,1,-10.25,46.25,2.0
401645331,2024,5,regular,2024-09-26 23:30:00+00:00,Temple,Army,14,42,False,True,0.75,-91.2,188.0,-20.3,17.3,37.8,9.2,31.1,21.7,532.46,0.0,-28,56,0,14.5,48.666666666666664,3.0
401634767,2024,5,regular,2024-09-27 23:30:00+00:00,Miami,Virginia Tech,38,34,False,True,0.75,364.8,76.8,21.6,44.2,24.3,10.0,31.3,22.4,868.15,695.42,4,72,1,-17.666666666666668,55.5,3.0
401628501,2024,5,regular,2024-09-28 00:00:00+00:00,Rutgers,Washington,21,18,False,True,0.75,236.0,130.0,6.4,28.5,22.8,3.1,27.3,22.4,663.55,741.11,3,39,1,-1.25,45.0,2.0
401635565,2024,5,regular,2024-09-28 16:00:00+00:00,Syracuse,Holy Cross,42,14,False,False,0.75,127.0,0.0,5.5,35.8,28.9,,,,698.59,,28,56,1,-30.75,59.5,2.0
401629032,2024,5,regular,2024-09-28 16:00:00+00:00,UConn,Buffalo,47,3,False,False,0.75,25.599999999999994,257.0,1.5,26.9,25.7,-4.0,25.4,30.2,537.91,435.22,44,50,1,-5.833333333333333,44.5,3.0
401635560,2024,5,regular,2024-09-28 16:00:00+00:00,Boston College,Western Kentucky,21,20,False,False,0.75,249.8,207.0,1.2,28.0,24.7,-2.2,22.1,26.1,667.91,518.88,1,41,1,-7.5,48.166666666666664,3.0
401628377,2024,5,regular,2024-09-28 16:00:00+00:00,Ole Miss,Kentucky,17,20,False,True,0.75,284.0,146.0,27.9,37.7,11.9,5.5,24.5,20.9,801.66,788.36,-3,37,0,-15.0,51.5,3.0
401628499,2024,5,regular,2024-09-28 16:00:00+00:00,Purdue,Nebraska,10,28,False,True,0.75,-56.0,219.0,-16.2,19.2,33.6,5.5,23.1,15.8,738.93,790.42,-18,38,0,10.166666666666666,47.0,3.0
401645332,2024,5,regular,2024-09-28 16:00:00+00:00,UAB,Navy,18,41,False,True,0.75,-56.0,240.0,-11.3,25.9,38.0,3.5,29.5,24.4,583.23,0.0,-23,59,0,4.833333333333333,56.5,3.0
401645337,2024,5,regular,2024-09-28 16:00:00+00:00,Tulane,South Florida,45,10,False,True,0.75,148.8,154.0,5.7,32.9,27.1,-2.3,29.5,33.4,654.07,641.02,35,55,1,-4.5,60.5,3.0
401628497,2024,5,regular,2024-09-28 16:00:00+00:00,Michigan,Minnesota,27,24,False,True,0.75,297.0,35.0,10.6,24.1,15.1,10.4,25.6,15.4,859.21,705.22,3,51,1,-10.5,34.5,3.0
401636883,2024,5,regular,2024-09-28 16:00:00+00:00,Kansas State,Oklahoma State,42,20,False,True,0.75,265.8,231.0,14.1,33.0,20.4,-2.6,29.4,31.7,651.75,687.76,22,62,1,-5.833333333333333,58.166666666666664,3.0
401636880,2024,5,regular,2024-09-28 16:00:00+00:00,Baylor,BYU,28,34,False,True,0.75,122.0,390.0,8.4,33.5,26.2,15.3,32.0,18.8,709.46,602.46,-6,62,0,-3.1666666666666665,46.666666666666664,3.0
401628496,2024,5,regular,2024-09-28 16:00:00+00:00,Indiana,Maryland,42,28,False,True,0.75,288.8,149.0,20.1,35.0,16.4,-3.9,23.3,27.1,668.92,695.59,14,70,1,-7.5,49.333333333333336,3.0
401635564,2024,5,regular,2024-09-28 16:00:00+00:00,NC State,Northern Illinois,24,17,False,False,0.75,112.0,168.0,3.9,29.9,26.5,-3.5,20.0,21.6,722.41,437.2,7,41,1,-7.166666666666667,46.333333333333336,3.0
401643793,2024,5,regular,2024-09-28 17:30:00+00:00,James Madison,Ball State,63,7,False,False,0.75,226.8,-4.0,7.5,29.7,22.9,-19.8,21.3,40.8,459.14,464.07,56,70,1,-21.5,55.833333333333336,3.0
401641041,2024,5,regular,2024-09-28 19:00:00+00:00,Sam Houston,Texas State,40,39,True,False,0.75,130.8,121.0,-6.9,19.0,23.8,5.4,34.2,28.4,488.03,540.17,1,79,1,10.833333333333334,55.0,3.0
401636882,2024,5,regular,2024-09-28 19:30:00+00:00,Kansas,TCU,27,38,True,True,0.75,18.799999999999997,49.0,4.9,32.4,26.5,10.8,34.6,22.8,696.92,766.5,-11,65,0,-1.5,58.833333333333336,3.0
401636885,2024,5,regular,2024-09-28 19:30:00+00:00,UCF,Colorado,21,48,False,True,0.75,236.0,160.8,2.8,29.0,25.8,8.1,33.3,23.5,746.3,749.16,-27,69,0,-12.5,60.166666666666664,3.0
401643794,2024,5,regular,2024-09-28 19:30:00+00:00,Marshall,Western Michigan,27,20,False,False,0.75,68.0,31.799999999999997,3.1,29.6,26.9,-10.2,24.7,36.0,587.22,547.19,7,47,1,-3.5,53.166666666666664,3.0
401628373,2024,5,regular,2024-09-28 19:30:00+00:00,Texas A&M,Arkansas,21,17,True,True,0.75,289.0,297.0,17.0,34.0,18.6,11.0,31.4,21.7,914.52,779.17,4,38,1,-6.833333333333333,50.5,3.0
401635659,2024,5,regular,2024-09-28 19:30:00+00:00,Wake Forest,Louisiana,38,41,False,False,0.75,-8.0,78.0,-5.7,25.8,31.8,4.8,31.5,27.8,635.45,553.39,-3,79,0,-2.8333333333333335,59.333333333333336,3.0
401643721,2024,5,regular,2024-09-28 19:30:00+00:00,Central Michigan,San Diego State,22,21,False,False,0.75,-14.0,-102.2,-15.8,17.7,34.3,-15.4,17.7,32.1,467.22,608.95,1,43,1,-2.5,47.666666666666664,3.0
401644739,2024,5,regular,2024-09-28 19:30:00+00:00,Kent State,Eastern Michigan,33,52,False,True,0.75,-100.2,150.8,-33.0,12.6,43.8,-13.3,20.5,34.3,435.3,508.73,-19,85,0,13.833333333333334,45.5,3.0
401644738,2024,5,regular,2024-09-28 19:30:00+00:00,Ohio,Akron,30,10,False,True,0.75,75.8,14.799999999999997,2.3,27.2,23.9,-17.9,15.7,34.6,450.55,537.82,20,40,1,-8.0,46.0,3.0
401628375,2024,5,regular,2024-09-28 19:30:00+00:00,Auburn,Oklahoma,21,27,False,True,0.75,35.0,211.0,9.5,27.9,17.8,9.5,25.9,17.8,833.61,906.61,-6,48,0,-1.8333333333333333,43.166666666666664,3.0
401628980,2024,5,regular,2024-09-28 19:30:00+00:00,Notre Dame,Louisville,31,24,False,False,0.75,250.0,252.0,23.9,38.6,14.1,13.6,37.7,22.9,905.52,739.28,7,55,1,-6.5,45.166666666666664,3.0
401643720,2024,5,regular,2024-09-28 19:30:00+00:00,UNLV,Fresno State,59,14,False,True,0.75,248.0,169.0,9.3,32.6,24.6,-3.8,25.1,27.6,575.16,568.31,45,73,1,-2.5,50.333333333333336,3.0
401643792,2024,5,regular,2024-09-28 19:30:00+00:00,Georgia State,Georgia Southern,21,38,False,True,0.75,72.8,142.0,-17.9,21.0,37.4,-1.7,26.5,30.1,564.88,527.99,-17,59,0,-3.5,57.0,3.0
401628502,2024,5,regular,2024-09-28 19:30:00+00:00,USC,Wisconsin,38,21,False,True,0.75,217.0,129.0,11.9,35.6,24.0,3.0,23.0,19.8,863.09,771.35,17,59,1,-13.666666666666666,50.0,3.0
401629043,2024,5,regular,2024-09-28 19:30:00+00:00,Miami (OH),Massachusetts,23,20,False,False,0.75,-146.0,-169.4,1.3,23.2,23.2,-21.9,20.5,40.3,505.3,585.57,3,43,1,-15.166666666666666,44.166666666666664,3.0
401645334,2024,5,regular,2024-09-28 20:00:00+00:00,East Carolina,UTSA,30,20,False,True,0.75,-14.200000000000003,91.8,-1.0,28.5,29.7,2.2,32.3,31.5,611.66,644.36,10,50,1,-2.0,53.166666666666664,3.0
401635562,2024,5,regular,2024-09-28 20:00:00+00:00,Duke,North Carolina,21,20,False,True,0.75,283.0,166.0,5.6,26.7,21.3,5.0,31.5,26.3,635.89,794.99,1,41,1,1.3333333333333333,55.166666666666664,3.0
401628378,2024,5,regular,2024-09-28 20:15:00+00:00,Texas,Mississippi State,35,13,False,True,0.75,384.0,-54.0,24.1,36.6,10.8,-4.1,25.5,31.2,953.95,743.77,22,48,1,-37.5,58.666666666666664,3.0
401643795,2024,5,regular,2024-09-28 21:00:00+00:00,Bowling Green,Old Dominion,27,30,False,False,0.75,80.0,-80.0,-1.8,25.6,27.2,-6.0,25.7,31.3,484.51,428.91,-3,57,0,-11.166666666666666,51.5,3.0
401641018,2024,5,regular,2024-09-28 22:00:00+00:00,Kennesaw State,UT Martin,13,24,False,False,0.75,-224.2,-19.0,-25.1,10.2,35.1,,,,288.14,,-11,37,0,1.75,45.5,2.0
401640981,2024,5,regular,2024-09-28 22:00:00+00:00,Florida International,Louisiana Tech,17,10,True,True,0.75,-69.0,-82.2,-12.1,20.5,31.3,-11.6,15.9,26.3,504.39,533.72,7,27,1,2.0,49.0,3.0
401645335,2024,5,regular,2024-09-28 22:00:00+00:00,Florida Atlantic,Wagner,41,10,False,False,0.75,-99.2,0.0,-12.7,20.8,32.1,,,,592.16,,31,51,1,-34.75,52.25,2.0
401636881,2024,5,regular,2024-09-28 23:00:00+00:00,Houston,Iowa State,0,20,False,True,0.75,-13.200000000000003,246.0,-8.2,18.1,24.5,10.3,30.8,20.2,646.7,642.12,-20,20,0,16.333333333333332,42.833333333333336,3.0
401645333,2024,5,regular,2024-09-28 23:00:00+00:00,Rice,Charlotte,20,21,False,True,0.75,-161.0,-96.2,-11.4,20.5,30.4,-15.3,21.4,37.6,538.4,648.28,-1,41,0,-4.166666666666667,47.833333333333336,3.0
401635561,2024,5,regular,2024-09-28 23:00:00+00:00,Clemson,Stanford,40,14,False,True,0.75,181.0,127.80000000000001,13.3,35.4,20.9,-8.2,24.4,34.1,924.63,719.43,26,54,1,-23.833333333333332,57.833333333333336,3.0
401643796,2024,5,regular,2024-09-28 23:00:00+00:00,Troy,UL Monroe,9,13,False,True,0.75,-53.0,151.0,-6.6,24.1,30.1,-16.7,16.9,32.5,499.56,329.43,-4,22,0,-6.166666666666667,45.5,3.0
401645336,2024,5,regular,2024-09-28 23:00:00+00:00,North Texas,Tulsa,52,20,False,True,0.75,171.60000000000002,42.0,-4.5,33.3,37.0,-20.6,21.2,40.3,595.42,556.71,32,72,1,-7.166666666666667,65.5,3.0
401628495,2024,5,regular,2024-09-28 23:30:00+00:00,Penn State,Illinois,21,7,False,True,0.75,248.8,358.0,24.6,37.5,13.1,9.6,29.0,20.9,895.31,653.75,14,28,1,-19.333333333333332,48.333333333333336,3.0
401641025,2024,5,regular,2024-09-28 23:30:00+00:00,Memphis,Middle Tennessee,24,7,False,False,0.75,155.60000000000002,-69.0,9.6,36.7,28.2,-24.4,13.7,37.3,633.44,503.43,17,31,1,-27.166666666666668,61.333333333333336,3.0
401628374,2024,5,regular,2024-09-28 23:30:00+00:00,Alabama,Georgia,41,34,False,True,0.75,300.8,368.8,25.0,37.9,14.6,24.3,37.3,14.9,1018.28,1006.89,7,75,1,-1.1666666666666667,54.833333333333336,3.0
401628498,2024,5,regular,2024-09-28 23:30:00+00:00,Michigan State,Ohio State,7,38,False,True,0.75,165.60000000000002,216.0,-4.6,18.0,24.1,31.2,39.5,9.2,721.75,998.62,-31,45,0,23.5,48.166666666666664,3.0
401628376,2024,5,regular,2024-09-28 23:45:00+00:00,LSU,South Alabama,42,10,False,False,0.75,247.0,20.799999999999997,15.9,36.8,21.7,2.8,29.9,26.9,906.19,554.77,32,52,1,-20.833333333333332,64.5,3.0
401643718,2024,5,regular,2024-09-29 00:00:00+00:00,Wyoming,Air Force,31,19,False,True,0.75,-148.2,-64.0,-13.6,16.3,30.8,-11.7,17.8,27.5,455.45,0.0,12,50,1,4.166666666666667,33.333333333333336,3.0
401641035,2024,5,regular,2024-09-29 00:00:00+00:00,New Mexico State,New Mexico,40,50,False,False,0.75,-154.2,-221.2,-19.0,17.8,38.1,-14.8,27.6,40.5,370.2,464.59,-10,90,0,9.166666666666666,54.0,3.0
401636884,2024,5,regular,2024-09-29 00:00:00+00:00,Texas Tech,Cincinnati,44,41,False,True,0.75,188.8,178.8,4.3,33.5,30.8,-0.1,25.6,25.0,732.07,662.34,3,85,1,-3.1666666666666665,59.833333333333336,3.0
401635563,2024,5,regular,2024-09-29 00:00:00+00:00,SMU,Florida State,42,16,False,True,0.75,213.0,-65.0,17.5,38.2,21.1,-3.2,20.1,25.3,788.22,879.48,26,58,1,-5.833333333333333,46.333333333333336,3.0
401643719,2024,5,regular,2024-09-29 02:00:00+00:00,Boise State,Washington State,45,24,False,False,0.75,197.8,326.0,10.1,35.3,24.2,1.3,34.0,31.1,608.26,610.54,21,69,1,-6.5,65.83333333333333,3.0
401636886,2024,5,regular,2024-09-29 02:15:00+00:00,Utah,Arizona,10,23,False,True,0.75,388.0,125.0,7.7,23.6,17.2,-2.8,24.4,29.0,745.21,672.7,-13,33,0,-7.5,47.0,3.0
401628500,2024,5,regular,2024-09-29 03:00:00+00:00,UCLA,Oregon,13,34,False,True,0.75,24.0,228.0,-1.3,21.3,23.3,26.0,40.8,16.3,758.87,916.71,-21,47,0,23.5,53.666666666666664,3.0
401643797,2024,6,regular,2024-10-03 23:00:00+00:00,Troy,Texas State,17,38,False,True,0.75,-128.0,46.0,-6.6,24.1,30.1,5.4,34.2,28.4,499.56,540.17,-21,55,0,14.5,55.833333333333336,3.0
401641029,2024,6,regular,2024-10-04 01:00:00+00:00,UTEP,Sam Houston,21,41,False,True,0.75,-286.4,250.8,-22.7,13.7,34.2,-6.9,19.0,23.8,455.97,488.03,-20,62,0,9.833333333333334,49.5,3.0
401641001,2024,6,regular,2024-10-04 23:00:00+00:00,Kennesaw State,Jacksonville State,24,63,False,True,0.75,-329.2,-123.0,-25.1,10.2,35.1,-1.0,28.8,28.3,288.14,430.94,-39,87,0,17.333333333333332,49.5,3.0
401636891,2024,6,regular,2024-10-04 23:30:00+00:00,TCU,Houston,19,30,False,True,0.75,193.0,-32.2,10.8,34.6,22.8,-8.2,18.1,24.5,766.5,646.7,-11,49,0,-16.5,51.833333333333336,3.0
401634779,2024,6,regular,2024-10-05 01:00:00+00:00,UNLV,Syracuse,41,44,False,False,0.75,344.0,187.0,9.3,32.6,24.6,5.5,35.8,28.9,575.16,698.59,-3,85,0,-5.5,55.166666666666664,3.0
401628506,2024,6,regular,2024-10-05 01:00:00+00:00,Oregon,Michigan State,31,10,False,True,0.75,336.8,176.60000000000002,26.0,40.8,16.3,-4.6,18.0,24.1,916.71,721.75,21,41,1,-22.166666666666668,52.833333333333336,3.0
401628383,2024,6,regular,2024-10-05 16:00:00+00:00,Texas A&M,Missouri,41,10,False,True,0.75,439.0,340.0,17.0,34.0,18.6,14.0,33.7,18.7,914.52,807.36,31,51,1,-2.6666666666666665,47.166666666666664,3.0
401635567,2024,6,regular,2024-10-05 16:00:00+00:00,Virginia,Boston College,24,14,False,True,0.75,116.0,329.8,-5.1,23.7,29.3,1.2,28.0,24.7,662.28,667.91,10,38,1,-1.8333333333333333,52.833333333333336,3.0
401635571,2024,6,regular,2024-10-05 16:00:00+00:00,Louisville,SMU,27,34,False,True,0.75,263.0,309.0,13.6,37.7,22.9,17.5,38.2,21.1,739.28,788.22,-7,61,0,-6.666666666666667,55.166666666666664,3.0
401629044,2024,6,regular,2024-10-05 16:00:00+00:00,Northern Illinois,Massachusetts,34,20,False,False,0.75,130.8,-206.60000000000002,-3.5,20.0,21.6,-21.9,20.5,40.3,437.2,585.57,14,54,1,-13.833333333333334,40.833333333333336,3.0
401645339,2024,6,regular,2024-10-05 16:00:00+00:00,Tulsa,Army,7,49,False,True,0.75,-15.200000000000003,256.0,-20.6,21.2,40.3,9.2,31.1,21.7,556.71,0.0,-42,56,0,13.666666666666666,50.5,3.0
401643722,2024,6,regular,2024-10-05 16:00:00+00:00,Air Force,Navy,7,34,False,False,0.75,-161.0,308.0,-11.7,17.8,27.5,3.5,29.5,24.4,0.0,0.0,-27,41,0,9.833333333333334,37.166666666666664,3.0
401635638,2024,6,regular,2024-10-05 16:00:00+00:00,NC State,Wake Forest,30,34,False,True,0.75,192.0,-58.0,3.9,29.9,26.5,-5.7,25.8,31.8,722.41,635.45,-4,64,0,-4.166666666666667,52.5,3.0
401628510,2024,6,regular,2024-10-05 16:00:00+00:00,Penn State,UCLA,27,11,False,True,0.75,382.8,25.0,24.6,37.5,13.1,-1.3,21.3,23.3,895.31,758.87,16,38,1,-29.666666666666668,47.666666666666664,3.0
401628509,2024,6,regular,2024-10-05 16:00:00+00:00,Wisconsin,Purdue,52,6,False,True,0.75,136.0,-126.0,3.0,23.0,19.8,-16.2,19.2,33.6,771.35,738.93,46,58,1,-11.833333333333334,44.833333333333336,3.0
401635572,2024,6,regular,2024-10-05 16:00:00+00:00,North Carolina,Pittsburgh,24,34,False,True,0.75,128.8,292.8,5.0,31.5,26.3,4.9,29.3,26.3,794.99,713.74,-10,58,0,2.5,62.333333333333336,3.0
401645338,2024,6,regular,2024-10-05 17:00:00+00:00,UAB,Tulane,20,71,False,True,0.75,-126.0,244.8,-11.3,25.9,38.0,5.7,32.9,27.1,583.23,654.07,-51,91,0,19.333333333333332,51.833333333333336,3.0
401644741,2024,6,regular,2024-10-05 18:00:00+00:00,Ball State,Western Michigan,42,45,False,True,0.75,-61.2,-5.400000000000006,-19.8,21.3,40.8,-10.2,24.7,36.0,464.07,547.19,-3,87,0,10.166666666666666,57.666666666666664,3.0
401629033,2024,6,regular,2024-10-05 19:30:00+00:00,UConn,Temple,29,20,False,False,0.75,121.6,-126.2,1.5,26.9,25.7,-20.3,17.3,37.8,537.91,532.46,9,49,1,-17.5,49.0,3.0
401635573,2024,6,regular,2024-10-05 19:30:00+00:00,Stanford,Virginia Tech,7,31,False,True,0.75,126.80000000000001,105.8,-8.2,24.4,34.1,10.0,31.3,22.4,719.43,695.42,-24,38,0,9.166666666666666,49.666666666666664,3.0
401644740,2024,6,regular,2024-10-05 19:30:00+00:00,Akron,Bowling Green,20,27,False,True,0.75,-42.400000000000006,5.0,-17.9,15.7,34.6,-1.8,25.6,27.2,537.82,484.51,-7,47,0,16.666666666666668,48.5,3.0
401644684,2024,6,regular,2024-10-05 19:30:00+00:00,Toledo,Miami (OH),30,20,False,True,0.75,191.60000000000002,-96.0,-2.5,24.5,26.3,1.3,23.2,23.2,571.92,505.3,10,50,1,-4.833333333333333,43.666666666666664,3.0
401643799,2024,6,regular,2024-10-05 19:30:00+00:00,Marshall,App State,52,37,False,True,0.75,118.0,65.80000000000001,3.1,29.6,26.9,-8.1,27.2,33.6,587.22,575.31,15,89,1,-3.1666666666666665,56.5,3.0
401645340,2024,6,regular,2024-10-05 19:30:00+00:00,Charlotte,East Carolina,55,24,False,True,0.75,-38.2,81.8,-15.3,21.4,37.6,-1.0,28.5,29.7,648.28,611.66,31,79,1,9.166666666666666,47.5,3.0
401628382,2024,6,regular,2024-10-05 19:30:00+00:00,South Carolina,Ole Miss,3,27,False,True,0.75,213.8,234.0,16.9,32.1,16.0,27.9,37.7,11.9,798.18,801.66,-24,30,0,10.166666666666666,52.666666666666664,3.0
401628381,2024,6,regular,2024-10-05 19:30:00+00:00,Georgia,Auburn,31,13,False,True,0.75,403.8,20.0,24.3,37.3,14.9,9.5,27.9,17.8,1006.89,833.61,18,44,1,-21.166666666666668,50.0,3.0
401628504,2024,6,regular,2024-10-05 19:30:00+00:00,Ohio State,Iowa,35,7,False,True,0.75,284.0,231.0,31.2,39.5,9.2,15.8,27.0,13.3,998.62,723.51,28,42,1,-17.166666666666668,45.833333333333336,3.0
401628503,2024,6,regular,2024-10-05 19:30:00+00:00,Northwestern,Indiana,24,41,True,True,0.75,102.8,384.8,-8.2,17.5,24.3,20.1,35.0,16.4,675.78,668.92,-17,65,0,12.5,39.833333333333336,3.0
401636890,2024,6,regular,2024-10-05 20:00:00+00:00,Oklahoma State,West Virginia,14,38,False,True,0.75,218.0,109.8,-2.6,29.4,31.7,2.1,30.1,29.7,687.76,684.9,-24,52,0,-2.5,64.66666666666667,3.0
401628508,2024,6,regular,2024-10-05 20:00:00+00:00,Nebraska,Rutgers,14,7,False,True,0.75,287.0,316.0,5.5,23.1,15.8,6.4,28.5,22.8,790.42,663.55,7,21,1,-6.25,40.0,2.0
401628384,2024,6,regular,2024-10-05 20:15:00+00:00,Vanderbilt,Alabama,40,35,False,True,0.75,122.0,448.8,4.9,28.2,25.4,25.0,37.9,14.6,695.96,1018.28,5,75,1,23.0,53.5,3.0
401643724,2024,6,regular,2024-10-05 22:30:00+00:00,Oregon State,Colorado State,39,31,False,False,0.75,187.0,110.0,-6.7,26.1,32.7,-5.7,24.2,29.2,626.97,546.04,8,70,1,-10.333333333333334,47.166666666666664,3.0
401643723,2024,6,regular,2024-10-05 23:00:00+00:00,Boise State,Utah State,62,30,False,True,0.75,293.8,-37.0,10.1,35.3,24.2,-10.4,30.2,40.3,608.26,543.56,32,92,1,-27.833333333333332,66.5,3.0
401643798,2024,6,regular,2024-10-05 23:00:00+00:00,Coastal Carolina,Old Dominion,45,37,False,True,0.75,121.80000000000001,12.800000000000011,-6.9,25.5,33.4,-6.0,25.7,31.3,557.61,428.91,8,82,1,-4.166666666666667,51.5,3.0
401643801,2024,6,regular,2024-10-05 23:00:00+00:00,UL Monroe,James Madison,21,19,False,True,0.75,209.0,286.8,-16.7,16.9,32.5,7.5,29.7,22.9,329.43,459.14,2,40,1,16.5,48.0,3.0
401643800,2024,6,regular,2024-10-05 23:00:00+00:00,Arkansas State,South Alabama,18,16,False,True,0.75,92.0,25.799999999999997,-9.9,24.6,35.2,2.8,29.9,26.9,573.27,554.77,2,34,1,2.5,62.5,3.0
401643802,2024,6,regular,2024-10-05 23:00:00+00:00,Southern Miss,Louisiana,13,23,False,True,0.75,-124.4,136.0,-25.6,14.4,39.4,4.8,31.5,27.8,565.51,553.39,-10,36,0,17.166666666666668,57.166666666666664,3.0
401635569,2024,6,regular,2024-10-05 23:00:00+00:00,Florida State,Clemson,13,29,False,True,0.75,-84.0,241.0,-3.2,20.1,25.3,13.3,35.4,20.9,879.48,924.63,-16,42,0,16.5,46.833333333333336,3.0
401628379,2024,6,regular,2024-10-05 23:30:00+00:00,Arkansas,Tennessee,19,14,False,True,0.75,278.0,464.0,11.0,31.4,21.7,22.0,33.7,13.5,779.17,858.67,5,33,1,14.166666666666666,57.333333333333336,3.0
401628505,2024,6,regular,2024-10-05 23:30:00+00:00,Washington,Michigan,27,17,False,True,0.75,92.8,397.0,3.1,27.3,22.4,10.6,24.1,15.1,741.11,859.21,10,44,1,-1.5,39.5,3.0
401636889,2024,6,regular,2024-10-05 23:30:00+00:00,Iowa State,Baylor,43,21,False,True,0.75,314.0,105.0,10.3,30.8,20.2,8.4,33.5,26.2,642.12,709.46,22,64,1,-12.833333333333334,45.166666666666664,3.0
401628507,2024,6,regular,2024-10-05 23:30:00+00:00,Minnesota,USC,24,17,False,True,0.75,54.0,313.0,10.4,25.6,15.4,11.9,35.6,24.0,705.22,863.09,7,41,1,8.833333333333334,45.166666666666664,3.0
401643726,2024,6,regular,2024-10-05 23:30:00+00:00,San José State,Nevada,35,31,False,True,0.75,150.8,52.0,-5.5,26.1,30.1,-15.2,21.0,34.2,480.29,525.22,4,66,1,-7.166666666666667,51.333333333333336,3.0
401628380,2024,6,regular,2024-10-05 23:45:00+00:00,Florida,UCF,24,13,False,False,0.75,114.80000000000001,201.0,13.8,31.7,20.0,2.8,29.0,25.8,894.24,746.3,11,37,1,1.1666666666666667,61.5,3.0
401643725,2024,6,regular,2024-10-06 00:00:00+00:00,San Diego State,Hawai'i,27,24,False,True,0.75,-169.2,-27.0,-15.4,17.7,32.1,-10.9,20.9,30.0,608.95,513.7,3,51,1,-1.5,47.833333333333336,3.0
401635570,2024,6,regular,2024-10-06 00:00:00+00:00,Georgia Tech,Duke,24,14,False,True,0.75,197.8,363.0,1.9,31.1,27.9,5.6,26.7,21.3,703.0,635.89,10,38,1,-10.0,52.166666666666664,3.0
401636888,2024,6,regular,2024-10-06 00:00:00+00:00,Arizona State,Kansas,35,31,False,True,0.75,195.60000000000002,-16.200000000000003,9.4,32.4,20.9,4.9,32.4,26.5,757.02,696.92,4,66,1,-2.5,49.5,3.0
401635568,2024,6,regular,2024-10-06 02:30:00+00:00,California,Miami,38,39,False,True,0.75,198.8,464.8,4.0,27.4,22.9,21.6,44.2,24.3,702.38,868.15,-1,77,0,9.5,53.833333333333336,3.0
401636887,2024,6,regular,2024-10-06 03:00:00+00:00,Arizona,Texas Tech,22,28,False,True,0.75,293.0,268.8,-2.8,24.4,29.0,4.3,33.5,30.8,672.7,732.07,-6,50,0,-5.833333333333333,63.333333333333336,3.0
401640982,2024,7,regular,2024-10-08 23:00:00+00:00,Liberty,Florida International,31,24,False,True,0.75,274.0,6.0,0.2,28.2,26.6,-12.1,20.5,31.3,569.65,504.39,7,55,1,-15.666666666666666,55.666666666666664,3.0
401641002,2024,7,regular,2024-10-09 23:30:00+00:00,Jacksonville State,New Mexico State,54,13,False,True,0.75,-55.0,-259.2,-1.0,28.8,28.3,-19.0,17.8,38.1,430.94,370.2,41,67,1,-21.166666666666668,58.666666666666664,3.0
401643803,2024,7,regular,2024-10-10 23:30:00+00:00,James Madison,Coastal Carolina,39,7,False,True,0.75,219.8,171.8,7.5,29.7,22.9,-6.9,25.5,33.4,459.14,557.61,32,46,1,-6.833333333333333,58.833333333333336,3.0
401641009,2024,7,regular,2024-10-11 00:00:00+00:00,Louisiana Tech,Middle Tennessee,48,21,False,True,0.75,-157.2,-88.0,-11.6,15.9,26.3,-24.4,13.7,37.3,533.72,503.43,27,69,1,-4.833333333333333,47.666666666666664,3.0
401641030,2024,7,regular,2024-10-11 00:00:00+00:00,Western Kentucky,UTEP,44,17,False,True,0.75,169.8,-391.4,-2.2,22.1,26.1,-22.7,13.7,34.2,518.88,455.97,27,61,1,-19.0,55.333333333333336,3.0
401628513,2024,7,regular,2024-10-12 00:00:00+00:00,Maryland,Northwestern,10,37,False,True,0.75,130.0,76.8,-3.9,23.3,27.1,-8.2,17.5,24.3,695.59,675.78,-27,47,0,-10.833333333333334,45.0,3.0
401643733,2024,7,regular,2024-10-12 01:00:00+00:00,Utah State,UNLV,34,50,False,True,0.75,-46.0,294.0,-10.4,30.2,40.3,9.3,32.6,24.6,543.56,575.16,-16,84,0,18.666666666666668,67.0,3.0
401636892,2024,7,regular,2024-10-12 02:30:00+00:00,Arizona State,Utah,27,19,False,True,0.75,275.6,318.0,9.4,32.4,20.9,7.7,23.6,17.2,757.02,745.21,8,46,1,5.666666666666667,46.333333333333336,3.0
401644745,2024,7,regular,2024-10-12 16:00:00+00:00,Buffalo,Toledo,30,15,False,True,0.75,199.8,287.6,-4.0,25.4,30.2,-2.5,24.5,26.3,435.22,571.92,15,45,1,10.5,44.333333333333336,3.0
401628385,2024,7,regular,2024-10-12 16:00:00+00:00,Alabama,South Carolina,27,25,False,True,0.75,411.6,206.8,25.0,37.9,14.6,16.9,32.1,16.0,1018.28,798.18,2,52,1,-20.666666666666668,49.833333333333336,3.0
401628389,2024,7,regular,2024-10-12 16:00:00+00:00,Massachusetts,Missouri,3,45,False,False,0.75,-263.8,323.0,-21.9,20.5,40.3,14.0,33.7,18.7,585.57,807.36,-42,48,0,27.166666666666668,53.666666666666664,3.0
401645342,2024,7,regular,2024-10-12 16:00:00+00:00,Army,UAB,44,10,False,True,0.75,324.0,-196.0,9.2,31.1,21.7,-11.3,25.9,38.0,0.0,583.23,34,54,1,-26.5,55.5,3.0
401644743,2024,7,regular,2024-10-12 16:00:00+00:00,Kent State,Ball State,35,37,False,True,0.75,-205.2,-136.2,-33.0,12.6,43.8,-19.8,21.3,40.8,435.3,464.07,-2,72,0,3.1666666666666665,58.166666666666664,3.0
401628512,2024,7,regular,2024-10-12 16:00:00+00:00,Iowa,Washington,40,16,False,True,0.75,258.0,244.8,15.8,27.0,13.3,3.1,27.3,22.4,723.51,741.11,24,56,1,-2.6666666666666665,41.5,3.0
401635576,2024,7,regular,2024-10-12 16:00:00+00:00,Wake Forest,Clemson,14,49,False,True,0.75,34.80000000000001,349.8,-5.7,25.8,31.8,13.3,35.4,20.9,635.45,924.63,-35,63,0,21.166666666666668,63.166666666666664,3.0
401635577,2024,7,regular,2024-10-12 16:00:00+00:00,North Carolina,Georgia Tech,34,41,False,True,0.75,58.8,293.8,5.0,31.5,26.3,1.9,31.1,27.9,794.99,703.0,-7,75,0,3.5,60.833333333333336,3.0
401628517,2024,7,regular,2024-10-12 16:00:00+00:00,Rutgers,Wisconsin,7,42,False,True,0.75,278.8,196.0,6.4,28.5,22.8,3.0,23.0,19.8,663.55,771.35,-35,49,0,-1.25,43.5,2.0
401644685,2024,7,regular,2024-10-12 18:00:00+00:00,Eastern Michigan,Miami (OH),14,38,False,True,0.75,218.8,-153.2,-13.3,20.5,34.3,1.3,23.2,23.2,508.73,505.3,-24,52,0,2.8333333333333335,45.833333333333336,3.0
401628390,2024,7,regular,2024-10-12 19:30:00+00:00,Oklahoma,Texas,3,34,True,True,0.75,327.0,480.0,9.5,25.9,17.8,24.1,36.6,10.8,906.61,953.95,-31,37,0,16.833333333333332,48.833333333333336,3.0
401643805,2024,7,regular,2024-10-12 19:30:00+00:00,Georgia State,Old Dominion,14,21,False,True,0.75,2.799999999999997,-54.19999999999999,-17.9,21.0,37.4,-6.0,25.7,31.3,564.88,428.91,-7,35,0,-2.8333333333333335,53.333333333333336,3.0
401635575,2024,7,regular,2024-10-12 19:30:00+00:00,Pittsburgh,California,17,15,False,True,0.75,401.6,209.8,4.9,29.3,26.3,4.0,27.4,22.9,713.74,702.38,2,32,1,-3.5,57.166666666666664,3.0
401645341,2024,7,regular,2024-10-12 19:30:00+00:00,South Florida,Memphis,3,21,True,True,0.75,96.8,215.60000000000002,-2.3,29.5,33.4,9.6,36.7,28.2,641.02,633.44,-18,24,0,10.166666666666666,60.166666666666664,3.0
401643732,2024,7,regular,2024-10-12 19:30:00+00:00,Wyoming,San Diego State,24,27,False,True,0.75,-88.2,-119.2,-13.6,16.3,30.8,-15.4,17.7,32.1,455.45,608.95,-3,51,0,-1.6666666666666667,42.5,3.0
401628981,2024,7,regular,2024-10-12 19:30:00+00:00,Notre Dame,Stanford,49,7,False,False,0.75,372.0,91.80000000000001,23.9,38.6,14.1,-8.2,24.4,34.1,905.52,719.43,42,56,1,-22.5,45.333333333333336,3.0
401628511,2024,7,regular,2024-10-12 19:30:00+00:00,Illinois,Purdue,50,49,False,True,0.75,373.0,-183.2,9.6,29.0,20.9,-16.2,19.2,33.6,653.75,738.93,1,99,1,-22.333333333333332,47.0,3.0
401643729,2024,7,regular,2024-10-12 19:30:00+00:00,Colorado State,San José State,31,24,False,True,0.75,43.0,200.8,-5.7,24.2,29.2,-5.5,26.1,30.1,546.04,480.29,7,55,1,-2.5,55.166666666666664,3.0
401636895,2024,7,regular,2024-10-12 19:30:00+00:00,UCF,Cincinnati,13,19,False,True,0.75,182.0,141.60000000000002,2.8,29.0,25.8,-0.1,25.6,25.0,746.3,662.34,-6,32,0,-2.3333333333333335,57.833333333333336,3.0
401635578,2024,7,regular,2024-10-12 19:30:00+00:00,Virginia,Louisville,20,24,False,True,0.75,212.0,238.0,-5.1,23.7,29.3,13.6,37.7,22.9,662.28,739.28,-4,44,0,7.166666666666667,53.5,3.0
401644744,2024,7,regular,2024-10-12 19:30:00+00:00,Bowling Green,Northern Illinois,7,17,False,True,0.75,63.0,190.8,-1.8,25.6,27.2,-3.5,20.0,21.6,484.51,437.2,-10,24,0,-3.1666666666666665,46.5,3.0
401644742,2024,7,regular,2024-10-12 19:30:00+00:00,Western Michigan,Akron,34,24,False,True,0.75,52.599999999999994,-92.4,-10.2,24.7,36.0,-17.9,15.7,34.6,547.19,537.82,10,58,1,-9.5,48.5,3.0
401628516,2024,7,regular,2024-10-12 19:30:00+00:00,USC,Penn State,30,33,False,True,0.75,304.0,478.8,11.9,35.6,24.0,24.6,37.5,13.1,863.09,895.31,-3,63,0,3.6666666666666665,51.833333333333336,3.0
401636893,2024,7,regular,2024-10-12 20:00:00+00:00,BYU,Arizona,41,19,False,True,0.75,506.0,243.0,15.3,32.0,18.8,-2.8,24.4,29.0,602.46,672.7,22,60,1,-2.6666666666666665,48.5,3.0
401644746,2024,7,regular,2024-10-12 20:00:00+00:00,Central Michigan,Ohio,25,27,False,True,0.75,36.0,135.8,-15.8,17.7,34.3,2.3,27.2,23.9,467.22,450.55,-2,52,0,2.8333333333333335,50.166666666666664,3.0
401628386,2024,7,regular,2024-10-12 20:15:00+00:00,Georgia,Mississippi State,41,31,False,True,0.75,523.8,-23.0,24.3,37.3,14.9,-4.1,25.5,31.2,1006.89,743.77,10,72,1,-33.833333333333336,53.833333333333336,3.0
401643807,2024,7,regular,2024-10-12 21:00:00+00:00,UL Monroe,Southern Miss,38,21,False,True,0.75,289.0,-194.4,-16.7,16.9,32.5,-25.6,14.4,39.4,329.43,565.51,17,59,1,-4.333333333333333,41.166666666666664,3.0
401645343,2024,7,regular,2024-10-12 23:00:00+00:00,Florida Atlantic,North Texas,37,41,False,True,0.75,-39.2,231.60000000000002,-12.7,20.8,32.1,-4.5,33.3,37.0,592.16,595.42,-4,78,0,5.5,58.5,3.0
401645344,2024,7,regular,2024-10-12 23:00:00+00:00,Rice,UTSA,29,27,False,True,0.75,-236.0,34.599999999999994,-11.4,20.5,30.4,2.2,32.3,31.5,538.4,644.36,2,56,1,3.5,51.166666666666664,3.0
401643730,2024,7,regular,2024-10-12 23:00:00+00:00,Fresno State,Washington State,17,25,False,False,0.75,150.0,309.0,-3.8,25.1,27.6,1.3,34.0,31.1,568.31,610.54,-8,42,0,3.5,60.333333333333336,3.0
401643808,2024,7,regular,2024-10-12 23:00:00+00:00,Texas State,Arkansas State,41,9,False,True,0.75,114.0,172.0,5.4,34.2,28.4,-9.9,24.6,35.2,540.17,573.27,32,50,1,-13.5,66.16666666666667,3.0
401628391,2024,7,regular,2024-10-12 23:00:00+00:00,Tennessee,Florida,23,17,False,True,0.75,455.0,210.8,22.0,33.7,13.5,13.8,31.7,20.0,858.67,894.24,6,40,1,-13.833333333333334,55.166666666666664,3.0
401643727,2024,7,regular,2024-10-12 23:00:00+00:00,New Mexico,Air Force,52,37,False,True,0.75,-153.2,-231.0,-14.8,27.6,40.5,-11.7,17.8,27.5,464.59,0.0,15,89,1,-6.833333333333333,55.5,3.0
401643731,2024,7,regular,2024-10-12 23:30:00+00:00,Nevada,Oregon State,42,37,False,False,0.75,-15.0,237.0,-15.2,21.0,34.2,-6.7,26.1,32.7,525.22,626.97,5,79,1,2.8333333333333335,46.5,3.0
401628515,2024,7,regular,2024-10-12 23:30:00+00:00,Oregon,Ohio State,32,31,False,True,0.75,396.8,404.0,26.0,40.8,16.3,31.2,39.5,9.2,916.71,998.62,1,63,1,3.5,54.666666666666664,3.0
401628388,2024,7,regular,2024-10-12 23:30:00+00:00,LSU,Ole Miss,29,26,False,True,0.75,343.0,370.0,15.9,36.8,21.7,27.9,37.7,11.9,906.19,801.66,3,55,1,3.8333333333333335,64.5,3.0
401643806,2024,7,regular,2024-10-12 23:30:00+00:00,Louisiana,App State,34,24,False,True,0.75,204.0,8.600000000000009,4.8,31.5,27.8,-8.1,27.2,33.6,553.39,575.31,10,58,1,-10.166666666666666,64.0,3.0
401628387,2024,7,regular,2024-10-12 23:45:00+00:00,Kentucky,Vanderbilt,13,20,False,True,0.75,302.0,272.0,5.5,24.5,20.9,4.9,28.2,25.4,788.36,695.96,-7,33,0,-12.666666666666666,44.166666666666664,3.0
401643804,2024,7,regular,2024-10-13 00:00:00+00:00,Georgia Southern,Marshall,24,23,False,True,0.75,210.0,178.0,-1.7,26.5,30.1,3.1,29.6,26.9,527.99,587.22,1,47,1,-0.5,58.0,3.0
401636896,2024,7,regular,2024-10-13 00:00:00+00:00,West Virginia,Iowa State,16,28,False,True,0.75,218.60000000000002,434.0,2.1,30.1,29.7,10.3,30.8,20.2,684.9,642.12,-12,44,0,3.0,53.833333333333336,3.0
401635574,2024,7,regular,2024-10-13 00:00:00+00:00,NC State,Syracuse,17,24,False,True,0.75,117.0,305.0,3.9,29.9,26.5,5.5,35.8,28.9,722.41,698.59,-7,41,0,1.1666666666666667,51.5,3.0
401628514,2024,7,regular,2024-10-13 01:00:00+00:00,UCLA,Minnesota,17,21,False,True,0.75,44.0,184.0,-1.3,21.3,23.3,10.4,25.6,15.4,758.87,705.22,-4,38,0,3.5,39.166666666666664,3.0
401636894,2024,7,regular,2024-10-13 02:15:00+00:00,Colorado,Kansas State,28,31,False,True,0.75,269.6,397.8,8.1,33.3,23.5,14.1,33.0,20.4,749.16,651.75,-3,59,0,3.5,55.0,3.0
401643728,2024,7,regular,2024-10-13 03:00:00+00:00,Hawai'i,Boise State,7,28,False,True,0.75,-94.0,353.8,-10.9,20.9,30.0,10.1,35.3,24.2,513.7,608.26,-21,35,0,20.833333333333332,60.166666666666664,3.0
401643809,2024,8,regular,2024-10-15 23:30:00+00:00,South Alabama,Troy,25,9,False,True,0.75,-41.2,-198.0,2.8,29.9,26.9,-6.6,24.1,30.1,554.77,499.56,16,34,1,-9.5,52.666666666666664,3.0
401641019,2024,8,regular,2024-10-16 00:00:00+00:00,Middle Tennessee,Kennesaw State,14,5,False,True,0.75,-185.0,-399.2,-24.4,13.7,37.3,-25.1,10.2,35.1,503.43,288.14,9,19,1,-9.0,50.166666666666664,3.0
401641010,2024,8,regular,2024-10-16 01:00:00+00:00,New Mexico State,Louisiana Tech,33,30,False,True,0.75,-316.4,-97.2,-19.0,17.8,38.1,-11.6,15.9,26.3,370.2,533.72,3,63,1,12.5,48.666666666666664,3.0
401641038,2024,8,regular,2024-10-16 23:00:00+00:00,Sam Houston,Western Kentucky,14,31,False,True,0.75,318.8,229.8,-6.9,19.0,23.8,-2.2,22.1,26.1,488.03,518.88,-17,45,0,-1.3333333333333333,55.0,3.0
401640983,2024,8,regular,2024-10-17 01:00:00+00:00,UTEP,Florida International,30,21,False,True,0.75,-448.6,-31.200000000000003,-22.7,13.7,34.2,-12.1,20.5,31.3,455.97,504.39,9,51,1,6.833333333333333,47.166666666666664,3.0
401643810,2024,8,regular,2024-10-17 23:00:00+00:00,Marshall,Georgia State,35,20,False,True,0.75,140.8,-72.2,3.1,29.6,26.9,-17.9,21.0,37.4,587.22,564.88,15,55,1,-9.166666666666666,51.166666666666664,3.0
401634768,2024,8,regular,2024-10-17 23:30:00+00:00,Virginia Tech,Boston College,42,21,False,True,0.75,173.8,232.8,10.0,31.3,22.4,1.2,28.0,24.7,695.42,667.91,21,63,1,-8.333333333333334,47.166666666666664,3.0
401634769,2024,8,regular,2024-10-18 23:00:00+00:00,Duke,Florida State,23,16,False,True,0.75,305.8,-97.0,5.6,26.7,21.3,-3.2,20.1,25.3,635.89,879.48,7,39,1,-2.6666666666666665,42.5,3.0
401628523,2024,8,regular,2024-10-19 00:00:00+00:00,Purdue,Oregon,0,35,False,True,0.75,-186.2,544.8,-16.2,19.2,33.6,26.0,40.8,16.3,738.93,916.71,-35,35,0,29.666666666666668,60.833333333333336,3.0
401636898,2024,8,regular,2024-10-19 02:15:00+00:00,BYU,Oklahoma State,38,35,False,True,0.75,602.0,148.0,15.3,32.0,18.8,-2.6,29.4,31.7,602.46,687.76,3,73,1,-8.166666666666666,52.833333333333336,3.0
401643735,2024,8,regular,2024-10-19 02:30:00+00:00,Nevada,Fresno State,21,24,False,True,0.75,35.0,100.0,-15.2,21.0,34.2,-3.8,25.1,27.6,525.22,568.31,-3,45,0,2.8333333333333335,49.833333333333336,3.0
401636899,2024,8,regular,2024-10-19 16:00:00+00:00,Cincinnati,Arizona State,24,14,False,True,0.75,234.40000000000003,395.6,-0.1,25.6,25.0,9.4,32.4,20.9,662.34,757.02,10,38,1,-5.0,51.0,3.0
401635589,2024,8,regular,2024-10-19 16:00:00+00:00,Louisville,Miami,45,52,False,True,0.75,296.0,557.6,13.6,37.7,22.9,21.6,44.2,24.3,739.28,868.15,-7,97,0,4.333333333333333,61.0,3.0
401628524,2024,8,regular,2024-10-19 16:00:00+00:00,Rutgers,UCLA,32,35,False,True,0.75,208.8,19.0,6.4,28.5,22.8,-1.3,21.3,23.3,663.55,758.87,-3,67,0,-4.25,42.5,2.0
401635588,2024,8,regular,2024-10-19 16:00:00+00:00,Clemson,Virginia,48,31,False,True,0.75,417.8,187.0,13.3,35.4,20.9,-5.1,23.7,29.3,924.63,662.28,17,79,1,-20.166666666666668,57.166666666666664,3.0
401645346,2024,8,regular,2024-10-19 16:00:00+00:00,Army,East Carolina,45,28,False,True,0.75,384.0,-15.200000000000003,9.2,31.1,21.7,-1.0,28.5,29.7,0.0,611.66,17,73,1,-17.833333333333332,54.333333333333336,3.0
401643811,2024,8,regular,2024-10-19 16:00:00+00:00,Coastal Carolina,Louisiana,24,34,False,True,0.75,114.60000000000001,264.0,-6.9,25.5,33.4,4.8,31.5,27.8,557.61,553.39,-10,58,0,6.333333333333333,56.833333333333336,3.0
401628395,2024,8,regular,2024-10-19 16:00:00+00:00,Missouri,Auburn,21,17,False,True,0.75,391.0,43.0,14.0,33.7,18.7,9.5,27.9,17.8,807.36,833.61,4,38,1,-3.8333333333333335,49.5,3.0
401628522,2024,8,regular,2024-10-19 16:00:00+00:00,Northwestern,Wisconsin,3,23,True,True,0.75,185.60000000000002,304.8,-8.2,17.5,24.3,3.0,23.0,19.8,675.78,771.35,-20,26,0,9.5,42.5,3.0
401628519,2024,8,regular,2024-10-19 16:00:00+00:00,Indiana,Nebraska,56,7,False,True,0.75,474.8,367.0,20.1,35.0,16.4,5.5,23.1,15.8,668.92,790.42,49,63,1,-6.5,48.0,3.0
401629034,2024,8,regular,2024-10-19 16:00:00+00:00,UConn,Wake Forest,20,23,False,False,0.75,171.6,31.80000000000001,1.5,26.9,25.7,-5.7,25.8,31.8,537.91,635.45,-3,43,0,2.5,55.833333333333336,3.0
401628396,2024,8,regular,2024-10-19 16:45:00+00:00,Oklahoma,South Carolina,9,35,False,True,0.75,367.0,235.8,9.5,25.9,17.8,16.9,32.1,16.0,906.61,798.18,-26,44,0,1.5,40.333333333333336,3.0
401645351,2024,8,regular,2024-10-19 18:00:00+00:00,Temple,Tulsa,20,10,False,True,0.75,-163.4,-50.2,-20.3,17.3,37.8,-20.6,21.2,40.3,532.46,556.71,10,30,1,-3.0,51.333333333333336,3.0
401644750,2024,8,regular,2024-10-19 18:00:00+00:00,Eastern Michigan,Central Michigan,38,34,False,True,0.75,148.8,-14.0,-13.3,20.5,34.3,-15.8,17.7,34.3,508.73,467.22,4,72,1,-3.5,52.333333333333336,3.0
401636901,2024,8,regular,2024-10-19 19:30:00+00:00,Kansas,Houston,42,14,True,True,0.75,-25.200000000000003,103.8,4.9,32.4,26.5,-8.2,18.1,24.5,696.92,646.7,28,56,1,-4.833333333333333,45.5,3.0
401635587,2024,8,regular,2024-10-19 19:30:00+00:00,California,NC State,23,24,False,True,0.75,208.8,67.0,4.0,27.4,22.9,3.9,29.9,26.5,702.38,722.41,-1,47,0,-9.5,45.833333333333336,3.0
401628982,2024,8,regular,2024-10-19 19:30:00+00:00,Georgia Tech,Notre Dame,13,31,True,False,0.75,386.6,432.0,1.9,31.1,27.9,23.9,38.6,14.1,703.0,905.52,-18,44,0,14.166666666666666,49.666666666666664,3.0
401644686,2024,8,regular,2024-10-19 19:30:00+00:00,Miami (OH),Ohio,30,20,False,True,0.75,-85.2,193.8,1.3,23.2,23.2,2.3,27.2,23.9,505.3,450.55,10,50,1,-3.5,43.166666666666664,3.0
401645345,2024,8,regular,2024-10-19 19:30:00+00:00,South Florida,UAB,35,25,False,True,0.75,61.8,-215.0,-2.3,29.5,33.4,-11.3,25.9,38.0,641.02,583.23,10,60,1,-14.166666666666666,55.833333333333336,3.0
401645350,2024,8,regular,2024-10-19 19:30:00+00:00,Tulane,Rice,24,10,False,True,0.75,312.8,-156.0,5.7,32.9,27.1,-11.4,20.5,30.4,654.07,538.4,14,34,1,-21.833333333333332,53.0,3.0
401645347,2024,8,regular,2024-10-19 19:30:00+00:00,Navy,Charlotte,51,17,False,True,0.75,376.0,57.8,3.5,29.5,24.4,-15.3,21.4,37.6,0.0,648.28,34,68,1,-16.5,57.5,3.0
401645348,2024,8,regular,2024-10-19 19:30:00+00:00,UTSA,Florida Atlantic,38,24,False,True,0.75,-32.400000000000006,-89.2,2.2,32.3,31.5,-12.7,20.8,32.1,644.36,592.16,14,62,1,-4.166666666666667,52.166666666666664,3.0
401628518,2024,8,regular,2024-10-19 19:30:00+00:00,Illinois,Michigan,21,7,False,True,0.75,423.0,339.8,9.6,29.0,20.9,10.6,24.1,15.1,653.75,859.21,14,28,1,5.833333333333333,44.166666666666664,3.0
401644748,2024,8,regular,2024-10-19 19:30:00+00:00,Bowling Green,Kent State,27,6,False,True,0.75,-7.0,-280.2,-1.8,25.6,27.2,-33.0,12.6,43.8,484.51,435.3,21,33,1,-23.833333333333332,54.5,3.0
401643813,2024,8,regular,2024-10-19 19:30:00+00:00,Old Dominion,Texas State,24,14,False,True,0.75,3.8000000000000114,174.0,-6.0,25.7,31.3,5.4,34.2,28.4,428.91,540.17,10,38,1,10.5,60.0,3.0
401643736,2024,8,regular,2024-10-19 19:30:00+00:00,Washington State,Hawai'i,42,10,False,False,0.75,401.8,-111.0,1.3,34.0,31.1,-10.9,20.9,30.0,610.54,513.7,32,52,1,-18.666666666666668,55.166666666666664,3.0
401628397,2024,8,regular,2024-10-19 19:30:00+00:00,Tennessee,Alabama,24,17,False,True,0.75,555.0,511.6,22.0,33.7,13.5,25.0,37.9,14.6,858.67,1018.28,7,41,1,3.5,57.5,3.0
401644749,2024,8,regular,2024-10-19 19:30:00+00:00,Buffalo,Western Michigan,41,48,False,True,0.75,295.8,112.6,-4.0,25.4,30.2,-10.2,24.7,36.0,435.22,547.19,-7,89,0,1.3333333333333333,49.166666666666664,3.0
401644751,2024,8,regular,2024-10-19 19:30:00+00:00,Northern Illinois,Toledo,6,13,False,True,0.75,299.6,230.4,-3.5,20.0,21.6,-2.5,24.5,26.3,437.2,571.92,-7,19,0,-3.1666666666666665,42.666666666666664,3.0
401628521,2024,8,regular,2024-10-19 20:00:00+00:00,Maryland,USC,29,28,False,True,0.75,25.0,323.0,-3.9,23.3,27.1,11.9,35.6,24.0,695.59,863.09,1,57,1,6.666666666666667,56.0,3.0
401643738,2024,8,regular,2024-10-19 20:00:00+00:00,San José State,Wyoming,24,14,False,True,0.75,133.8,-163.2,-5.5,26.1,30.1,-13.6,16.3,30.8,480.29,455.45,10,38,1,-12.5,53.0,3.0
401636897,2024,8,regular,2024-10-19 20:00:00+00:00,Arizona,Colorado,7,34,False,True,0.75,248.0,260.6,-2.8,24.4,29.0,8.1,33.3,23.5,672.7,749.16,-27,41,0,-2.5,57.166666666666664,3.0
401636902,2024,8,regular,2024-10-19 20:00:00+00:00,Texas Tech,Baylor,35,59,False,True,0.75,361.6,106.0,4.3,33.5,30.8,8.4,33.5,26.2,732.07,709.46,-24,94,0,-4.5,55.833333333333336,3.0
401643737,2024,8,regular,2024-10-19 20:00:00+00:00,Utah State,New Mexico,45,50,False,True,0.75,-81.0,-93.2,-10.4,30.2,40.3,-14.8,27.6,40.5,543.56,464.59,-5,95,0,0.8333333333333334,78.16666666666667,3.0
401643812,2024,8,regular,2024-10-19 20:00:00+00:00,Georgia Southern,James Madison,28,14,False,True,0.75,290.0,279.8,-1.7,26.5,30.1,7.5,29.7,22.9,527.99,459.14,14,42,1,9.333333333333334,58.166666666666664,3.0
401628394,2024,8,regular,2024-10-19 20:15:00+00:00,Mississippi State,Texas A&M,24,34,False,True,0.75,0.0,593.0,-4.1,25.5,31.2,17.0,34.0,18.6,743.77,914.52,-10,58,0,21.166666666666668,55.5,3.0
401628399,2024,8,regular,2024-10-19 23:00:00+00:00,Vanderbilt,Ball State,24,14,False,False,0.75,364.8,-78.2,4.9,28.2,25.4,-19.8,21.3,40.8,695.96,464.07,10,38,1,-27.5,57.166666666666664,3.0
401643814,2024,8,regular,2024-10-19 23:00:00+00:00,Southern Miss,Arkansas State,28,44,False,True,0.75,-291.4,114.8,-25.6,14.4,39.4,-9.9,24.6,35.2,565.51,573.27,-16,72,0,7.0,56.666666666666664,3.0
401628392,2024,8,regular,2024-10-19 23:00:00+00:00,Arkansas,LSU,10,34,False,True,0.75,422.0,477.0,11.0,31.4,21.7,15.9,36.8,21.7,779.17,906.19,-24,44,0,2.8333333333333335,56.5,3.0
401628520,2024,8,regular,2024-10-19 23:30:00+00:00,Michigan State,Iowa,32,20,False,True,0.75,197.60000000000002,354.0,-4.6,18.0,24.1,15.8,27.0,13.3,721.75,723.51,12,52,1,6.666666666666667,39.5,3.0
401636904,2024,8,regular,2024-10-19 23:30:00+00:00,West Virginia,Kansas State,18,45,False,True,0.75,213.60000000000002,513.8,2.1,30.1,29.7,14.1,33.0,20.4,684.9,651.75,-27,63,0,2.5,56.0,3.0
401645349,2024,8,regular,2024-10-19 23:30:00+00:00,Memphis,North Texas,52,44,False,True,0.75,359.6,289.6,9.6,36.7,28.2,-4.5,33.3,37.0,633.44,595.42,8,96,1,-10.5,67.5,3.0
401636900,2024,8,regular,2024-10-19 23:30:00+00:00,Iowa State,UCF,38,35,False,True,0.75,542.8,132.0,10.3,30.8,20.2,2.8,29.0,25.8,642.12,746.3,3,73,1,-13.166666666666666,49.5,3.0
401628398,2024,8,regular,2024-10-19 23:30:00+00:00,Texas,Georgia,15,30,False,True,0.75,684.0,619.8,24.1,36.6,10.8,24.3,37.3,14.9,953.95,1006.89,-15,45,0,-4.166666666666667,56.833333333333336,3.0
401628393,2024,8,regular,2024-10-19 23:45:00+00:00,Florida,Kentucky,48,20,False,True,0.75,237.8,252.0,13.8,31.7,20.0,5.5,24.5,20.9,894.24,788.36,28,68,1,2.5,42.166666666666664,3.0
401643734,2024,8,regular,2024-10-20 00:00:00+00:00,Air Force,Colorado State,13,21,False,True,0.75,-328.0,93.0,-11.7,17.8,27.5,-5.7,24.2,29.2,0.0,546.04,-8,34,0,5.833333333333333,44.0,3.0
401635590,2024,8,regular,2024-10-20 00:00:00+00:00,Stanford,SMU,10,40,False,True,0.75,102.80000000000001,433.0,-8.2,24.4,34.1,17.5,38.2,21.1,719.43,788.22,-30,50,0,16.5,52.5,3.0
401643739,2024,8,regular,2024-10-20 02:00:00+00:00,Oregon State,UNLV,25,33,False,False,0.75,170.0,362.0,-6.7,26.1,32.7,9.3,32.6,24.6,626.97,575.16,-8,58,0,6.5,61.333333333333336,3.0
401636903,2024,8,regular,2024-10-20 02:30:00+00:00,Utah,TCU,7,13,False,True,0.75,309.0,88.0,7.7,23.6,17.2,10.8,34.6,22.8,745.21,766.5,-6,20,0,-3.8333333333333335,51.666666666666664,3.0
401640984,2024,9,regular,2024-10-22 23:30:00+00:00,Florida International,Sam Houston,7,10,True,True,0.75,-98.2,248.8,-12.1,20.5,31.3,-6.9,19.0,23.8,504.39,488.03,-3,17,0,5.333333333333333,47.0,3.0
401641011,2024,9,regular,2024-10-23 00:00:00+00:00,Louisiana Tech,UTEP,14,10,False,True,0.75,-164.2,-398.6,-11.6,15.9,26.3,-22.7,13.7,34.2,533.72,455.97,4,24,1,-6.5,48.833333333333336,3.0
401640993,2024,9,regular,2024-10-23 23:00:00+00:00,Kennesaw State,Liberty,27,24,False,True,0.75,-466.2,324.0,-25.1,10.2,35.1,0.2,28.2,26.6,288.14,569.65,3,51,1,27.166666666666668,47.833333333333336,3.0
401641003,2024,9,regular,2024-10-23 23:30:00+00:00,Jacksonville State,Middle Tennessee,42,20,False,True,0.75,5.0,-135.0,-1.0,28.8,28.3,-24.4,13.7,37.3,430.94,503.43,22,62,1,-20.5,64.33333333333333,3.0
401643815,2024,9,regular,2024-10-24 23:00:00+00:00,Old Dominion,Georgia Southern,47,19,False,True,0.75,99.80000000000001,386.0,-6.0,25.7,31.3,-1.7,26.5,30.1,428.91,527.99,28,66,1,0.8333333333333334,51.666666666666664,3.0
401634770,2024,9,regular,2024-10-24 23:30:00+00:00,Pittsburgh,Syracuse,41,13,False,True,0.75,481.6,397.8,4.9,29.3,26.3,5.5,35.8,28.9,713.74,698.59,28,54,1,-4.833333333333333,62.5,3.0
401634771,2024,9,regular,2024-10-25 23:30:00+00:00,Boston College,Louisville,27,31,False,True,0.75,213.8,311.0,1.2,28.0,24.7,13.6,37.7,22.9,667.91,739.28,-4,58,0,7.166666666666667,53.5,3.0
401643740,2024,9,regular,2024-10-26 02:30:00+00:00,UNLV,Boise State,24,29,False,True,0.75,420.0,421.8,9.3,32.6,24.6,10.1,35.3,24.2,575.16,608.26,-5,53,0,3.8333333333333335,63.5,3.0
401628532,2024,9,regular,2024-10-26 03:00:00+00:00,USC,Rutgers,42,20,False,True,0.75,285.8,158.8,11.9,35.6,24.0,6.4,28.5,22.8,863.09,663.55,22,62,1,-13.75,56.25,2.0
401635597,2024,9,regular,2024-10-26 16:00:00+00:00,Virginia Tech,Georgia Tech,21,6,False,True,0.75,269.8,393.6,10.0,31.3,22.4,1.9,31.1,27.9,695.42,703.0,15,27,1,-11.166666666666666,52.166666666666664,3.0
401628402,2024,9,regular,2024-10-26 16:00:00+00:00,Ole Miss,Oklahoma,26,14,False,True,0.75,387.0,332.0,27.9,37.7,11.9,9.5,25.9,17.8,801.66,906.61,12,40,1,-19.333333333333332,50.166666666666664,3.0
401628983,2024,9,regular,2024-10-26 16:00:00+00:00,Navy,Notre Dame,14,51,True,False,0.75,436.0,576.0,3.5,29.5,24.4,23.9,38.6,14.1,0.0,905.52,-37,65,0,13.333333333333334,51.0,3.0
401645353,2024,9,regular,2024-10-26 16:00:00+00:00,Memphis,Charlotte,33,28,False,True,0.75,439.6,40.8,9.6,36.7,28.2,-15.3,21.4,37.6,633.44,648.28,5,61,1,-16.833333333333332,56.0,3.0
401628530,2024,9,regular,2024-10-26 16:00:00+00:00,Ohio State,Nebraska,21,17,False,True,0.75,441.0,368.0,31.2,39.5,9.2,5.5,23.1,15.8,998.62,790.42,4,38,1,-25.166666666666668,48.666666666666664,3.0
401644755,2024,9,regular,2024-10-26 16:00:00+00:00,Ohio,Buffalo,47,16,False,True,0.75,136.6,220.8,2.3,27.2,23.9,-4.0,25.4,30.2,450.55,435.22,31,63,1,-4.166666666666667,46.166666666666664,3.0
401635598,2024,9,regular,2024-10-26 16:00:00+00:00,Virginia,North Carolina,14,41,False,True,0.75,200.0,8.799999999999997,-5.1,23.7,29.3,5.0,31.5,26.3,662.28,794.99,-27,55,0,-3.5,58.166666666666664,3.0
401645354,2024,9,regular,2024-10-26 16:00:00+00:00,North Texas,Tulane,37,45,False,True,0.75,280.6,372.8,-4.5,33.3,37.0,5.7,32.9,27.1,595.42,654.07,-8,82,0,7.333333333333333,70.16666666666667,3.0
401628526,2024,9,regular,2024-10-26 16:00:00+00:00,Indiana,Washington,31,17,False,True,0.75,570.8,225.8,20.1,35.0,16.4,3.1,27.3,22.4,668.92,741.11,14,48,1,-5.5,53.833333333333336,3.0
401628403,2024,9,regular,2024-10-26 16:45:00+00:00,Mississippi State,Arkansas,25,58,False,True,0.75,-11.0,423.0,-4.1,25.5,31.2,11.0,31.4,21.7,743.77,779.17,-33,83,0,7.5,54.833333333333336,3.0
401643816,2024,9,regular,2024-10-26 17:00:00+00:00,App State,Georgia State,33,26,False,True,0.75,-48.599999999999994,-129.4,-8.1,27.2,33.6,-17.9,21.0,37.4,575.31,564.88,7,59,1,-7.5,59.166666666666664,3.0
401644687,2024,9,regular,2024-10-26 18:00:00+00:00,Miami (OH),Central Michigan,46,7,False,True,0.75,10.799999999999997,-81.0,1.3,23.2,23.2,-15.8,17.7,34.3,505.3,467.22,39,53,1,-10.166666666666666,48.5,3.0
401645352,2024,9,regular,2024-10-26 18:00:00+00:00,East Carolina,Temple,56,34,False,True,0.75,-28.200000000000003,-103.4,-1.0,28.5,29.7,-20.3,17.3,37.8,611.66,532.46,22,90,1,-8.166666666666666,48.5,3.0
401643817,2024,9,regular,2024-10-26 19:30:00+00:00,James Madison,Southern Miss,32,15,False,True,0.75,222.60000000000002,-396.4,7.5,29.7,22.9,-25.6,14.4,39.4,459.14,565.51,17,47,1,-25.166666666666668,54.166666666666664,3.0
401644753,2024,9,regular,2024-10-26 19:30:00+00:00,Ball State,Northern Illinois,25,23,False,True,0.75,-135.4,249.60000000000002,-19.8,21.3,40.8,-3.5,20.0,21.6,464.07,437.2,2,48,1,13.5,47.5,3.0
401628525,2024,9,regular,2024-10-26 19:30:00+00:00,Oregon,Illinois,38,9,False,True,0.75,612.8,547.0,26.0,40.8,16.3,9.6,29.0,20.9,916.71,653.75,29,47,1,-22.333333333333332,54.166666666666664,3.0
401628400,2024,9,regular,2024-10-26 19:30:00+00:00,Alabama,Missouri,34,0,False,True,0.75,532.6,491.0,25.0,37.9,14.6,14.0,33.7,18.7,1018.28,807.36,34,34,1,-16.0,51.5,3.0
401644752,2024,9,regular,2024-10-26 19:30:00+00:00,Akron,Eastern Michigan,25,21,False,True,0.75,-189.4,198.8,-17.9,15.7,34.6,-13.3,20.5,34.3,537.82,508.73,4,46,1,2.5,50.5,3.0
401628527,2024,9,regular,2024-10-26 19:30:00+00:00,Iowa,Northwestern,40,14,False,True,0.75,257.0,115.60000000000001,15.8,27.0,13.3,-8.2,17.5,24.3,723.51,675.78,26,54,1,-16.5,38.0,3.0
401629035,2024,9,regular,2024-10-26 19:30:00+00:00,UConn,Rice,17,10,False,False,0.75,96.6,-213.2,1.5,26.9,25.7,-11.4,20.5,30.4,537.91,538.4,7,27,1,-6.5,46.5,3.0
401644754,2024,9,regular,2024-10-26 19:30:00+00:00,Toledo,Bowling Green,26,41,False,True,0.75,323.20000000000005,53.0,-2.5,24.5,26.3,-1.8,25.6,27.2,571.92,484.51,-15,67,0,-2.0,47.833333333333336,3.0
401645308,2024,9,regular,2024-10-26 19:30:00+00:00,Massachusetts,Wagner,35,7,False,False,0.75,-288.8,-97.0,-21.9,20.5,40.3,,,,585.57,,28,42,1,-23.25,48.75,2.0
401644756,2024,9,regular,2024-10-26 19:30:00+00:00,Western Michigan,Kent State,52,21,False,True,0.75,205.4,-337.4,-10.2,24.7,36.0,-33.0,12.6,43.8,547.19,435.3,31,73,1,-19.166666666666668,61.166666666666664,3.0
401636911,2024,9,regular,2024-10-26 19:30:00+00:00,UCF,BYU,24,37,False,True,0.75,157.0,682.0,2.8,29.0,25.8,15.3,32.0,18.8,746.3,602.46,-13,61,0,-2.5,53.5,3.0
401635599,2024,9,regular,2024-10-26 19:30:00+00:00,Stanford,Wake Forest,24,27,False,True,0.75,77.80000000000001,124.60000000000002,-8.2,24.4,34.1,-5.7,25.8,31.8,719.43,635.45,-3,51,0,2.8333333333333335,52.5,3.0
401628528,2024,9,regular,2024-10-26 19:30:00+00:00,Minnesota,Maryland,48,23,False,True,0.75,276.8,125.0,10.4,25.6,15.4,-3.9,23.3,27.1,705.22,695.59,25,71,1,-5.833333333333333,44.833333333333336,3.0
401645355,2024,9,regular,2024-10-26 19:30:00+00:00,Tulsa,UTSA,46,45,False,True,0.75,-147.2,27.599999999999994,-20.6,21.2,40.3,2.2,32.3,31.5,556.71,644.36,1,91,1,9.5,52.666666666666664,3.0
401636910,2024,9,regular,2024-10-26 19:30:00+00:00,TCU,Texas Tech,35,34,False,True,0.75,204.0,326.6,10.8,34.6,22.8,4.3,33.5,30.8,766.5,732.07,1,69,1,-4.833333333333333,66.0,3.0
401636906,2024,9,regular,2024-10-26 19:30:00+00:00,Baylor,Oklahoma State,38,28,False,True,0.75,214.8,165.0,8.4,33.5,26.2,-2.6,29.4,31.7,709.46,687.76,10,66,1,-6.833333333333333,64.16666666666667,3.0
401635594,2024,9,regular,2024-10-26 20:00:00+00:00,California,Oregon State,44,7,False,False,0.75,158.8,145.0,4.0,27.4,22.9,-6.7,26.1,32.7,702.38,626.97,37,51,1,-12.5,50.5,3.0
401628405,2024,9,regular,2024-10-26 20:15:00+00:00,Vanderbilt,Texas,24,27,False,True,0.75,424.8,691.0,4.9,28.2,25.4,24.1,36.6,10.8,695.96,953.95,-3,51,0,16.833333333333332,51.0,3.0
401643819,2024,9,regular,2024-10-26 21:00:00+00:00,South Alabama,UL Monroe,46,17,False,True,0.75,18.799999999999997,349.0,2.8,29.9,26.9,-16.7,16.9,32.5,554.77,329.43,29,63,1,-7.166666666666667,45.166666666666664,3.0
401643741,2024,9,regular,2024-10-26 21:00:00+00:00,Colorado State,New Mexico,17,6,False,True,0.75,151.0,-35.2,-5.7,24.2,29.2,-14.8,27.6,40.5,546.04,464.59,11,23,1,-3.6666666666666665,61.666666666666664,3.0
401635596,2024,9,regular,2024-10-26 23:00:00+00:00,Miami,Florida State,36,14,False,True,0.75,673.6,-134.2,21.6,44.2,24.3,-3.2,20.1,25.3,868.15,879.48,22,50,1,-22.166666666666668,54.5,3.0
401636908,2024,9,regular,2024-10-26 23:00:00+00:00,Houston,Utah,17,14,False,True,0.75,33.8,284.0,-8.2,18.1,24.5,7.7,23.6,17.2,646.7,745.21,3,31,1,4.666666666666667,36.0,3.0
401643745,2024,9,regular,2024-10-26 23:00:00+00:00,Wyoming,Utah State,25,27,False,True,0.75,-260.2,-156.0,-13.6,16.3,30.8,-10.4,30.2,40.3,455.45,543.56,-2,52,0,2.0,56.666666666666664,3.0
401636905,2024,9,regular,2024-10-26 23:00:00+00:00,Arizona,West Virginia,26,31,False,True,0.75,213.0,196.60000000000002,-2.8,24.4,29.0,2.1,30.1,29.7,672.7,684.9,-5,57,0,-5.5,51.5,3.0
401643818,2024,9,regular,2024-10-26 23:00:00+00:00,Arkansas State,Troy,34,31,False,True,0.75,182.8,-255.2,-9.9,24.6,35.2,-6.6,24.1,30.1,573.27,499.56,3,65,1,-8.166666666666666,50.166666666666664,3.0
401628531,2024,9,regular,2024-10-26 23:30:00+00:00,Wisconsin,Penn State,13,28,False,True,0.75,394.8,594.8,3.0,23.0,19.8,24.6,37.5,13.1,771.35,895.31,-15,41,0,6.333333333333333,46.666666666666664,3.0
401628404,2024,9,regular,2024-10-26 23:30:00+00:00,Texas A&M,LSU,38,23,False,True,0.75,701.8,613.0,17.0,34.0,18.6,15.9,36.8,21.7,914.52,906.19,15,61,1,-1.8333333333333333,54.5,3.0
401628529,2024,9,regular,2024-10-26 23:30:00+00:00,Michigan,Michigan State,24,17,False,True,0.75,328.8,317.6,10.6,24.1,15.1,-4.6,18.0,24.1,859.21,721.75,7,41,1,-3.3333333333333335,39.166666666666664,3.0
401628401,2024,9,regular,2024-10-26 23:45:00+00:00,Kentucky,Auburn,10,24,False,True,0.75,233.0,48.0,5.5,24.5,20.9,9.5,27.9,17.8,788.36,833.61,-14,34,0,-1.8333333333333333,43.333333333333336,3.0
401635595,2024,9,regular,2024-10-27 00:00:00+00:00,Duke,SMU,27,28,False,True,0.75,385.8,501.0,5.6,26.7,21.3,17.5,38.2,21.1,635.89,788.22,-1,55,0,11.5,49.833333333333336,3.0
401636909,2024,9,regular,2024-10-27 00:00:00+00:00,Kansas State,Kansas,29,27,False,True,0.75,622.6,64.8,14.1,33.0,20.4,4.9,32.4,26.5,651.75,696.92,2,56,1,-9.833333333333334,56.0,3.0
401643742,2024,9,regular,2024-10-27 00:00:00+00:00,Fresno State,San José State,33,10,False,True,0.75,158.0,193.8,-3.8,25.1,27.6,-5.5,26.1,30.1,568.31,480.29,23,43,1,-6.5,55.166666666666664,3.0
401636907,2024,9,regular,2024-10-27 02:15:00+00:00,Colorado,Cincinnati,34,23,False,True,0.75,369.40000000000003,354.40000000000003,8.1,33.3,23.5,-0.1,25.6,25.0,749.16,662.34,11,57,1,-6.166666666666667,56.833333333333336,3.0
401643744,2024,9,regular,2024-10-27 02:30:00+00:00,San Diego State,Washington State,26,29,False,False,0.75,-61.2,461.8,-15.4,17.7,32.1,1.3,34.0,31.1,608.95,610.54,-3,55,0,17.166666666666668,56.666666666666664,3.0
401643743,2024,9,regular,2024-10-27 03:59:00+00:00,Hawai'i,Nevada,34,13,False,True,0.75,-168.2,-15.0,-10.9,20.9,30.0,-15.2,21.0,34.2,513.7,525.22,21,47,1,-2.1666666666666665,41.833333333333336,3.0
401640985,2024,10,regular,2024-10-29 23:00:00+00:00,Florida International,New Mexico State,34,13,True,True,0.75,-173.2,-266.4,-12.1,20.5,31.3,-19.0,17.8,38.1,504.39,370.2,21,47,1,-7.166666666666667,43.5,3.0
401643820,2024,10,regular,2024-10-29 23:30:00+00:00,Texas State,Louisiana,17,23,False,True,0.75,77.0,332.0,5.4,34.2,28.4,4.8,31.5,27.8,540.17,553.39,-6,40,0,-3.8333333333333335,60.833333333333336,3.0
401641012,2024,10,regular,2024-10-30 00:00:00+00:00,Sam Houston,Louisiana Tech,9,3,False,True,0.75,323.8,-114.2,-6.9,19.0,23.8,-11.6,15.9,26.3,488.03,533.72,6,12,1,-10.5,45.5,3.0
401640994,2024,10,regular,2024-10-30 23:00:00+00:00,Liberty,Jacksonville State,21,31,False,True,0.75,257.0,65.0,0.2,28.2,26.6,-1.0,28.8,28.3,569.65,430.94,-10,52,0,-2.5,64.0,3.0
401641020,2024,10,regular,2024-10-30 23:30:00+00:00,Western Kentucky,Kennesaw State,31,14,False,True,0.75,297.8,-386.2,-2.2,22.1,26.1,-25.1,10.2,35.1,518.88,288.14,17,45,1,-23.666666666666668,49.166666666666664,3.0
401645356,2024,10,regular,2024-10-31 23:30:00+00:00,Charlotte,Tulane,3,34,False,True,0.75,31.799999999999997,465.6,-15.3,21.4,37.6,5.7,32.9,27.1,648.28,654.07,-31,37,0,14.5,55.0,3.0
401629036,2024,10,regular,2024-11-01 23:00:00+00:00,UConn,Georgia State,34,27,False,False,0.75,146.6,-196.4,1.5,26.9,25.7,-17.9,21.0,37.4,537.91,564.88,7,61,1,-7.166666666666667,48.166666666666664,3.0
401645357,2024,10,regular,2024-11-01 23:30:00+00:00,Florida Atlantic,South Florida,21,44,False,True,0.75,-146.4,121.8,-12.7,20.8,32.1,-2.3,29.5,33.4,592.16,641.02,-23,65,0,1.5,47.833333333333336,3.0
401643747,2024,10,regular,2024-11-02 00:00:00+00:00,Boise State,San Diego State,56,24,False,True,0.75,537.8,-111.2,10.1,35.3,24.2,-15.4,17.7,32.1,608.26,608.95,32,80,1,-24.5,56.166666666666664,3.0
401628539,2024,10,regular,2024-11-02 16:00:00+00:00,Penn State,Ohio State,13,20,False,True,0.75,703.6,521.0,24.6,37.5,13.1,31.2,39.5,9.2,895.31,998.62,-7,33,0,3.1666666666666665,47.5,3.0
401628406,2024,10,regular,2024-11-02 16:00:00+00:00,Arkansas,Ole Miss,31,63,False,True,0.75,531.8,507.0,11.0,31.4,21.7,27.9,37.7,11.9,779.17,801.66,-32,94,0,8.0,54.166666666666664,3.0
401628533,2024,10,regular,2024-11-02 16:00:00+00:00,Illinois,Minnesota,17,25,False,True,0.75,578.0,372.8,9.6,29.0,20.9,10.4,25.6,15.4,653.75,705.22,-8,42,0,2.6666666666666665,47.166666666666664,3.0
401628538,2024,10,regular,2024-11-02 16:00:00+00:00,Purdue,Northwestern,20,26,False,True,0.75,-173.2,96.60000000000001,-16.2,19.2,33.6,-8.2,17.5,24.3,738.93,675.78,-6,46,0,-3.0,44.333333333333336,3.0
401643746,2024,10,regular,2024-11-02 16:00:00+00:00,Army,Air Force,20,3,False,False,0.75,480.0,-403.0,9.2,31.1,21.7,-11.7,17.8,27.5,0.0,0.0,17,23,1,-18.166666666666668,38.333333333333336,3.0
401635604,2024,10,regular,2024-11-02 16:00:00+00:00,Syracuse,Virginia Tech,38,31,False,True,0.75,392.8,365.8,5.5,35.8,28.9,10.0,31.3,22.4,698.59,695.42,7,69,1,3.5,52.666666666666664,3.0
401644757,2024,10,regular,2024-11-02 16:00:00+00:00,Akron,Buffalo,30,41,False,True,0.75,-139.4,163.6,-17.9,15.7,34.6,-4.0,25.4,30.2,537.82,435.22,-11,71,0,0.8333333333333334,48.166666666666664,3.0
401644758,2024,10,regular,2024-11-02 16:00:00+00:00,Eastern Michigan,Toledo,28,29,False,True,0.75,131.8,253.20000000000002,-13.3,20.5,34.3,-2.5,24.5,26.3,508.73,571.92,-1,57,0,10.166666666666666,54.5,3.0
401635601,2024,10,regular,2024-11-02 16:00:00+00:00,Miami,Duke,53,31,False,True,0.75,769.6,368.8,21.6,44.2,24.3,5.6,26.7,21.3,868.15,635.89,22,84,1,-20.5,55.0,3.0
401635516,2024,10,regular,2024-11-02 16:00:00+00:00,NC State,Stanford,59,28,False,True,0.75,159.8,2.8000000000000114,3.9,29.9,26.5,-8.2,24.4,34.1,722.41,719.43,31,87,1,-9.666666666666666,46.5,3.0
401628410,2024,10,regular,2024-11-02 16:00:00+00:00,Oklahoma,Maine,59,14,False,False,0.75,329.0,0.0,9.5,25.9,17.8,,,,906.61,,45,73,1,-37.5,48.0,2.0
401645359,2024,10,regular,2024-11-02 16:00:00+00:00,UTSA,Memphis,44,36,False,True,0.75,-39.400000000000006,489.6,2.2,32.3,31.5,9.6,36.7,28.2,644.36,633.44,8,80,1,7.166666666666667,61.666666666666664,3.0
401628407,2024,10,regular,2024-11-02 16:45:00+00:00,Auburn,Vanderbilt,7,17,False,True,0.75,156.8,441.8,9.5,27.9,17.8,4.9,28.2,25.4,833.61,695.96,-10,24,0,-7.833333333333333,47.833333333333336,3.0
401643821,2024,10,regular,2024-11-02 18:30:00+00:00,App State,Old Dominion,28,20,False,True,0.75,1.4000000000000057,195.8,-8.1,27.2,33.6,-6.0,25.7,31.3,575.31,428.91,8,48,1,2.6666666666666665,58.166666666666664,3.0
401645358,2024,10,regular,2024-11-02 18:30:00+00:00,UAB,Tulsa,59,21,False,True,0.75,-272.2,-67.2,-11.3,25.9,38.0,-20.6,21.2,40.3,583.23,556.71,38,80,1,-2.5,57.666666666666664,3.0
401641026,2024,10,regular,2024-11-02 19:30:00+00:00,UTEP,Middle Tennessee,13,20,False,True,0.75,-465.6,-192.2,-22.7,13.7,34.2,-24.4,13.7,37.3,455.97,503.43,-7,33,0,-1.8333333333333333,48.333333333333336,3.0
401636916,2024,10,regular,2024-11-02 19:30:00+00:00,UCF,Arizona,56,12,False,True,0.75,152.0,163.0,2.8,29.0,25.8,-2.8,24.4,29.0,746.3,672.7,44,68,1,-6.166666666666667,54.833333333333336,3.0
401628408,2024,10,regular,2024-11-02 19:30:00+00:00,Georgia,Florida,34,20,True,True,0.75,805.8,333.8,24.3,37.3,14.9,13.8,31.7,20.0,1006.89,894.24,14,54,1,-14.666666666666666,52.5,3.0
401636915,2024,10,regular,2024-11-02 19:30:00+00:00,Oklahoma State,Arizona State,21,42,False,True,0.75,146.0,338.4,-2.6,29.4,31.7,9.4,32.4,20.9,687.76,757.02,-21,63,0,4.833333333333333,57.0,3.0
401636914,2024,10,regular,2024-11-02 19:30:00+00:00,Iowa State,Texas Tech,22,23,False,True,0.75,622.8,317.6,10.3,30.8,20.2,4.3,33.5,30.8,642.12,732.07,-1,45,0,-13.833333333333334,55.5,3.0
401635602,2024,10,regular,2024-11-02 19:30:00+00:00,Florida State,North Carolina,11,35,False,True,0.75,-113.2,76.8,-3.2,20.1,25.3,5.0,31.5,26.3,879.48,794.99,-24,46,0,2.5,50.5,3.0
401628537,2024,10,regular,2024-11-02 19:30:00+00:00,Nebraska,UCLA,20,27,False,True,0.75,403.0,111.80000000000001,5.5,23.1,15.8,-1.3,21.3,23.3,790.42,758.87,-7,47,0,-7.833333333333333,38.833333333333336,3.0
401643822,2024,10,regular,2024-11-02 19:30:00+00:00,Marshall,UL Monroe,28,23,False,True,0.75,200.8,291.8,3.1,29.6,26.9,-16.7,16.9,32.5,587.22,329.43,5,51,1,-10.5,47.833333333333336,3.0
401628534,2024,10,regular,2024-11-02 19:30:00+00:00,Michigan State,Indiana,10,47,False,True,0.75,308.6,666.8,-4.6,18.0,24.1,20.1,35.0,16.4,721.75,668.92,-37,57,0,7.5,53.5,3.0
401628536,2024,10,regular,2024-11-02 19:30:00+00:00,Michigan,Oregon,17,38,False,True,0.75,378.8,744.8,10.6,24.1,15.1,26.0,40.8,16.3,859.21,916.71,-21,55,0,14.5,45.333333333333336,3.0
401636913,2024,10,regular,2024-11-02 19:30:00+00:00,Houston,Kansas State,24,19,False,True,0.75,133.8,702.6,-8.2,18.1,24.5,14.1,33.0,20.4,646.7,651.75,5,43,1,11.666666666666666,45.5,3.0
401643750,2024,10,regular,2024-11-02 20:00:00+00:00,New Mexico,Wyoming,45,49,False,True,0.75,-132.2,-335.2,-14.8,27.6,40.5,-13.6,16.3,30.8,464.59,455.45,-4,94,0,-7.666666666666667,60.5,3.0
401643824,2024,10,regular,2024-11-02 20:00:00+00:00,Troy,Coastal Carolina,38,24,False,True,0.75,-322.2,44.60000000000001,-6.6,24.1,30.1,-6.9,25.5,33.4,499.56,557.61,14,62,1,4.0,51.666666666666664,3.0
401645360,2024,10,regular,2024-11-02 20:00:00+00:00,Rice,Navy,24,10,False,True,0.75,-250.4,443.0,-11.4,20.5,30.4,3.5,29.5,24.4,538.4,0.0,14,34,1,12.833333333333334,49.0,3.0
401628409,2024,10,regular,2024-11-02 20:15:00+00:00,Mississippi State,Massachusetts,45,20,False,False,0.75,-46.0,-228.8,-4.1,25.5,31.2,-21.9,20.5,40.3,743.77,585.57,25,65,1,-19.166666666666668,59.0,3.0
401643749,2024,10,regular,2024-11-02 23:00:00+00:00,Fresno State,Hawai'i,20,21,False,True,0.75,218.0,-108.2,-3.8,25.1,27.6,-10.9,20.9,30.0,568.31,513.7,-1,41,0,-12.333333333333334,45.333333333333336,3.0
401635600,2024,10,regular,2024-11-02 23:30:00+00:00,Clemson,Louisville,21,33,False,True,0.75,477.8,403.8,13.3,35.4,20.9,13.6,37.7,22.9,924.63,739.28,-12,54,0,-11.166666666666666,62.5,3.0
401628540,2024,10,regular,2024-11-02 23:30:00+00:00,Washington,USC,26,21,False,True,0.75,232.8,381.8,3.1,27.3,22.4,11.9,35.6,24.0,741.11,863.09,5,47,1,2.1666666666666665,55.166666666666664,3.0
401628411,2024,10,regular,2024-11-02 23:30:00+00:00,South Carolina,Texas A&M,44,20,False,True,0.75,371.8,857.8,16.9,32.1,16.0,17.0,34.0,18.6,798.18,914.52,24,64,1,3.1666666666666665,43.5,3.0
401628535,2024,10,regular,2024-11-02 23:30:00+00:00,Iowa,Wisconsin,42,10,False,True,0.75,317.0,405.8,15.8,27.0,13.3,3.0,23.0,19.8,723.51,771.35,32,52,1,-2.5,40.333333333333336,3.0
401643823,2024,10,regular,2024-11-02 23:30:00+00:00,South Alabama,Georgia Southern,30,34,False,True,0.75,78.8,289.0,2.8,29.9,26.9,-1.7,26.5,30.1,554.77,527.99,-4,64,0,-5.5,59.833333333333336,3.0
401628412,2024,10,regular,2024-11-02 23:45:00+00:00,Tennessee,Kentucky,28,18,False,True,0.75,693.0,198.0,22.0,33.7,13.5,5.5,24.5,20.9,858.67,788.36,10,46,1,-17.5,45.5,3.0
401636912,2024,10,regular,2024-11-03 00:00:00+00:00,Baylor,TCU,37,34,False,True,0.75,310.8,284.0,8.4,33.5,26.2,10.8,34.6,22.8,709.46,766.5,3,71,1,-2.5,63.666666666666664,3.0
401643748,2024,10,regular,2024-11-03 00:00:00+00:00,Nevada,Colorado State,21,38,False,True,0.75,-112.0,211.0,-15.2,21.0,34.2,-5.7,24.2,29.2,525.22,546.04,-17,59,0,2.1666666666666665,45.333333333333336,3.0
401635627,2024,10,regular,2024-11-03 00:00:00+00:00,SMU,Pittsburgh,48,25,False,True,0.75,593.8,577.6,17.5,38.2,21.1,4.9,29.3,26.3,788.22,713.74,23,73,1,-7.166666666666667,55.166666666666664,3.0
401644760,2024,11,regular,2024-11-06 00:30:00+00:00,Central Michigan,Bowling Green,13,23,False,True,0.75,-138.2,161.8,-15.8,17.7,34.3,-1.8,25.6,27.2,467.22,484.51,-10,36,0,15.333333333333334,48.333333333333336,3.0
401644688,2024,11,regular,2024-11-06 01:00:00+00:00,Ball State,Miami (OH),21,27,False,True,0.75,-55.400000000000006,70.8,-19.8,21.3,40.8,1.3,23.2,23.2,464.07,505.3,-6,48,0,12.833333333333334,48.166666666666664,3.0
401644761,2024,11,regular,2024-11-07 00:00:00+00:00,Kent State,Ohio,0,41,False,True,0.75,-434.4,232.6,-33.0,12.6,43.8,2.3,27.2,23.9,435.3,450.55,-41,41,0,20.5,53.166666666666664,3.0
401644762,2024,11,regular,2024-11-07 00:00:00+00:00,Western Michigan,Northern Illinois,28,42,False,True,0.75,265.4,182.60000000000002,-10.2,24.7,36.0,-3.5,20.0,21.6,547.19,437.2,-14,70,0,2.1666666666666665,51.833333333333336,3.0
401645361,2024,11,regular,2024-11-08 01:00:00+00:00,East Carolina,Florida Atlantic,49,14,False,True,0.75,31.799999999999997,-216.4,-1.0,28.5,29.7,-12.7,20.8,32.1,611.66,592.16,35,63,1,-6.833333333333333,58.5,3.0
401643825,2024,11,regular,2024-11-08 01:00:00+00:00,Coastal Carolina,App State,38,24,False,True,0.75,-52.39999999999999,51.400000000000006,-6.9,25.5,33.4,-8.1,27.2,33.6,557.61,575.31,14,62,1,2.1666666666666665,62.666666666666664,3.0
401634773,2024,11,regular,2024-11-09 01:00:00+00:00,Wake Forest,California,36,46,False,True,0.75,182.60000000000002,218.8,-5.7,25.8,31.8,4.0,27.4,22.9,635.45,702.38,-10,82,0,7.166666666666667,55.0,3.0
401628542,2024,11,regular,2024-11-09 02:00:00+00:00,UCLA,Iowa,20,17,False,True,0.75,204.60000000000002,413.0,-1.3,21.3,23.3,15.8,27.0,13.3,758.87,723.51,3,37,1,6.5,45.0,3.0
401645362,2024,11,regular,2024-11-09 02:00:00+00:00,Memphis,Rice,27,20,False,True,0.75,452.4,-154.4,9.6,36.7,28.2,-11.4,20.5,30.4,633.44,538.4,7,47,1,-7.166666666666667,50.5,3.0
401643754,2024,11,regular,2024-11-09 03:30:00+00:00,San Diego State,New Mexico,16,21,False,True,0.75,-108.2,-207.2,-15.4,17.7,32.1,-14.8,27.6,40.5,608.95,464.59,-5,37,0,-1.3333333333333333,65.16666666666667,3.0
401628544,2024,11,regular,2024-11-09 17:00:00+00:00,Rutgers,Minnesota,26,19,False,True,0.75,139.8,492.8,6.4,28.5,22.8,10.4,25.6,15.4,663.55,705.22,7,45,1,6.5,44.5,2.0
401645363,2024,11,regular,2024-11-09 17:00:00+00:00,South Florida,Navy,7,28,False,True,0.75,189.8,346.0,-2.3,29.5,33.4,3.5,29.5,24.4,641.02,0.0,-21,35,0,4.5,58.666666666666664,3.0
401628545,2024,11,regular,2024-11-09 17:00:00+00:00,Ohio State,Purdue,45,0,False,True,0.75,683.0,-248.2,31.2,39.5,9.2,-16.2,19.2,33.6,998.62,738.93,45,45,1,-37.333333333333336,55.5,3.0
401643828,2024,11,regular,2024-11-09 17:00:00+00:00,UL Monroe,Texas State,17,38,False,True,0.75,254.6,27.0,-16.7,16.9,32.5,5.4,34.2,28.4,329.43,540.17,-21,55,0,9.5,49.833333333333336,3.0
401628417,2024,11,regular,2024-11-09 17:00:00+00:00,Texas,Florida,49,17,False,True,0.75,809.0,370.8,24.1,36.6,10.8,13.8,31.7,20.0,953.95,894.24,32,66,1,-23.166666666666668,48.666666666666664,3.0
401635609,2024,11,regular,2024-11-09 17:00:00+00:00,Georgia Tech,Miami,28,23,False,True,0.75,374.6,865.6,1.9,31.1,27.9,21.6,44.2,24.3,703.0,868.15,5,51,1,9.5,64.83333333333333,3.0
401636918,2024,11,regular,2024-11-09 17:00:00+00:00,Cincinnati,West Virginia,24,31,False,True,0.75,335.40000000000003,289.40000000000003,-0.1,25.6,25.0,2.1,30.1,29.7,662.34,684.9,-7,55,0,-5.333333333333333,54.5,3.0
401635606,2024,11,regular,2024-11-09 17:00:00+00:00,Boston College,Syracuse,37,31,False,True,0.75,188.8,492.8,1.2,28.0,24.7,5.5,35.8,28.9,667.91,698.59,6,68,1,-3.8333333333333335,51.833333333333336,3.0
401640995,2024,11,regular,2024-11-09 18:00:00+00:00,Middle Tennessee,Liberty,17,37,False,True,0.75,-134.2,187.0,-24.4,13.7,37.3,0.2,28.2,26.6,503.43,569.65,-20,54,0,12.666666666666666,54.833333333333336,3.0
401629037,2024,11,regular,2024-11-09 19:30:00+00:00,UAB,UConn,23,31,False,False,0.75,-212.2,196.6,-11.3,25.9,38.0,1.5,26.9,25.7,583.23,537.91,-8,54,0,7.5,53.833333333333336,3.0
401643829,2024,11,regular,2024-11-09 20:00:00+00:00,Southern Miss,Marshall,3,37,False,True,0.75,-453.6,250.8,-25.6,14.4,39.4,3.1,29.6,26.9,565.51,587.22,-34,40,0,13.5,53.166666666666664,3.0
401636919,2024,11,regular,2024-11-09 20:30:00+00:00,Kansas,Iowa State,45,36,True,True,0.75,75.8,572.8,4.9,32.4,26.5,10.3,30.8,20.2,696.92,642.12,9,81,1,2.5,52.0,3.0
401628541,2024,11,regular,2024-11-09 20:30:00+00:00,Indiana,Michigan,20,15,False,True,0.75,734.8,393.8,20.1,35.0,16.4,10.6,24.1,15.1,668.92,859.21,5,35,1,-14.5,47.5,3.0
401643826,2024,11,regular,2024-11-09 20:30:00+00:00,James Madison,Georgia State,38,7,False,True,0.75,282.6,-233.60000000000002,7.5,29.7,22.9,-17.9,21.0,37.4,459.14,564.88,31,45,1,-14.833333333333334,53.833333333333336,3.0
401628414,2024,11,regular,2024-11-09 20:30:00+00:00,Ole Miss,Georgia,28,10,False,True,0.75,643.0,985.8,27.9,37.7,11.9,24.3,37.3,14.9,801.66,1006.89,18,38,1,2.0,55.0,3.0
401635607,2024,11,regular,2024-11-09 20:30:00+00:00,Virginia Tech,Clemson,14,24,False,True,0.75,328.6,442.8,10.0,31.3,22.4,13.3,35.4,20.9,695.42,924.63,-10,38,0,5.833333333333333,54.5,3.0
401643755,2024,11,regular,2024-11-09 20:30:00+00:00,Oregon State,San José State,13,24,False,False,0.75,87.8,136.6,-6.7,26.1,32.7,-5.5,26.1,30.1,626.97,480.29,-11,37,0,-2.8333333333333335,57.833333333333336,3.0
401635608,2024,11,regular,2024-11-09 20:30:00+00:00,NC State,Duke,19,29,False,True,0.75,219.8,391.8,3.9,29.9,26.5,5.6,26.7,21.3,722.41,635.89,-10,48,0,-3.1666666666666665,51.5,3.0
401629045,2024,11,regular,2024-11-09 20:30:00+00:00,North Texas,Army,3,14,False,True,0.75,230.60000000000002,540.0,-4.5,33.3,37.0,9.2,31.1,21.7,595.42,0.0,-11,17,0,6.5,67.5,3.0
401641021,2024,11,regular,2024-11-09 21:00:00+00:00,UTEP,Kennesaw State,43,35,False,True,0.75,-540.6,-443.4,-22.7,13.7,34.2,-25.1,10.2,35.1,455.97,288.14,8,78,1,-4.5,42.333333333333336,3.0
401636921,2024,11,regular,2024-11-09 21:00:00+00:00,Texas Tech,Colorado,27,41,False,True,0.75,463.6,465.40000000000003,4.3,33.5,30.8,8.1,33.3,23.5,732.07,749.16,-14,68,0,4.666666666666667,62.166666666666664,3.0
401645364,2024,11,regular,2024-11-09 21:00:00+00:00,Tulane,Temple,52,6,False,True,0.75,533.6,-160.60000000000002,5.7,32.9,27.1,-20.3,17.3,37.8,654.07,532.46,46,58,1,-25.666666666666668,50.5,3.0
401628418,2024,11,regular,2024-11-09 21:15:00+00:00,Vanderbilt,South Carolina,7,28,False,True,0.75,577.8,523.8,4.9,28.2,25.4,16.9,32.1,16.0,695.96,798.18,-21,35,0,5.833333333333333,45.0,3.0
401641004,2024,11,regular,2024-11-09 21:30:00+00:00,Louisiana Tech,Jacksonville State,37,44,False,True,0.75,-181.2,173.8,-11.6,15.9,26.3,-1.0,28.8,28.3,533.72,430.94,-7,81,0,9.833333333333334,55.666666666666664,3.0
401643827,2024,11,regular,2024-11-09 22:00:00+00:00,Louisiana,Arkansas State,55,19,False,True,0.75,424.8,232.8,4.8,31.5,27.8,-9.9,24.6,35.2,553.39,573.27,36,74,1,-14.166666666666666,59.833333333333336,3.0
401641036,2024,11,regular,2024-11-09 23:00:00+00:00,New Mexico State,Western Kentucky,28,41,False,True,0.75,-371.4,357.8,-19.0,17.8,38.1,-2.2,22.1,26.1,370.2,518.88,-13,69,0,18.0,53.5,3.0
401636920,2024,11,regular,2024-11-10 00:00:00+00:00,TCU,Oklahoma State,38,13,False,True,0.75,275.0,111.0,10.8,34.6,22.8,-2.6,29.4,31.7,766.5,687.76,25,51,1,-10.5,68.83333333333333,3.0
401628416,2024,11,regular,2024-11-10 00:00:00+00:00,Tennessee,Mississippi State,33,14,False,True,0.75,789.0,14.0,22.0,33.7,13.5,-4.1,25.5,31.2,858.67,743.77,19,47,1,-26.333333333333332,61.5,3.0
401636917,2024,11,regular,2024-11-10 00:00:00+00:00,Arizona State,UCF,35,31,False,True,0.75,447.20000000000005,248.0,9.4,32.4,20.9,2.8,29.0,25.8,757.02,746.3,4,66,1,-2.5,55.666666666666664,3.0
401628543,2024,11,regular,2024-11-10 00:00:00+00:00,Oregon,Maryland,39,18,False,True,0.75,880.8,106.0,26.0,40.8,16.3,-3.9,23.3,27.1,916.71,695.59,21,57,1,-24.0,57.833333333333336,3.0
401628413,2024,11,regular,2024-11-10 00:30:00+00:00,LSU,Alabama,13,42,False,True,0.75,618.0,662.6,15.9,36.8,21.7,25.0,37.9,14.6,906.19,1018.28,-29,55,0,2.6666666666666665,58.5,3.0
401628984,2024,11,regular,2024-11-10 00:30:00+00:00,Notre Dame,Florida State,52,3,False,False,0.75,762.0,-183.2,23.9,38.6,14.1,-3.2,20.1,25.3,905.52,879.48,49,55,1,-25.5,44.166666666666664,3.0
401628415,2024,11,regular,2024-11-10 00:45:00+00:00,Missouri,Oklahoma,30,23,False,True,0.75,494.0,389.0,14.0,33.7,18.7,9.5,25.9,17.8,807.36,906.61,7,53,1,3.5,42.0,3.0
401628546,2024,11,regular,2024-11-10 01:00:00+00:00,Penn State,Washington,35,6,False,True,0.75,722.6,332.8,24.6,37.5,13.1,3.1,27.3,22.4,895.31,741.11,29,41,1,-13.5,48.0,3.0
401635610,2024,11,regular,2024-11-10 01:00:00+00:00,Pittsburgh,Virginia,19,24,False,True,0.75,570.6,130.0,4.9,29.3,26.3,-5.1,23.7,29.3,713.74,662.28,-5,43,0,-7.333333333333333,57.333333333333336,3.0
401643752,2024,11,regular,2024-11-10 01:00:00+00:00,Boise State,Nevada,28,21,False,True,0.75,597.8,-217.0,10.1,35.3,24.2,-15.2,21.0,34.2,608.26,525.22,7,49,1,-23.5,61.166666666666664,3.0
401643753,2024,11,regular,2024-11-10 02:00:00+00:00,Hawai'i,UNLV,27,29,False,True,0.75,-15.399999999999991,413.0,-10.9,20.9,30.0,9.3,32.6,24.6,513.7,575.16,-2,56,0,12.666666666666666,50.833333333333336,3.0
401643751,2024,11,regular,2024-11-10 02:45:00+00:00,Air Force,Fresno State,36,28,False,True,0.75,-412.0,143.0,-11.7,17.8,27.5,-3.8,25.1,27.6,0.0,568.31,8,64,1,9.666666666666666,40.5,3.0
401636922,2024,11,regular,2024-11-10 03:15:00+00:00,Utah,BYU,21,22,False,True,0.75,217.0,790.8,7.7,23.6,17.2,15.3,32.0,18.8,745.21,602.46,-1,43,0,3.1666666666666665,40.5,3.0
401643756,2024,11,regular,2024-11-10 03:30:00+00:00,Washington State,Utah State,49,28,False,False,0.75,519.8,-98.0,1.3,34.0,31.1,-10.4,30.2,40.3,610.54,543.56,21,77,1,-20.333333333333332,68.33333333333333,3.0
401644765,2024,12,regular,2024-11-13 00:00:00+00:00,Toledo,Central Michigan,37,10,False,True,0.75,311.20000000000005,-208.2,-2.5,24.5,26.3,-15.8,17.7,34.3,571.92,467.22,27,47,1,-14.833333333333334,52.0,3.0
401644764,2024,12,regular,2024-11-13 00:00:00+00:00,Bowling Green,Western Michigan,31,13,False,True,0.75,229.8,195.4,-1.8,25.6,27.2,-10.2,24.7,36.0,484.51,547.19,18,44,1,-9.5,57.166666666666664,3.0
401644763,2024,12,regular,2024-11-13 00:00:00+00:00,Buffalo,Ball State,51,48,False,True,0.75,231.6,-105.4,-4.0,25.4,30.2,-19.8,21.3,40.8,435.22,464.07,3,99,1,-3.3333333333333335,55.166666666666664,3.0
401644689,2024,12,regular,2024-11-14 00:00:00+00:00,Miami (OH),Kent State,34,7,False,True,0.75,128.8,-504.4,1.3,23.2,23.2,-33.0,12.6,43.8,505.3,435.3,27,41,1,-30.666666666666668,46.833333333333336,3.0
401644767,2024,12,regular,2024-11-14 00:00:00+00:00,Ohio,Eastern Michigan,35,10,False,True,0.75,300.6,81.8,2.3,27.2,23.9,-13.3,20.5,34.3,450.55,508.73,25,45,1,-10.5,51.5,3.0
401644766,2024,12,regular,2024-11-14 00:00:00+00:00,Northern Illinois,Akron,29,16,False,True,0.75,250.60000000000002,-209.4,-3.5,20.0,21.6,-17.9,15.7,34.6,437.2,537.82,13,45,1,-14.166666666666666,43.5,3.0
401645365,2024,12,regular,2024-11-15 00:30:00+00:00,Tulsa,East Carolina,31,38,False,True,0.75,-164.2,91.8,-20.6,21.2,40.3,-1.0,28.5,29.7,556.71,611.66,-7,69,0,16.333333333333332,63.666666666666664,3.0
401643759,2024,12,regular,2024-11-16 01:00:00+00:00,Colorado State,Wyoming,24,10,False,True,0.75,279.0,-277.2,-5.7,24.2,29.2,-13.6,16.3,30.8,546.04,455.45,14,34,1,-8.333333333333334,47.0,3.0
401645366,2024,12,regular,2024-11-16 01:00:00+00:00,UTSA,North Texas,48,27,False,True,0.75,60.599999999999994,211.60000000000002,2.2,32.3,31.5,-4.5,33.3,37.0,644.36,595.42,21,75,1,-1.3333333333333333,72.33333333333333,3.0
401628553,2024,12,regular,2024-11-16 02:00:00+00:00,Washington,UCLA,31,19,False,True,0.75,353.8,304.6,3.1,27.3,22.4,-1.3,21.3,23.3,741.11,758.87,12,50,1,-5.0,47.166666666666664,3.0
401636923,2024,12,regular,2024-11-16 03:15:00+00:00,Arizona,Houston,27,3,False,True,0.75,105.8,251.8,-2.8,24.4,29.0,-8.2,18.1,24.5,672.7,646.7,24,30,1,-1.1666666666666667,46.333333333333336,3.0
401628419,2024,12,regular,2024-11-16 17:00:00+00:00,Arkansas,Texas,10,20,False,True,0.75,510.8,929.0,11.0,31.4,21.7,24.1,36.6,10.8,779.17,953.95,-10,30,0,12.833333333333334,57.166666666666664,3.0
401645370,2024,12,regular,2024-11-16 17:00:00+00:00,Navy,Tulane,0,35,False,True,0.75,454.8,593.6,3.5,29.5,24.4,5.7,32.9,27.1,0.0,654.07,-35,35,0,7.333333333333333,49.166666666666664,3.0
401641013,2024,12,regular,2024-11-16 17:00:00+00:00,Western Kentucky,Louisiana Tech,7,12,False,True,0.75,425.8,-231.2,-2.2,22.1,26.1,-11.6,15.9,26.3,518.88,533.72,-5,19,0,-11.833333333333334,52.5,3.0
401629046,2024,12,regular,2024-11-16 17:00:00+00:00,Massachusetts,Liberty,34,35,False,False,0.75,-286.0,255.0,-21.9,20.5,40.3,0.2,28.2,26.6,585.57,569.65,-1,69,0,16.0,52.5,3.0
401635582,2024,12,regular,2024-11-16 17:00:00+00:00,Pittsburgh,Clemson,20,24,False,True,0.75,495.6,578.8,4.9,29.3,26.3,13.3,35.4,20.9,713.74,924.63,-4,44,0,12.0,51.833333333333336,3.0
401628550,2024,12,regular,2024-11-16 17:00:00+00:00,Northwestern,Ohio State,7,31,True,True,0.75,154.60000000000002,743.0,-8.2,17.5,24.3,31.2,39.5,9.2,675.78,998.62,-24,38,0,28.666666666666668,44.166666666666664,3.0
401636925,2024,12,regular,2024-11-16 17:00:00+00:00,Colorado,Utah,49,24,False,True,0.75,574.2,226.0,8.1,33.3,23.5,7.7,23.6,17.2,749.16,745.21,25,73,1,-13.5,43.333333333333336,3.0
401628426,2024,12,regular,2024-11-16 17:45:00+00:00,Auburn,UL Monroe,48,14,False,False,0.75,86.80000000000001,184.6,9.5,27.9,17.8,-16.7,16.9,32.5,833.61,329.43,34,62,1,-24.833333333333332,45.833333333333336,3.0
401643832,2024,12,regular,2024-11-16 18:00:00+00:00,Marshall,Coastal Carolina,31,19,False,True,0.75,318.8,7.6000000000000085,3.1,29.6,26.9,-6.9,25.5,33.4,587.22,557.61,12,50,1,-7.5,56.833333333333336,3.0
401628422,2024,12,regular,2024-11-16 18:30:00+00:00,Kentucky,Murray State,48,6,False,False,0.75,217.0,-11.0,5.5,24.5,20.9,,,,788.36,,42,54,1,-41.5,54.5,2.0
401628425,2024,12,regular,2024-11-16 19:00:00+00:00,Alabama,Mercer,52,7,False,False,0.75,822.6,0.0,25.0,37.9,14.6,,,,1018.28,,45,59,1,-42.25,58.5,2.0
401645369,2024,12,regular,2024-11-16 19:00:00+00:00,Temple,Florida Atlantic,18,15,False,True,0.75,-217.8,-273.6,-20.3,17.3,37.8,-12.7,20.8,32.1,532.46,592.16,3,33,1,-2.1666666666666665,50.333333333333336,3.0
401640986,2024,12,regular,2024-11-16 19:00:00+00:00,Jacksonville State,Florida International,34,31,False,True,0.75,231.8,-83.2,-1.0,28.8,28.3,-12.1,20.5,31.3,430.94,504.39,3,65,1,-12.5,58.5,3.0
401628547,2024,12,regular,2024-11-16 19:30:00+00:00,Illinois,Michigan State,38,16,False,True,0.75,553.0,299.6,9.6,29.0,20.9,-4.6,18.0,24.1,653.75,721.75,22,54,1,-1.8333333333333333,47.666666666666664,3.0
401635581,2024,12,regular,2024-11-16 20:00:00+00:00,California,Syracuse,25,33,False,True,0.75,286.8,455.6,4.0,27.4,22.9,5.5,35.8,28.9,702.38,698.59,-8,58,0,-10.333333333333334,57.5,3.0
401643760,2024,12,regular,2024-11-16 20:00:00+00:00,Utah State,Hawai'i,55,10,False,True,0.75,-105.0,-40.39999999999999,-10.4,30.2,40.3,-10.9,20.9,30.0,543.56,513.7,45,65,1,2.5,61.833333333333336,3.0
401641022,2024,12,regular,2024-11-16 20:00:00+00:00,Kennesaw State,Sam Houston,17,23,False,True,0.75,-510.4,373.8,-25.1,10.2,35.1,-6.9,19.0,23.8,288.14,488.03,-6,40,0,20.833333333333332,43.166666666666664,3.0
401635580,2024,12,regular,2024-11-16 20:30:00+00:00,SMU,Boston College,38,28,False,True,0.75,729.8,268.8,17.5,38.2,21.1,1.2,28.0,24.7,788.22,667.91,10,66,1,-19.166666666666668,54.0,3.0
401635517,2024,12,regular,2024-11-16 20:30:00+00:00,Stanford,Louisville,38,35,False,True,0.75,-54.39999999999999,569.8,-8.2,24.4,34.1,13.6,37.7,22.9,719.43,739.28,3,73,1,20.833333333333332,57.833333333333336,3.0
401628552,2024,12,regular,2024-11-16 20:30:00+00:00,Purdue,Penn State,10,49,False,True,0.75,-221.2,818.6,-16.2,19.2,33.6,24.6,37.5,13.1,738.93,895.31,-39,59,0,30.166666666666668,51.5,3.0
401628420,2024,12,regular,2024-11-16 20:30:00+00:00,Florida,LSU,27,16,False,True,0.75,393.8,613.0,13.8,31.7,20.0,15.9,36.8,21.7,894.24,906.19,11,43,1,2.8333333333333335,56.333333333333336,3.0
401645368,2024,12,regular,2024-11-16 20:30:00+00:00,Charlotte,South Florida,24,59,False,True,0.75,-38.2,119.8,-15.3,21.4,37.6,-2.3,29.5,33.4,648.28,641.02,-35,83,0,-1.5,53.5,3.0
401643757,2024,12,regular,2024-11-16 20:30:00+00:00,Air Force,Oregon State,28,0,False,False,0.75,-332.0,-17.200000000000003,-11.7,17.8,27.5,-6.7,26.1,32.7,0.0,626.97,28,28,1,2.6666666666666665,44.5,3.0
401628985,2024,12,regular,2024-11-16 20:30:00+00:00,Notre Dame,Virginia,35,14,False,False,0.75,858.0,252.0,23.9,38.6,14.1,-5.1,23.7,29.3,905.52,662.28,21,49,1,-21.166666666666668,51.166666666666664,3.0
401643833,2024,12,regular,2024-11-16 21:00:00+00:00,Old Dominion,James Madison,32,35,False,True,0.75,128.8,342.6,-6.0,25.7,31.3,7.5,29.7,22.9,428.91,459.14,-3,67,0,1.8333333333333333,50.666666666666664,3.0
401643830,2024,12,regular,2024-11-16 21:00:00+00:00,Georgia Southern,Troy,20,28,False,True,0.75,381.8,-262.2,-1.7,26.5,30.1,-6.6,24.1,30.1,527.99,499.56,-8,48,0,-7.166666666666667,53.666666666666664,3.0
401636929,2024,12,regular,2024-11-16 21:00:00+00:00,West Virginia,Baylor,35,49,False,True,0.75,382.20000000000005,410.8,2.1,30.1,29.7,8.4,33.5,26.2,684.9,709.46,-14,84,0,2.0,59.166666666666664,3.0
401628549,2024,12,regular,2024-11-16 21:00:00+00:00,USC,Nebraska,28,20,False,True,0.75,344.6,353.0,11.9,35.6,24.0,5.5,23.1,15.8,863.09,790.42,8,48,1,-6.5,50.666666666666664,3.0
401628423,2024,12,regular,2024-11-16 21:15:00+00:00,South Carolina,Missouri,34,30,False,True,0.75,663.8,594.0,16.9,32.1,16.0,14.0,33.7,18.7,798.18,807.36,4,64,1,-10.5,42.666666666666664,3.0
401643831,2024,12,regular,2024-11-16 22:00:00+00:00,Georgia State,Arkansas State,20,27,False,True,0.75,-290.8,175.6,-17.9,21.0,37.4,-9.9,24.6,35.2,564.88,573.27,-7,47,0,-2.6666666666666665,59.333333333333336,3.0
401628548,2024,12,regular,2024-11-16 23:00:00+00:00,Maryland,Rutgers,17,31,False,True,0.75,137.0,239.8,-3.9,23.3,27.1,6.4,28.5,22.8,695.59,663.55,-14,48,0,-4.5,54.5,2.0
401636927,2024,12,regular,2024-11-17 00:00:00+00:00,Kansas State,Arizona State,14,24,False,True,0.75,635.6,527.2,14.1,33.0,20.4,9.4,32.4,20.9,651.75,757.02,-10,38,0,-7.5,51.5,3.0
401643834,2024,12,regular,2024-11-17 00:00:00+00:00,Louisiana,South Alabama,22,24,False,True,0.75,484.8,28.799999999999997,4.8,31.5,27.8,2.8,29.9,26.9,553.39,554.77,-2,46,0,-6.5,60.166666666666664,3.0
401643758,2024,12,regular,2024-11-17 00:00:00+00:00,San José State,Boise State,21,42,False,True,0.75,204.6,647.8,-5.5,26.1,30.1,10.1,35.3,24.2,480.29,608.26,-21,63,0,14.333333333333334,62.0,3.0
401643835,2024,12,regular,2024-11-17 00:00:00+00:00,Texas State,Southern Miss,58,3,False,True,0.75,95.0,-523.6,5.4,34.2,28.4,-25.6,14.4,39.4,540.17,565.51,55,61,1,-27.5,56.166666666666664,3.0
401628421,2024,12,regular,2024-11-17 00:30:00+00:00,Georgia,Tennessee,31,17,False,True,0.75,986.8,885.0,24.3,37.3,14.9,22.0,33.7,13.5,1006.89,858.67,14,48,1,-8.5,46.833333333333336,3.0
401628551,2024,12,regular,2024-11-17 00:30:00+00:00,Wisconsin,Oregon,13,16,False,True,0.75,386.8,976.8,3.0,23.0,19.8,26.0,40.8,16.3,771.35,916.71,-3,29,0,13.5,49.833333333333336,3.0
401628424,2024,12,regular,2024-11-17 00:45:00+00:00,Texas A&M,New Mexico State,38,3,False,False,0.75,838.8,-441.4,17.0,34.0,18.6,-19.0,17.8,38.1,914.52,370.2,35,41,1,-38.833333333333336,54.333333333333336,3.0
401645367,2024,12,regular,2024-11-17 01:00:00+00:00,Memphis,UAB,53,18,False,True,0.75,502.4,-262.2,9.6,36.7,28.2,-11.3,25.9,38.0,633.44,583.23,35,71,1,-16.666666666666668,61.833333333333336,3.0
401635583,2024,12,regular,2024-11-17 01:00:00+00:00,North Carolina,Wake Forest,31,24,False,True,0.75,185.60000000000002,112.60000000000002,5.0,31.5,26.3,-5.7,25.8,31.8,794.99,635.45,7,55,1,-10.333333333333334,64.33333333333333,3.0
401636926,2024,12,regular,2024-11-17 01:00:00+00:00,Iowa State,Cincinnati,34,17,False,True,0.75,522.8,285.40000000000003,10.3,30.8,20.2,-0.1,25.6,25.0,642.12,662.34,17,51,1,-7.166666666666667,52.5,3.0
401643761,2024,12,regular,2024-11-17 02:30:00+00:00,New Mexico,Washington State,38,35,False,False,0.75,-149.2,579.8,-14.8,27.6,40.5,1.3,34.0,31.1,464.59,610.54,3,73,1,10.833333333333334,72.0,3.0
401636924,2024,12,regular,2024-11-17 03:15:00+00:00,BYU,Kansas,13,17,False,True,0.75,906.8,252.8,15.3,32.0,18.8,4.9,32.4,26.5,602.46,696.92,-4,30,0,-2.5,55.833333333333336,3.0
401643762,2024,12,regular,2024-11-17 03:30:00+00:00,UNLV,San Diego State,41,20,False,True,0.75,471.0,-183.2,9.3,32.6,24.6,-15.4,17.7,32.1,575.16,608.95,21,61,1,-21.0,55.0,3.0
401644769,2024,13,regular,2024-11-20 00:00:00+00:00,Kent State,Akron,17,38,False,True,0.75,-561.6,-266.6,-33.0,12.6,43.8,-17.9,15.7,34.6,435.3,537.82,-21,55,0,10.5,48.833333333333336,3.0
401644770,2024,13,regular,2024-11-20 00:30:00+00:00,Central Michigan,Western Michigan,16,14,False,True,0.75,-265.4,138.2,-15.8,17.7,34.3,-10.2,24.7,36.0,467.22,547.19,2,30,1,5.833333333333333,55.5,3.0
401644690,2024,13,regular,2024-11-20 01:00:00+00:00,Miami (OH),Northern Illinois,20,9,False,True,0.75,188.8,310.6,1.3,23.2,23.2,-3.5,20.0,21.6,505.3,437.2,11,29,1,-1.8333333333333333,42.833333333333336,3.0
401644772,2024,13,regular,2024-11-21 00:00:00+00:00,Eastern Michigan,Buffalo,20,37,False,True,0.75,24.599999999999994,281.6,-13.3,20.5,34.3,-4.0,25.4,30.2,508.73,435.22,-17,57,0,-1.1666666666666667,52.666666666666664,3.0
401644773,2024,13,regular,2024-11-21 00:00:00+00:00,Toledo,Ohio,7,24,False,True,0.75,371.20000000000005,360.6,-2.5,24.5,26.3,2.3,27.2,23.9,571.92,450.55,-17,31,0,-0.8333333333333334,45.833333333333336,3.0
401634772,2024,13,regular,2024-11-22 00:30:00+00:00,Georgia Tech,NC State,30,29,False,True,0.75,518.6,149.8,1.9,31.1,27.9,3.9,29.9,26.5,703.0,722.41,1,59,1,-7.833333333333333,51.0,3.0
401645374,2024,13,regular,2024-11-23 00:00:00+00:00,UTSA,Temple,51,27,False,True,0.75,156.6,-167.8,2.2,32.3,31.5,-20.3,17.3,37.8,644.36,532.46,24,78,1,-16.833333333333332,55.833333333333336,3.0
401628558,2024,13,regular,2024-11-23 01:00:00+00:00,Michigan State,Purdue,24,17,False,True,0.75,280.6,-212.2,-4.6,18.0,24.1,-16.2,19.2,33.6,721.75,738.93,7,41,1,-14.166666666666666,49.166666666666664,3.0
401643767,2024,13,regular,2024-11-23 03:00:00+00:00,San José State,UNLV,16,27,False,True,0.75,195.6,531.0,-5.5,26.1,30.1,9.3,32.6,24.6,480.29,575.16,-11,43,0,7.5,59.666666666666664,3.0
401635518,2024,13,regular,2024-11-23 17:00:00+00:00,Syracuse,UConn,31,24,False,False,0.75,548.4,254.6,5.5,35.8,28.9,1.5,26.9,25.7,698.59,537.91,7,55,1,-9.833333333333334,53.666666666666664,3.0
401641005,2024,13,regular,2024-11-23 17:00:00+00:00,Jacksonville State,Sam Houston,21,11,False,True,0.75,281.8,431.8,-1.0,28.8,28.3,-6.9,19.0,23.8,430.94,488.03,10,32,1,-5.333333333333333,57.333333333333336,3.0
401635618,2024,13,regular,2024-11-23 17:00:00+00:00,Miami,Wake Forest,42,14,False,True,0.75,828.4,75.40000000000002,21.6,44.2,24.3,-5.7,25.8,31.8,868.15,635.45,28,56,1,-23.5,66.66666666666667,3.0
401635619,2024,13,regular,2024-11-23 17:00:00+00:00,Virginia,SMU,7,33,False,True,0.75,269.0,825.8,-5.1,23.7,29.3,17.5,38.2,21.1,662.28,788.22,-26,40,0,10.833333333333334,54.166666666666664,3.0
401635612,2024,13,regular,2024-11-23 17:00:00+00:00,Boston College,North Carolina,41,21,False,True,0.75,273.8,235.60000000000002,1.2,28.0,24.7,5.0,31.5,26.3,667.91,794.99,20,62,1,2.1666666666666665,50.666666666666664,3.0
401628554,2024,13,regular,2024-11-23 17:00:00+00:00,Rutgers,Illinois,31,38,False,True,0.75,348.6,613.0,6.4,28.5,22.8,9.6,29.0,20.9,663.55,653.75,-7,69,0,-2.25,47.75,2.0
401628556,2024,13,regular,2024-11-23 17:00:00+00:00,Maryland,Iowa,13,29,False,True,0.75,67.0,375.8,-3.9,23.3,27.1,15.8,27.0,13.3,695.59,723.51,-16,42,0,4.166666666666667,40.666666666666664,3.0
401628555,2024,13,regular,2024-11-23 17:00:00+00:00,Ohio State,Indiana,38,15,False,True,0.75,833.0,834.8,31.2,39.5,9.2,20.1,35.0,16.4,998.62,668.92,23,53,1,-10.5,52.166666666666664,3.0
401628429,2024,13,regular,2024-11-23 17:00:00+00:00,Florida,Ole Miss,24,17,False,True,0.75,523.8,811.0,13.8,31.7,20.0,27.9,37.7,11.9,894.24,801.66,7,41,1,13.0,56.833333333333336,3.0
401628430,2024,13,regular,2024-11-23 17:45:00+00:00,Georgia,Massachusetts,59,21,False,False,0.75,1146.8,-336.0,24.3,37.3,14.9,-21.9,20.5,40.3,1006.89,585.57,38,80,1,-42.333333333333336,55.5,3.0
401640996,2024,13,regular,2024-11-23 18:00:00+00:00,Liberty,Western Kentucky,38,21,False,True,0.75,313.0,350.8,0.2,28.2,26.6,-2.2,22.1,26.1,569.65,518.88,17,59,1,-1.1666666666666667,55.833333333333336,3.0
401628435,2024,13,regular,2024-11-23 18:00:00+00:00,Tennessee,UTEP,56,0,False,False,0.75,896.0,-490.6,22.0,33.7,13.5,-22.7,13.7,34.2,858.67,455.97,56,56,1,-41.5,53.833333333333336,3.0
401635616,2024,13,regular,2024-11-23 18:30:00+00:00,Florida State,Charleston Southern,41,7,False,False,0.75,-170.2,0.0,-3.2,20.1,25.3,,,,879.48,,34,48,1,-33.25,44.5,2.0
401645373,2024,13,regular,2024-11-23 19:00:00+00:00,UAB,Rice,40,14,False,True,0.75,-281.2,-163.4,-11.3,25.9,38.0,-11.4,20.5,30.4,583.23,538.4,26,54,1,6.833333333333333,52.25,3.0
401644774,2024,13,regular,2024-11-23 19:00:00+00:00,Ball State,Bowling Green,13,38,False,True,0.75,-142.60000000000002,289.8,-19.8,21.3,40.8,-1.8,25.6,27.2,464.07,484.51,-25,51,0,12.5,54.5,3.0
401641027,2024,13,regular,2024-11-23 19:30:00+00:00,Middle Tennessee,New Mexico State,21,36,False,True,0.75,-204.2,-438.4,-24.4,13.7,37.3,-19.0,17.8,38.1,503.43,370.2,-15,57,0,-3.3333333333333335,53.5,3.0
401643836,2024,13,regular,2024-11-23 19:30:00+00:00,App State,James Madison,34,20,False,True,0.75,-45.599999999999994,400.6,-8.1,27.2,33.6,7.5,29.7,22.9,575.31,459.14,14,54,1,7.0,57.166666666666664,3.0
401643839,2024,13,regular,2024-11-23 20:00:00+00:00,Arkansas State,UL Monroe,28,21,False,True,0.75,233.6,165.6,-9.9,24.6,35.2,-16.7,16.9,32.5,573.27,329.43,7,49,1,-2.8333333333333335,51.5,3.0
401645371,2024,13,regular,2024-11-23 20:00:00+00:00,Florida Atlantic,Charlotte,27,39,False,True,0.75,-340.6,-108.2,-12.7,20.8,32.1,-15.3,21.4,37.6,592.16,648.28,-12,66,0,3.1666666666666665,49.5,3.0
401640987,2024,13,regular,2024-11-23 20:00:00+00:00,Kennesaw State,Florida International,27,26,False,True,0.75,-585.4,-120.4,-25.1,10.2,35.1,-12.1,20.5,31.3,288.14,504.39,1,53,1,8.833333333333334,42.0,3.0
401636935,2024,13,regular,2024-11-23 20:00:00+00:00,TCU,Arizona,49,28,False,True,0.75,371.0,165.8,10.8,34.6,22.8,-2.8,24.4,29.0,766.5,672.7,21,77,1,-10.666666666666666,60.166666666666664,3.0
401643841,2024,13,regular,2024-11-23 20:00:00+00:00,Southern Miss,South Alabama,14,35,False,True,0.75,-580.8,121.60000000000001,-25.6,14.4,39.4,2.8,29.9,26.9,565.51,554.77,-21,49,0,24.166666666666668,54.166666666666664,3.0
401636937,2024,13,regular,2024-11-23 20:30:00+00:00,West Virginia,UCF,31,21,False,True,0.75,347.20000000000005,239.0,2.1,30.1,29.7,2.8,29.0,25.8,684.9,746.3,10,52,1,3.1666666666666665,60.333333333333336,3.0
401628436,2024,13,regular,2024-11-23 20:30:00+00:00,Texas,Kentucky,31,14,False,True,0.75,1065.0,277.0,24.1,36.6,10.8,5.5,24.5,20.9,953.95,788.36,17,45,1,-18.666666666666668,46.833333333333336,3.0
401645372,2024,13,regular,2024-11-23 20:30:00+00:00,North Texas,East Carolina,28,40,False,True,0.75,154.4,149.8,-4.5,33.3,37.0,-1.0,28.5,29.7,595.42,611.66,-12,68,0,-2.5,73.83333333333333,3.0
401645375,2024,13,regular,2024-11-23 20:30:00+00:00,South Florida,Tulsa,63,30,False,True,0.75,187.8,-214.2,-2.3,29.5,33.4,-20.6,21.2,40.3,641.02,556.71,33,93,1,-16.0,60.166666666666664,3.0
401635613,2024,13,regular,2024-11-23 20:30:00+00:00,California,Stanford,24,21,False,True,0.75,236.8,53.60000000000001,4.0,27.4,22.9,-8.2,24.4,34.1,702.38,719.43,3,45,1,-15.0,53.166666666666664,3.0
401636934,2024,13,regular,2024-11-23 20:30:00+00:00,Oklahoma State,Texas Tech,48,56,False,True,0.75,92.0,438.6,-2.6,29.4,31.7,4.3,33.5,30.8,687.76,732.07,-8,104,0,4.833333333333333,63.5,3.0
401636932,2024,13,regular,2024-11-23 20:30:00+00:00,Kansas,Colorado,37,21,True,True,0.75,406.8,694.2,4.9,32.4,26.5,8.1,33.3,23.5,696.92,749.16,16,58,1,1.8333333333333333,59.333333333333336,3.0
401636930,2024,13,regular,2024-11-23 20:30:00+00:00,Arizona State,BYU,28,23,False,True,0.75,675.2,856.8,9.4,32.4,20.9,15.3,32.0,18.8,757.02,602.46,5,51,1,-3.5,48.666666666666664,3.0
401635614,2024,13,regular,2024-11-23 20:30:00+00:00,Clemson,The Citadel,51,14,False,False,0.75,671.6,0.0,13.3,35.4,20.9,,,,924.63,,37,65,1,-49.0,58.5,2.0
401628560,2024,13,regular,2024-11-23 20:30:00+00:00,Nebraska,Wisconsin,44,25,False,True,0.75,344.0,411.8,5.5,23.1,15.8,3.0,23.0,19.8,790.42,771.35,19,69,1,-1.3333333333333333,40.5,3.0
401628559,2024,13,regular,2024-11-23 20:30:00+00:00,Minnesota,Penn State,25,26,False,True,0.75,455.6,886.6,10.4,25.6,15.4,24.6,37.5,13.1,705.22,895.31,-1,51,0,11.166666666666666,45.166666666666664,3.0
401628557,2024,13,regular,2024-11-23 20:30:00+00:00,Michigan,Northwestern,50,6,False,True,0.75,420.8,191.60000000000002,10.6,24.1,15.1,-8.2,17.5,24.3,859.21,675.78,44,56,1,-10.5,35.0,3.0
401643837,2024,13,regular,2024-11-23 20:30:00+00:00,Coastal Carolina,Georgia Southern,6,26,False,True,0.75,-49.599999999999994,306.8,-6.9,25.5,33.4,-1.7,26.5,30.1,557.61,527.99,-20,32,0,-1.8333333333333333,59.333333333333336,3.0
401643766,2024,13,regular,2024-11-23 20:30:00+00:00,Utah State,San Diego State,41,20,False,True,0.75,-45.0,-202.2,-10.4,30.2,40.3,-15.4,17.7,32.1,543.56,608.95,21,61,1,-4.833333333333333,59.833333333333336,3.0
401635617,2024,13,regular,2024-11-23 21:00:00+00:00,Louisville,Pittsburgh,37,9,False,True,0.75,502.8,488.6,13.6,37.7,22.9,4.9,29.3,26.3,739.28,713.74,28,46,1,-7.333333333333333,57.333333333333336,3.0
401628427,2024,13,regular,2024-11-23 21:00:00+00:00,Arkansas,Louisiana Tech,35,14,False,False,0.75,521.8,-138.39999999999998,11.0,31.4,21.7,-11.6,15.9,26.3,779.17,533.72,21,49,1,-23.5,48.5,3.0
401628434,2024,13,regular,2024-11-23 21:00:00+00:00,South Carolina,Wofford,56,12,False,False,0.75,767.8,0.0,16.9,32.1,16.0,,,,798.18,,44,68,1,-42.5,49.5,2.0
401628432,2024,13,regular,2024-11-23 21:15:00+00:00,Mississippi State,Missouri,20,39,False,True,0.75,33.0,591.0,-4.1,25.5,31.2,14.0,33.7,18.7,743.77,807.36,-19,59,0,9.5,57.666666666666664,3.0
401643840,2024,13,regular,2024-11-23 22:00:00+00:00,Louisiana,Troy,51,30,False,True,0.75,434.8,-169.39999999999998,4.8,31.5,27.8,-6.6,24.1,30.1,553.39,499.56,21,81,1,-7.5,51.5,3.0
401628572,2024,13,regular,2024-11-24 00:00:00+00:00,Oregon State,Washington State,41,38,False,True,0.75,-114.2,512.8,-6.7,26.1,32.7,1.3,34.0,31.1,626.97,610.54,3,79,1,10.833333333333334,56.333333333333336,3.0
401643842,2024,13,regular,2024-11-24 00:00:00+00:00,Texas State,Georgia State,44,52,False,True,0.75,155.0,-365.8,5.4,34.2,28.4,-17.9,21.0,37.4,540.17,564.88,-8,96,0,-22.833333333333332,59.5,3.0
401636931,2024,13,regular,2024-11-24 00:00:00+00:00,Houston,Baylor,10,20,False,True,0.75,194.6,519.6,-8.2,18.1,24.5,8.4,33.5,26.2,646.7,709.46,-10,30,0,6.833333333333333,50.833333333333336,3.0
401643764,2024,13,regular,2024-11-24 00:00:00+00:00,Wyoming,Boise State,13,17,False,True,0.75,-374.2,715.8,-13.6,16.3,30.8,10.1,35.3,24.2,455.45,608.26,-4,30,0,23.166666666666668,54.166666666666664,3.0
401640959,2024,13,regular,2024-11-24 00:00:00+00:00,Notre Dame,Army,49,14,True,False,0.75,918.0,648.8,23.9,38.6,14.1,9.2,31.1,21.7,905.52,0.0,35,63,1,-14.5,44.5,3.0
401643838,2024,13,regular,2024-11-24 00:30:00+00:00,Old Dominion,Marshall,35,42,False,True,0.75,78.80000000000001,378.8,-6.0,25.7,31.3,3.1,29.6,26.9,428.91,587.22,-7,77,0,-2.8333333333333335,51.333333333333336,3.0
401628428,2024,13,regular,2024-11-24 00:30:00+00:00,Auburn,Texas A&M,43,41,False,True,0.75,146.8,898.8,9.5,27.9,17.8,17.0,34.0,18.6,833.61,914.52,2,84,1,2.5,47.166666666666664,3.0
401628433,2024,13,regular,2024-11-24 00:30:00+00:00,Oklahoma,Alabama,24,3,False,True,0.75,380.0,882.6,9.5,25.9,17.8,25.0,37.9,14.6,906.61,1018.28,21,27,1,14.0,46.666666666666664,3.0
401636936,2024,13,regular,2024-11-24 00:30:00+00:00,Utah,Iowa State,28,31,False,True,0.75,223.0,618.8,7.7,23.6,17.2,10.3,30.8,20.2,745.21,642.12,-3,59,0,5.5,42.5,3.0
401628431,2024,13,regular,2024-11-24 00:45:00+00:00,LSU,Vanderbilt,24,17,False,True,0.75,594.0,542.8,15.9,36.8,21.7,4.9,28.2,25.4,906.19,695.96,7,41,1,-9.666666666666666,52.666666666666664,3.0
401635615,2024,13,regular,2024-11-24 01:00:00+00:00,Duke,Virginia Tech,31,28,False,True,0.75,500.6,307.6,5.6,26.7,21.3,10.0,31.3,22.4,635.89,695.42,3,59,1,2.5,45.666666666666664,3.0
401636933,2024,13,regular,2024-11-24 01:00:00+00:00,Kansas State,Cincinnati,41,15,False,True,0.75,600.6,266.40000000000003,14.1,33.0,20.4,-0.1,25.6,25.0,651.75,662.34,26,56,1,-7.5,54.5,3.0
401643763,2024,13,regular,2024-11-24 03:30:00+00:00,Nevada,Air Force,19,22,False,True,0.75,-198.0,-272.0,-15.2,21.0,34.2,-11.7,17.8,27.5,525.22,0.0,-3,41,0,-2.6666666666666665,44.666666666666664,3.0
401643765,2024,13,regular,2024-11-24 03:30:00+00:00,Fresno State,Colorado State,28,22,False,True,0.75,76.0,339.0,-3.8,25.1,27.6,-5.7,24.2,29.2,568.31,546.04,6,50,1,-3.3333333333333335,43.166666666666664,3.0
401628561,2024,13,regular,2024-11-24 03:30:00+00:00,UCLA,USC,13,19,False,True,0.75,247.40000000000003,424.6,-1.3,21.3,23.3,11.9,35.6,24.0,758.87,863.09,-6,32,0,4.666666666666667,52.666666666666664,3.0
401644776,2024,14,regular,2024-11-27 00:00:00+00:00,Buffalo,Kent State,43,7,False,True,0.75,349.6,-666.6,-4.0,25.4,30.2,-33.0,12.6,43.8,435.22,435.3,36,50,1,-23.666666666666668,50.5,3.0
401644775,2024,14,regular,2024-11-27 00:00:00+00:00,Akron,Toledo,21,14,False,True,0.75,-198.60000000000002,301.20000000000005,-17.9,15.7,34.6,-2.5,24.5,26.3,537.82,571.92,7,35,1,9.333333333333334,49.666666666666664,3.0
401645376,2024,14,regular,2024-11-29 00:30:00+00:00,Tulane,Memphis,24,34,False,True,0.75,702.4000000000001,562.4,5.7,32.9,27.1,9.6,36.7,28.2,654.07,633.44,-10,58,0,-12.833333333333334,54.333333333333336,3.0
401628568,2024,14,regular,2024-11-29 17:00:00+00:00,Wisconsin,Minnesota,7,24,False,True,0.75,354.6,474.6,3.0,23.0,19.8,10.4,25.6,15.4,771.35,705.22,-17,31,0,1.5,40.666666666666664,3.0
401643769,2024,14,regular,2024-11-29 17:00:00+00:00,Boise State,Oregon State,34,18,False,False,0.75,773.8,-12.200000000000003,10.1,35.3,24.2,-6.7,26.1,32.7,608.26,626.97,16,52,1,-17.666666666666668,58.0,3.0
401645379,2024,14,regular,2024-11-29 17:00:00+00:00,East Carolina,Navy,20,34,False,True,0.75,258.6,421.8,-1.0,28.5,29.7,3.5,29.5,24.4,611.66,0.0,-14,54,0,-2.75,53.666666666666664,3.0
401644777,2024,14,regular,2024-11-29 17:00:00+00:00,Ohio,Ball State,42,21,False,True,0.75,469.4,-212.60000000000002,2.3,27.2,23.9,-19.8,21.3,40.8,450.55,464.07,21,63,1,-17.666666666666668,51.833333333333336,3.0
401644691,2024,14,regular,2024-11-29 17:00:00+00:00,Bowling Green,Miami (OH),12,28,False,True,0.75,357.8,284.8,-1.8,25.6,27.2,1.3,23.2,23.2,484.51,505.3,-16,40,0,-2.8333333333333335,38.333333333333336,3.0
401636938,2024,14,regular,2024-11-29 17:00:00+00:00,Colorado,Oklahoma State,52,0,False,True,0.75,624.2,42.0,8.1,33.3,23.5,-2.6,29.4,31.7,749.16,687.76,52,52,1,-15.333333333333334,66.5,3.0
401628442,2024,14,regular,2024-11-29 20:30:00+00:00,Ole Miss,Mississippi State,26,14,False,True,0.75,802.0,-2.0,27.9,37.7,11.9,-4.1,25.5,31.2,801.66,743.77,12,40,1,-26.166666666666668,63.0,3.0
401640997,2024,14,regular,2024-11-29 20:30:00+00:00,Sam Houston,Liberty,20,18,False,True,0.75,374.6,409.0,-6.9,19.0,23.8,0.2,28.2,26.6,488.03,569.65,2,38,1,2.3333333333333335,47.666666666666664,3.0
401643770,2024,14,regular,2024-11-29 20:30:00+00:00,Colorado State,Utah State,42,37,False,True,0.75,301.8,15.0,-5.7,24.2,29.2,-10.4,30.2,40.3,546.04,543.56,5,79,1,-5.333333333333333,57.333333333333336,3.0
401643843,2024,14,regular,2024-11-29 20:30:00+00:00,South Alabama,Texas State,38,45,False,True,0.75,189.60000000000002,80.0,2.8,29.9,26.9,5.4,34.2,28.4,554.77,540.17,-7,83,0,2.1666666666666665,60.833333333333336,3.0
401635625,2024,14,regular,2024-11-29 21:00:00+00:00,San José State,Stanford,34,31,False,False,0.75,166.6,16.400000000000006,-5.5,26.1,30.1,-8.2,24.4,34.1,480.29,719.43,3,65,1,-2.5,54.5,3.0
401628562,2024,14,regular,2024-11-30 00:30:00+00:00,Iowa,Nebraska,13,10,False,True,0.75,484.6,440.0,15.8,27.0,13.3,5.5,23.1,15.8,723.51,790.42,3,23,1,-3.1666666666666665,41.333333333333336,3.0
401628439,2024,14,regular,2024-11-30 00:30:00+00:00,Georgia,Georgia Tech,44,42,False,False,0.75,1206.8,598.6,24.3,37.3,14.9,1.9,31.1,27.9,1006.89,703.0,2,86,1,-17.333333333333332,49.0,3.0
401636939,2024,14,regular,2024-11-30 01:00:00+00:00,UCF,Utah,14,28,False,True,0.75,181.8,206.0,2.8,29.0,25.8,7.7,23.6,17.2,746.3,745.21,-14,42,0,-9.833333333333334,46.166666666666664,3.0
401628444,2024,14,regular,2024-11-30 17:00:00+00:00,Clemson,South Carolina,14,17,False,False,0.75,731.6,827.8,13.3,35.4,20.9,16.9,32.1,16.0,924.63,798.18,-3,31,0,-2.6666666666666665,49.0,3.0
401645378,2024,14,regular,2024-11-30 17:00:00+00:00,Army,UTSA,29,24,False,True,0.75,673.8,216.6,9.2,31.1,21.7,2.2,32.3,31.5,0.0,644.36,5,53,1,-6.333333333333333,53.166666666666664,3.0
401636945,2024,14,regular,2024-11-30 17:00:00+00:00,Texas Tech,West Virginia,52,15,False,True,0.75,531.4,443.20000000000005,4.3,33.5,30.8,2.1,30.1,29.7,732.07,684.9,37,67,1,-2.6666666666666665,62.833333333333336,3.0
401628563,2024,14,regular,2024-11-30 17:00:00+00:00,Northwestern,Illinois,28,38,True,True,0.75,172.60000000000002,705.8,-8.2,17.5,24.3,9.6,29.0,20.9,675.78,653.75,-10,66,0,8.833333333333334,43.166666666666664,3.0
401645381,2024,14,regular,2024-11-30 17:00:00+00:00,Temple,North Texas,17,24,False,True,0.75,-225.0,84.4,-20.3,17.3,37.8,-4.5,33.3,37.0,532.46,595.42,-7,41,0,11.166666666666666,63.333333333333336,3.0
401643848,2024,14,regular,2024-11-30 17:00:00+00:00,UL Monroe,Louisiana,23,37,False,True,0.75,98.6,494.8,-16.7,16.9,32.5,4.8,31.5,27.8,329.43,553.39,-14,60,0,9.0,50.0,3.0
401636941,2024,14,regular,2024-11-30 17:00:00+00:00,Baylor,Kansas,45,17,False,True,0.75,587.6,616.8,8.4,33.5,26.2,4.9,32.4,26.5,709.46,696.92,28,62,1,1.0,62.166666666666664,3.0
401628440,2024,14,regular,2024-11-30 17:00:00+00:00,Kentucky,Louisville,14,41,False,False,0.75,304.0,598.8,5.5,24.5,20.9,13.6,37.7,22.9,788.36,739.28,-27,55,0,4.0,49.333333333333336,3.0
401628446,2024,14,regular,2024-11-30 17:00:00+00:00,Vanderbilt,Tennessee,23,36,False,True,0.75,533.8,956.0,4.9,28.2,25.4,22.0,33.7,13.5,695.96,858.67,-13,59,0,9.833333333333334,46.5,3.0
401628566,2024,14,regular,2024-11-30 17:00:00+00:00,Ohio State,Michigan,10,13,False,True,0.75,995.0,480.8,31.2,39.5,9.2,10.6,24.1,15.1,998.62,859.21,-3,23,0,-20.0,41.666666666666664,3.0
401635622,2024,14,regular,2024-11-30 17:00:00+00:00,Wake Forest,Duke,17,23,False,True,0.75,86.40000000000002,600.6,-5.7,25.8,31.8,5.6,26.7,21.3,635.45,635.89,-6,40,0,3.5,53.166666666666664,3.0
401629038,2024,14,regular,2024-11-30 17:00:00+00:00,Massachusetts,UConn,42,47,False,True,0.75,-319.0,217.39999999999998,-21.9,20.5,40.3,1.5,26.9,25.7,585.57,537.91,-5,89,0,9.333333333333334,49.666666666666664,3.0
401644780,2024,14,regular,2024-11-30 18:30:00+00:00,Western Michigan,Eastern Michigan,26,18,False,True,0.75,71.2,-45.400000000000006,-10.2,24.7,36.0,-13.3,20.5,34.3,547.19,508.73,8,44,1,-6.333333333333333,55.833333333333336,3.0
401645382,2024,14,regular,2024-11-30 19:00:00+00:00,Rice,South Florida,35,28,False,True,0.75,-260.4,247.8,-11.4,20.5,30.4,-2.3,29.5,33.4,538.4,641.02,7,63,1,5.666666666666667,53.833333333333336,3.0
401640988,2024,14,regular,2024-11-30 19:00:00+00:00,Florida International,Middle Tennessee,35,24,True,True,0.75,-187.4,-309.2,-12.1,20.5,31.3,-24.4,13.7,37.3,504.39,503.43,11,59,1,-9.166666666666666,50.833333333333336,3.0
401643849,2024,14,regular,2024-11-30 19:00:00+00:00,Troy,Southern Miss,52,20,False,True,0.75,-226.6,-650.8,-6.6,24.1,30.1,-25.6,14.4,39.4,499.56,565.51,32,72,1,-17.5,48.833333333333336,3.0
401643845,2024,14,regular,2024-11-30 19:00:00+00:00,Georgia State,Coastal Carolina,27,48,False,True,0.75,-273.0,-119.6,-17.9,21.0,37.4,-6.9,25.5,33.4,564.88,557.61,-21,75,0,-0.16666666666666666,53.166666666666664,3.0
401635620,2024,14,regular,2024-11-30 20:00:00+00:00,Boston College,Pittsburgh,34,23,False,True,0.75,369.8,469.6,1.2,28.0,24.7,4.9,29.3,26.3,667.91,713.74,11,57,1,-3.5,50.666666666666664,3.0
401643847,2024,14,regular,2024-11-30 20:00:00+00:00,Arkansas State,Old Dominion,32,40,False,True,0.75,283.6,28.80000000000001,-9.9,24.6,35.2,-6.0,25.7,31.3,573.27,428.91,-8,72,0,5.5,58.666666666666664,3.0
401628570,2024,14,regular,2024-11-30 20:30:00+00:00,UCLA,Fresno State,20,13,False,False,0.75,222.40000000000003,126.0,-1.3,21.3,23.3,-3.8,25.1,27.6,758.87,568.31,7,33,1,-7.5,46.5,3.0
401628565,2024,14,regular,2024-11-30 20:30:00+00:00,Penn State,Maryland,44,7,False,True,0.75,1002.6,32.0,24.6,37.5,13.1,-3.9,23.3,27.1,895.31,695.59,37,51,1,-26.0,50.333333333333336,3.0
401635623,2024,14,regular,2024-11-30 20:30:00+00:00,Syracuse,Miami,42,38,False,True,0.75,628.4,888.4,5.5,35.8,28.9,21.6,44.2,24.3,698.59,868.15,4,80,1,12.166666666666666,67.0,3.0
401628443,2024,14,regular,2024-11-30 20:30:00+00:00,Missouri,Arkansas,28,21,False,True,0.75,699.8,581.8,14.0,33.7,18.7,11.0,31.4,21.7,807.36,779.17,7,49,1,-3.1666666666666665,51.166666666666664,3.0
401645377,2024,14,regular,2024-11-30 20:30:00+00:00,Charlotte,UAB,29,27,False,True,0.75,-40.2,-221.2,-15.3,21.4,37.6,-11.3,25.9,38.0,648.28,583.23,2,56,1,-0.5,59.833333333333336,3.0
401644779,2024,14,regular,2024-11-30 20:30:00+00:00,Northern Illinois,Central Michigan,24,16,False,True,0.75,253.4,-215.4,-3.5,20.0,21.6,-15.8,17.7,34.3,437.2,467.22,8,40,1,-14.5,40.5,3.0
401645380,2024,14,regular,2024-11-30 20:30:00+00:00,Tulsa,Florida Atlantic,16,63,False,True,0.75,-271.4,-445.6,-20.6,21.2,40.3,-12.7,20.8,32.1,556.71,592.16,-47,79,0,0.16666666666666666,57.666666666666664,3.0
401628437,2024,14,regular,2024-11-30 20:30:00+00:00,Alabama,Auburn,28,14,False,True,0.75,863.6,268.8,25.0,37.9,14.6,9.5,27.9,17.8,1018.28,833.61,14,42,1,-10.833333333333334,50.833333333333336,3.0
401635624,2024,14,regular,2024-11-30 20:30:00+00:00,North Carolina,NC State,30,35,False,True,0.75,178.4,112.60000000000001,5.0,31.5,26.3,3.9,29.9,26.5,794.99,722.41,-5,65,0,-2.1666666666666665,54.166666666666664,3.0
401636940,2024,14,regular,2024-11-30 20:30:00+00:00,Arizona,Arizona State,7,49,False,True,0.75,146.8,799.2,-2.8,24.4,29.0,9.4,32.4,20.9,672.7,757.02,-42,56,0,7.5,53.333333333333336,3.0
401635621,2024,14,regular,2024-11-30 20:30:00+00:00,SMU,California,38,6,False,True,0.75,893.8,286.8,17.5,38.2,21.1,4.0,27.4,22.9,788.22,702.38,32,44,1,-12.166666666666666,54.5,3.0
401628571,2024,14,regular,2024-11-30 20:30:00+00:00,USC,Notre Dame,35,49,False,False,0.75,517.4,1122.0,11.9,35.6,24.0,23.9,38.6,14.1,863.09,905.52,-14,84,0,6.833333333333333,52.5,3.0
401628567,2024,14,regular,2024-11-30 20:30:00+00:00,Michigan State,Rutgers,14,41,False,True,0.75,330.6,327.6,-4.6,18.0,24.1,6.4,28.5,22.8,721.75,663.55,-27,55,0,-1.5,46.5,2.0
401641031,2024,14,regular,2024-11-30 21:00:00+00:00,New Mexico State,UTEP,35,42,False,True,0.75,-370.4,-477.6,-19.0,17.8,38.1,-22.7,13.7,34.2,370.2,455.97,-7,77,0,-3.3333333333333335,51.5,3.0
401641014,2024,14,regular,2024-11-30 21:00:00+00:00,Louisiana Tech,Kennesaw State,33,0,False,True,0.75,-157.39999999999998,-535.4,-11.6,15.9,26.3,-25.1,10.2,35.1,533.72,288.14,33,33,1,-11.333333333333334,41.333333333333336,3.0
401641006,2024,14,regular,2024-11-30 21:00:00+00:00,Western Kentucky,Jacksonville State,19,17,False,True,0.75,293.6,341.8,-2.2,22.1,26.1,-1.0,28.8,28.3,518.88,430.94,2,36,1,0.16666666666666666,62.5,3.0
401636943,2024,14,regular,2024-11-30 23:00:00+00:00,Cincinnati,TCU,13,20,False,True,0.75,247.40000000000003,467.0,-0.1,25.6,25.0,10.8,34.6,22.8,662.34,766.5,-7,33,0,2.5,58.5,3.0
401643844,2024,14,regular,2024-11-30 23:00:00+00:00,Georgia Southern,App State,29,20,False,True,0.75,374.8,50.400000000000006,-1.7,26.5,30.1,-8.1,27.2,33.6,527.99,575.31,9,49,1,-2.5,60.333333333333336,3.0
401643773,2024,14,regular,2024-11-30 23:30:00+00:00,Washington State,Wyoming,14,15,False,False,0.75,445.8,-371.2,1.3,34.0,31.1,-13.6,16.3,30.8,610.54,455.45,-1,29,0,-18.5,55.166666666666664,3.0
401628564,2024,14,regular,2024-12-01 00:00:00+00:00,Indiana,Purdue,66,0,False,True,0.75,863.8,-279.2,20.1,35.0,16.4,-16.2,19.2,33.6,668.92,738.93,66,66,1,-28.666666666666668,56.5,3.0
401628438,2024,14,regular,2024-12-01 00:00:00+00:00,Florida State,Florida,11,31,False,False,0.75,-110.2,657.8,-3.2,20.1,25.3,13.8,31.7,20.0,879.48,894.24,-20,42,0,17.166666666666668,45.833333333333336,3.0
401628441,2024,14,regular,2024-12-01 00:00:00+00:00,LSU,Oklahoma,37,17,False,True,0.75,674.0,538.0,15.9,36.8,21.7,9.5,25.9,17.8,906.19,906.61,20,54,1,-5.5,47.833333333333336,3.0
401628569,2024,14,regular,2024-12-01 00:30:00+00:00,Oregon,Washington,49,21,False,True,0.75,1069.6,449.8,26.0,40.8,16.3,3.1,27.3,22.4,916.71,741.11,28,70,1,-17.333333333333332,50.666666666666664,3.0
401628445,2024,14,regular,2024-12-01 00:30:00+00:00,Texas A&M,Texas,7,17,False,True,0.75,889.8,1161.0,17.0,34.0,18.6,24.1,36.6,10.8,914.52,953.95,-10,24,0,4.5,49.833333333333336,3.0
401636944,2024,14,regular,2024-12-01 00:30:00+00:00,Iowa State,Kansas State,29,21,False,True,0.75,734.8,696.6,10.3,30.8,20.2,14.1,33.0,20.4,642.12,651.75,8,50,1,-2.0,51.666666666666664,3.0
401643846,2024,14,regular,2024-12-01 01:00:00+00:00,James Madison,Marshall,33,35,False,True,0.75,303.6,436.8,7.5,29.7,22.9,3.1,29.6,26.9,459.14,587.22,-2,68,0,-3.3333333333333335,52.166666666666664,3.0
401635640,2024,14,regular,2024-12-01 01:00:00+00:00,Virginia Tech,Virginia,37,17,False,True,0.75,270.4,260.0,10.0,31.3,22.4,-5.1,23.7,29.3,695.42,662.28,20,54,1,-4.5,44.5,3.0
401643772,2024,14,regular,2024-12-01 01:00:00+00:00,UNLV,Nevada,38,14,False,True,0.75,599.0,-273.0,9.3,32.6,24.6,-15.2,21.0,34.2,575.16,525.22,24,52,1,-17.5,54.5,3.0
401636942,2024,14,regular,2024-12-01 03:15:00+00:00,BYU,Houston,30,18,False,True,0.75,857.8,159.6,15.3,32.0,18.8,-8.2,18.1,24.5,602.46,646.7,12,48,1,-11.333333333333334,40.166666666666664,3.0
401643768,2024,14,regular,2024-12-01 03:30:00+00:00,San Diego State,Air Force,20,31,False,True,0.75,-299.2,-214.0,-15.4,17.7,32.1,-11.7,17.8,27.5,608.95,0.0,-11,51,0,6.0,43.5,3.0
401643771,2024,14,regular,2024-12-01 04:00:00+00:00,Hawai'i,New Mexico,38,30,False,True,0.75,-137.39999999999998,-35.2,-10.9,20.9,30.0,-14.8,27.6,40.5,513.7,464.59,8,68,1,5.666666666666667,61.166666666666664,3.0
401673466,2024,15,regular,2024-12-07 00:00:00+00:00,Jacksonville State,Western Kentucky,52,12,False,True,0.75,304.6,373.6,-1.0,28.8,28.3,-2.2,22.1,26.1,430.94,518.88,40,64,1,-4.333333333333333,58.333333333333336,3.0
401673468,2024,15,regular,2024-12-07 01:00:00+00:00,Boise State,UNLV,21,7,False,True,0.75,833.8,659.0,10.1,35.3,24.2,9.3,32.6,24.6,608.26,575.16,14,28,1,-3.8333333333333335,57.5,3.0
401673462,2024,15,regular,2024-12-07 01:00:00+00:00,Army,Tulane,35,14,False,True,0.75,753.8,667.4000000000001,9.2,31.1,21.7,5.7,32.9,27.1,0.0,654.07,21,49,1,4.833333333333333,46.333333333333336,3.0
401673467,2024,15,regular,2024-12-07 17:00:00+00:00,Miami (OH),Ohio,3,38,True,True,0.75,393.6,529.4,1.3,23.2,23.2,2.3,27.2,23.9,505.3,450.55,-35,41,0,-2.5,43.833333333333336,3.0
401673465,2024,15,regular,2024-12-07 17:00:00+00:00,Arizona State,Iowa State,45,19,True,True,0.75,908.0,834.8,9.4,32.4,20.9,10.3,30.8,20.2,757.02,642.12,26,64,1,0.5,51.0,3.0
401673469,2024,15,regular,2024-12-07 21:00:00+00:00,Texas,Georgia,19,22,True,True,0.75,1309.0,1286.8,24.1,36.6,10.8,24.3,37.3,14.9,953.95,1006.89,-3,41,0,-2.8333333333333335,50.833333333333336,3.0
401673470,2024,15,regular,2024-12-08 00:30:00+00:00,Louisiana,Marshall,3,31,False,True,0.75,562.8,529.6,4.8,31.5,27.8,3.1,29.6,26.9,553.39,587.22,-28,34,0,-4.833333333333333,57.5,3.0
401673464,2024,15,regular,2024-12-08 01:00:00+00:00,Oregon,Penn State,45,37,True,True,0.75,1165.6,1098.6,26.0,40.8,16.3,24.6,37.5,13.1,916.71,895.31,8,82,1,-3.3333333333333335,51.5,3.0
401673463,2024,15,regular,2024-12-08 01:00:00+00:00,SMU,Clemson,31,34,True,True,0.75,989.8,726.6,17.5,38.2,21.1,13.3,35.4,20.9,788.22,924.63,-3,65,0,-2.6666666666666665,56.333333333333336,3.0
401645383,2024,16,regular,2024-12-14 20:00:00+00:00,Army,Navy,13,31,True,True,0.75,849.8,530.6,9.2,31.1,21.7,3.5,29.5,24.4,0.0,0.0,-18,44,0,-6.333333333333333,39.166666666666664,3.0
401677077,2024,1,postseason,2024-12-15 02:00:00+00:00,Western Michigan,South Alabama,23,30,True,False,0.75,121.2,139.60000000000002,-10.2,24.7,36.0,2.8,29.9,26.9,547.19,554.77,-7,53,0,6.833333333333333,55.166666666666664,3.0
401677080,2024,1,postseason,2024-12-18 02:00:00+00:00,West Virginia,Memphis,37,42,True,False,0.75,386.0,714.4,2.1,30.1,29.7,9.6,36.7,28.2,684.9,633.44,-5,79,0,5.166666666666667,60.333333333333336,3.0
401677079,2024,1,postseason,2024-12-18 22:30:00+00:00,James Madison,Western Kentucky,27,17,True,False,0.75,253.60000000000002,316.4,7.5,29.7,22.9,-2.2,22.1,26.1,459.14,518.88,10,44,1,-7.333333333333333,50.5,3.0
401677081,2024,1,postseason,2024-12-19 02:00:00+00:00,UNLV,California,24,13,True,False,0.75,672.0,301.8,9.3,32.6,24.6,4.0,27.4,22.9,575.16,702.38,11,37,1,-3.1666666666666665,45.0,3.0
401677082,2024,1,postseason,2024-12-20 00:00:00+00:00,Sam Houston,Georgia Southern,31,26,True,False,0.75,454.6,424.8,-6.9,19.0,23.8,-1.7,26.5,30.1,488.03,527.99,5,57,1,3.8333333333333335,48.333333333333336,3.0
401677083,2024,1,postseason,2024-12-20 17:00:00+00:00,Jacksonville State,Ohio,27,30,True,False,0.75,400.6,673.4,-1.0,28.8,28.3,2.3,27.2,23.9,430.94,450.55,-3,57,0,6.166666666666667,57.333333333333336,3.0
401677084,2024,1,postseason,2024-12-20 20:30:00+00:00,Florida,Tulane,33,8,True,False,0.75,766.6,652.4000000000001,13.8,31.7,20.0,5.7,32.9,27.1,894.24,654.07,25,41,1,-9.833333333333334,49.833333333333336,3.0
401677179,2024,1,postseason,2024-12-21 01:00:00+00:00,Notre Dame,Indiana,27,17,False,False,0.75,1258.0,923.8,23.9,38.6,14.1,20.1,35.0,16.4,905.52,668.92,10,44,1,-6.833333333333333,50.333333333333336,3.0
401677178,2024,1,postseason,2024-12-21 17:00:00+00:00,Penn State,SMU,38,10,False,False,0.75,1148.6,988.8,24.6,37.5,13.1,17.5,38.2,21.1,895.31,788.22,28,48,1,-8.0,52.0,3.0
401677176,2024,1,postseason,2024-12-21 21:00:00+00:00,Texas,Clemson,38,24,False,False,0.75,1347.0,930.6,24.1,36.6,10.8,13.3,35.4,20.9,953.95,924.63,14,62,1,-13.5,49.5,3.0
401677177,2024,1,postseason,2024-12-22 01:00:00+00:00,Ohio State,Tennessee,42,17,False,False,0.75,970.0,1064.8,31.2,39.5,9.2,22.0,33.7,13.5,998.62,858.67,25,59,1,-7.666666666666667,46.833333333333336,3.0
401677085,2024,1,postseason,2024-12-23 16:00:00+00:00,UTSA,Coastal Carolina,44,15,False,False,0.75,209.6,-51.599999999999994,2.2,32.3,31.5,-6.9,25.5,33.4,644.36,557.61,29,59,1,-3.8333333333333335,56.666666666666664,3.0
401677086,2024,1,postseason,2024-12-23 19:30:00+00:00,Fresno State,Northern Illinois,20,28,True,False,0.75,88.8,303.4,-3.8,25.1,27.6,-3.5,20.0,21.6,568.31,437.2,-8,48,0,2.5,40.666666666666664,3.0
401677087,2024,1,postseason,2024-12-25 01:00:00+00:00,San José State,South Florida,39,41,True,False,0.75,216.6,180.8,-5.5,26.1,30.1,-2.3,29.5,33.4,480.29,641.02,-2,80,0,1.3333333333333333,65.83333333333333,3.0
401677180,2024,1,postseason,2024-12-26 19:00:00+00:00,Toledo,Pittsburgh,48,46,True,False,0.75,234.20000000000002,412.40000000000003,-2.5,24.5,26.3,4.9,29.3,26.3,571.92,713.74,2,94,1,6.666666666666667,49.0,3.0
401677088,2024,1,postseason,2024-12-26 22:30:00+00:00,Kansas State,Rutgers,44,41,True,False,0.75,705.6,395.6,14.1,33.0,20.4,6.4,28.5,22.8,651.75,663.55,3,85,1,-7.25,52.0,2.0
401677089,2024,1,postseason,2024-12-27 02:00:00+00:00,Bowling Green,Arkansas State,31,38,True,False,0.75,287.8,208.6,-1.8,25.6,27.2,-9.9,24.6,35.2,484.51,573.27,-7,69,0,-10.333333333333334,54.166666666666664,3.0
401677090,2024,1,postseason,2024-12-27 17:00:00+00:00,Navy,Oklahoma,21,20,True,False,0.75,731.6,519.0,3.5,29.5,24.4,9.5,25.9,17.8,0.0,906.61,1,41,1,1.3333333333333333,43.666666666666664,3.0
401677091,2024,1,postseason,2024-12-27 20:30:00+00:00,Vanderbilt,Georgia Tech,35,27,True,False,0.75,536.8,629.6,4.9,28.2,25.4,1.9,31.1,27.9,695.96,703.0,8,62,1,2.8333333333333335,49.166666666666664,3.0
401677092,2024,1,postseason,2024-12-28 00:00:00+00:00,Arkansas,Texas Tech,39,26,True,False,0.75,576.8,627.4,11.0,31.4,21.7,4.3,33.5,30.8,779.17,732.07,13,65,1,3.3333333333333335,52.5,3.0
401729867,2024,1,postseason,2024-12-28 01:00:00+00:00,Washington State,Syracuse,35,52,True,False,0.75,370.8,764.4,1.3,34.0,31.1,5.5,35.8,28.9,610.54,698.59,-17,87,0,18.833333333333332,58.166666666666664,3.0
401677093,2024,1,postseason,2024-12-28 03:30:00+00:00,USC,Texas A&M,35,31,True,False,0.75,524.4,900.8,11.9,35.6,24.0,17.0,34.0,18.6,863.09,914.52,4,66,1,1.1666666666666667,56.166666666666664,3.0
401677094,2024,1,postseason,2024-12-28 16:00:00+00:00,North Carolina,UConn,14,27,True,False,0.75,128.4,275.4,5.0,31.5,26.3,1.5,26.9,25.7,794.99,537.91,-13,41,0,-2.0,53.166666666666664,3.0
401677095,2024,1,postseason,2024-12-28 17:00:00+00:00,Nebraska,Boston College,20,15,True,False,0.75,431.0,465.8,5.5,23.1,15.8,1.2,28.0,24.7,790.42,667.91,5,35,1,-3.3333333333333335,47.166666666666664,3.0
401677096,2024,1,postseason,2024-12-28 19:15:00+00:00,TCU,Louisiana,34,3,True,False,0.75,559.8,492.8,10.8,34.6,22.8,4.8,31.5,27.8,766.5,553.39,31,37,1,-9.666666666666666,59.833333333333336,3.0
401677097,2024,1,postseason,2024-12-28 20:30:00+00:00,Miami,Iowa State,41,42,True,False,0.75,851.2,841.8,21.6,44.2,24.3,10.3,30.8,20.2,868.15,642.12,-1,83,0,-5.0,60.666666666666664,3.0
401677188,2024,1,postseason,2024-12-28 21:30:00+00:00,Colorado State,Miami (OH),17,43,True,False,0.75,351.8,323.6,-5.7,24.2,29.2,1.3,23.2,23.2,546.04,505.3,-26,60,0,1.6666666666666667,41.833333333333336,3.0
401677098,2024,1,postseason,2024-12-28 22:45:00+00:00,NC State,East Carolina,21,26,True,False,0.75,205.40000000000003,188.60000000000002,3.9,29.9,26.5,-1.0,28.5,29.7,722.41,611.66,-5,47,0,-7.333333333333333,60.666666666666664,3.0
401677099,2024,1,postseason,2024-12-29 00:30:00+00:00,Colorado,BYU,14,36,True,False,0.75,720.2,917.8,8.1,33.3,23.5,15.3,32.0,18.8,749.16,602.46,-22,50,0,-2.8333333333333335,54.833333333333336,3.0
401677100,2024,1,postseason,2024-12-29 02:15:00+00:00,Army,Louisiana Tech,27,6,True,False,0.75,779.8,-97.39999999999999,9.2,31.1,21.7,-11.6,15.9,26.3,0.0,533.72,21,33,1,-14.5,44.333333333333336,3.0
401677101,2024,1,postseason,2024-12-30 19:30:00+00:00,Missouri,Iowa,27,24,True,False,0.75,799.8,564.6,14.0,33.7,18.7,15.8,27.0,13.3,807.36,723.51,3,51,1,-1.6666666666666667,40.833333333333336,3.0
401677102,2024,1,postseason,2024-12-31 17:00:00+00:00,Michigan,Alabama,19,13,True,False,0.75,644.8,983.6,10.6,24.1,15.1,25.0,37.9,14.6,859.21,1018.28,6,32,1,16.5,45.333333333333336,3.0
401677190,2024,1,postseason,2024-12-31 19:00:00+00:00,Washington,Louisville,34,35,True,False,0.75,480.8,707.6,3.1,27.3,22.4,13.6,37.7,22.9,741.11,739.28,-1,69,0,-1.1666666666666667,50.166666666666664,3.0
401677103,2024,1,postseason,2024-12-31 20:00:00+00:00,Illinois,South Carolina,21,17,True,False,0.75,795.8,971.8,9.6,29.0,20.9,16.9,32.1,16.0,653.75,798.18,4,38,1,9.5,49.833333333333336,3.0
401677104,2024,1,postseason,2024-12-31 20:30:00+00:00,LSU,Baylor,44,31,True,False,0.75,794.0,683.6,15.9,36.8,21.7,8.4,33.5,26.2,906.19,709.46,13,75,1,3.0,62.5,3.0
401677181,2024,1,postseason,2025-01-01 00:30:00+00:00,Boise State,Penn State,14,31,True,False,0.75,967.8,1296.6,10.1,35.3,24.2,24.6,37.5,13.1,608.26,895.31,-17,45,0,12.0,54.666666666666664,3.0
401677182,2024,1,postseason,2025-01-01 18:00:00+00:00,Arizona State,Texas,31,39,True,False,0.75,1118.0,1491.0,9.4,32.4,20.9,24.1,36.6,10.8,757.02,953.95,-8,70,0,13.333333333333334,52.166666666666664,3.0
401677183,2024,1,postseason,2025-01-01 22:00:00+00:00,Oregon,Ohio State,21,41,True,False,0.75,1384.6,1124.0,26.0,40.8,16.3,31.2,39.5,9.2,916.71,998.62,-20,62,0,2.5,55.166666666666664,3.0
401677184,2024,1,postseason,2025-01-02 21:00:00+00:00,Georgia,Notre Dame,10,23,True,False,0.75,1508.8,1410.0,24.3,37.3,14.9,23.9,38.6,14.1,1006.89,905.52,-13,33,0,1.1666666666666667,46.0,3.0
401677105,2024,1,postseason,2025-01-03 01:00:00+00:00,Ole Miss,Duke,52,20,True,False,0.75,898.0,658.6,27.9,37.7,11.9,5.6,26.7,21.3,801.66,635.89,32,72,1,-16.333333333333332,50.5,3.0
401677106,2024,1,postseason,2025-01-03 21:00:00+00:00,Texas State,North Texas,30,28,True,False,0.75,172.8,142.4,5.4,34.2,28.4,-4.5,33.3,37.0,540.17,595.42,2,58,1,-15.0,65.83333333333333,3.0
401677107,2024,1,postseason,2025-01-04 00:30:00+00:00,Virginia Tech,Minnesota,10,24,True,False,0.75,330.4,583.4,10.0,31.3,22.4,10.4,25.6,15.4,695.42,705.22,-14,34,0,10.166666666666666,43.333333333333336,3.0
401677108,2024,1,postseason,2025-01-04 16:00:00+00:00,Liberty,Buffalo,7,26,True,False,0.75,342.0,409.6,0.2,28.2,26.6,-4.0,25.4,30.2,569.65,435.22,-19,33,0,4.0,50.5,3.0
401677189,2024,1,postseason,2025-01-10 00:30:00+00:00,Penn State,Notre Dame,24,27,True,False,0.75,1530.6,1650.0,24.6,37.5,13.1,23.9,38.6,14.1,895.31,905.52,-3,51,0,-1.3333333333333333,45.666666666666664,3.0
401677191,2024,1,postseason,2025-01-11 00:30:00+00:00,Texas,Ohio State,14,28,True,False,0.75,1698.0,1373.0,24.1,36.6,10.8,31.2,39.5,9.2,953.95,998.62,-14,42,0,5.833333333333333,51.5,3.0
401677192,2024,1,postseason,2025-01-21 00:30:00+00:00,Notre Dame,Ohio State,23,34,True,False,0.75,1863.0,1619.0,23.9,38.6,14.1,31.2,39.5,9.2,905.52,998.62,-11,57,0,8.5,45.166666666666664,3.0
401756846,2025,1,regular,2025-08-23 16:00:00+00:00,Kansas State,Iowa State,21,24,True,True,1.0,0.0,0.0,7.0,31.3,25.0,9.9,28.1,19.5,705.85,648.93,-3,45,0,-3.0,50.666666666666664,3.0
401760371,2025,1,regular,2025-08-23 20:00:00+00:00,UNLV,Idaho State,38,31,False,False,1.0,0.0,0.0,4.3,33.8,29.8,,,,700.54,,7,69,1,-30.5,67.25,2.0
401756847,2025,1,regular,2025-08-23 22:30:00+00:00,Kansas,Fresno State,31,7,False,False,1.0,0.0,0.0,4.1,30.9,28.5,1.8,23.0,21.1,705.32,586.84,24,38,1,-14.166666666666666,50.666666666666664,3.0
401757218,2025,1,regular,2025-08-23 23:00:00+00:00,Western Kentucky,Sam Houston,41,24,False,True,1.0,0.0,0.0,1.6,28.8,28.6,-27.8,15.3,41.8,561.36,477.35,17,65,1,-9.833333333333334,60.333333333333336,3.0
401754516,2025,1,regular,2025-08-23 23:30:00+00:00,Hawai'i,Stanford,23,20,False,False,1.0,0.0,0.0,1.7,27.3,27.3,-11.8,18.4,28.6,481.2,707.27,3,43,1,-1.6666666666666667,51.333333333333336,3.0
401762522,2025,1,regular,2025-08-28 21:30:00+00:00,South Florida,Boise State,34,7,False,False,1.0,0.0,0.0,11.6,37.7,25.3,3.1,29.1,25.1,666.89,610.65,27,41,1,6.166666666666667,62.0,3.0
401752794,2025,1,regular,2025-08-28 22:00:00+00:00,Rutgers,Ohio,34,31,False,False,1.0,0.0,0.0,1.0,31.6,30.7,-4.0,23.2,25.2,689.22,469.99,3,65,1,-14.166666666666666,50.666666666666664,3.0
401762790,2025,1,regular,2025-08-28 22:00:00+00:00,Bowling Green,Lafayette,26,7,False,False,1.0,0.0,0.0,-12.6,15.4,28.8,,,,527.31,,19,33,1,-21.25,53.25,2.0
401754373,2025,1,regular,2025-08-28 23:00:00+00:00,NC State,East Carolina,24,17,False,False,1.0,0.0,0.0,4.8,31.4,25.5,8.0,32.6,24.0,707.51,611.55,7,41,1,-13.333333333333334,60.333333333333336,3.0
401761588,2025,1,regular,2025-08-28 23:00:00+00:00,UL Monroe,Saint Francis,29,0,False,False,1.0,0.0,0.0,-21.6,16.1,35.7,,,,473.34,,29,29,1,-30.75,47.25,2.0
401756848,2025,1,regular,2025-08-28 23:00:00+00:00,UCF,Jacksonville State,17,10,False,False,1.0,0.0,0.0,-1.2,23.2,24.0,-6.7,27.2,32.4,709.99,519.93,7,27,1,-19.166666666666668,52.833333333333336,3.0
401762789,2025,1,regular,2025-08-28 23:00:00+00:00,Akron,Wyoming,0,10,False,False,1.0,0.0,0.0,-13.9,17.2,29.3,-11.3,15.3,24.7,537.21,489.33,-10,10,0,6.0,48.333333333333336,3.0
401757219,2025,1,regular,2025-08-28 23:00:00+00:00,Delaware,Delaware State,35,17,False,False,1.0,0.0,0.0,-10.9,26.2,36.2,,,,242.85,,18,52,1,-30.5,55.5,2.0
401752674,2025,1,regular,2025-08-28 23:30:00+00:00,Missouri,Central Arkansas,61,6,False,False,1.0,0.0,0.0,14.4,31.2,15.4,,,,804.77,,55,67,1,-39.0,53.0,2.0
401756876,2025,1,regular,2025-08-28 23:30:00+00:00,Oklahoma State,UT Martin,27,7,False,False,1.0,0.0,0.0,-15.1,15.2,31.6,,,,702.74,,20,34,1,-26.0,56.5,2.0
401754517,2025,1,regular,2025-08-28 23:30:00+00:00,Duke,Elon,45,17,False,False,1.0,0.0,0.0,6.6,34.8,29.2,,,,669.18,,28,62,1,-36.5,51.0,2.0
401752793,2025,1,regular,2025-08-29 00:00:00+00:00,Minnesota,Buffalo,23,10,False,False,1.0,0.0,0.0,1.5,23.8,20.8,-7.5,18.2,27.4,711.04,513.33,13,33,1,-17.166666666666668,43.333333333333336,3.0
401756852,2025,1,regular,2025-08-29 00:00:00+00:00,Houston,Stephen F. Austin,27,0,False,False,1.0,0.0,0.0,7.4,31.5,23.0,,,,656.74,,27,27,1,-24.0,54.5,2.0
401762430,2025,1,regular,2025-08-29 00:30:00+00:00,UAB,Alabama State,52,42,False,False,1.0,0.0,0.0,-15.8,25.5,39.8,,,,540.93,,10,94,1,-21.25,53.5,2.0
401762791,2025,1,regular,2025-08-29 01:00:00+00:00,Wisconsin,Miami (OH),17,0,False,False,1.0,0.0,0.0,-4.4,17.4,20.9,-3.4,19.3,24.2,763.17,592.1,17,17,1,-18.0,41.0,3.0
401752796,2025,1,regular,2025-08-29 01:00:00+00:00,Cincinnati,Nebraska,17,20,True,False,1.0,0.0,0.0,4.5,30.2,26.4,6.2,28.8,22.7,644.1,821.39,-3,37,0,6.0,51.166666666666664,3.0
401760357,2025,1,regular,2025-08-29 02:00:00+00:00,San Diego State,Stony Brook,42,0,False,False,1.0,0.0,0.0,6.7,24.4,19.6,,,,594.27,,42,42,1,-19.5,53.5,2.0
401762432,2025,1,regular,2025-08-29 22:00:00+00:00,Army,Tarleton State,27,30,False,False,1.0,0.0,0.0,0.8,24.7,24.1,,,,23.66,,-3,57,0,-14.25,47.5,2.0
401754374,2025,1,regular,2025-08-29 23:00:00+00:00,Wake Forest,Kennesaw State,10,9,False,False,1.0,0.0,0.0,5.7,26.6,20.9,-5.4,26.4,30.2,627.16,338.87,1,19,1,-18.166666666666668,51.333333333333336,3.0
401752802,2025,1,regular,2025-08-29 23:00:00+00:00,Michigan State,Western Michigan,23,6,False,False,1.0,0.0,0.0,-3.4,26.6,28.7,-1.4,21.7,21.8,717.42,534.35,17,29,1,-20.833333333333332,50.0,3.0
401761589,2025,1,regular,2025-08-29 23:00:00+00:00,Charlotte,App State,11,34,True,False,1.0,0.0,0.0,-26.7,14.5,39.8,-11.4,23.0,35.2,526.3,611.31,-23,45,0,10.333333333333334,51.25,3.0
401766898,2025,1,regular,2025-08-29 23:00:00+00:00,Florida International,Bethune-Cookman,42,9,False,False,1.0,0.0,0.0,-10.5,26.1,35.8,,,,562.61,,33,51,1,-26.5,54.5,1.0
401752795,2025,1,regular,2025-08-29 23:30:00+00:00,Illinois,Western Illinois,52,3,False,False,1.0,0.0,0.0,12.9,33.3,21.7,,,,662.13,,49,55,1,-48.5,63.0,2.0
401756854,2025,1,regular,2025-08-29 23:30:00+00:00,Kansas,Wagner,46,7,False,False,1.0,96.0,0.0,4.1,30.9,28.5,,,,705.32,,39,53,1,-46.0,57.5,2.0
401752667,2025,1,regular,2025-08-30 00:00:00+00:00,Baylor,Auburn,24,38,False,False,1.0,0.0,0.0,1.4,32.8,33.3,11.6,28.3,17.4,726.3,891.84,-14,62,0,0.3333333333333333,56.833333333333336,3.0
401754375,2025,1,regular,2025-08-30 00:00:00+00:00,Colorado,Georgia Tech,20,27,False,False,1.0,0.0,0.0,-8.3,22.6,29.5,9.3,32.5,24.9,755.2,715.56,-7,47,0,3.6666666666666665,52.0,3.0
401757224,2025,1,regular,2025-08-30 01:30:00+00:00,Sam Houston,UNLV,21,38,True,False,1.0,-57.2,50.0,-27.8,15.3,41.8,4.3,33.8,29.8,477.35,700.54,-17,59,0,10.333333333333334,59.833333333333336,3.0
401760358,2025,1,regular,2025-08-30 02:30:00+00:00,San José State,Central Michigan,14,16,False,False,1.0,0.0,0.0,-14.3,21.6,34.4,-8.8,17.6,25.7,522.91,481.16,-2,30,0,-13.5,51.166666666666664,3.0
401762792,2025,1,regular,2025-08-30 16:00:00+00:00,Kent State,Merrimack,21,17,False,False,1.0,0.0,0.0,-19.3,17.0,34.9,,,,456.24,,4,38,1,-5.5,50.5,1.0
401752797,2025,1,regular,2025-08-30 16:00:00+00:00,Maryland,Florida Atlantic,39,7,False,False,1.0,0.0,0.0,0.6,24.4,24.7,-8.7,27.8,38.1,699.31,605.22,32,46,1,-14.166666666666666,59.0,3.0
401752803,2025,1,regular,2025-08-30 16:00:00+00:00,Tulane,Northwestern,23,3,False,False,1.0,0.0,0.0,6.3,32.4,27.6,5.8,24.4,20.0,650.87,677.97,20,26,1,-6.0,46.333333333333336,3.0
401762434,2025,1,regular,2025-08-30 16:00:00+00:00,Navy,VMI,52,7,False,False,1.0,0.0,0.0,6.2,33.6,27.9,,,,,,45,59,1,-42.25,53.75,2.0
401754520,2025,1,regular,2025-08-30 16:00:00+00:00,Pittsburgh,Duquesne,61,9,False,False,1.0,0.0,0.0,8.4,31.6,23.5,,,,681.21,,52,70,1,-39.25,58.25,2.0
401752673,2025,1,regular,2025-08-30 16:00:00+00:00,Southern Miss,Mississippi State,17,34,False,False,1.0,0.0,0.0,-7.1,27.0,32.8,4.1,31.6,29.0,602.53,770.48,-17,51,0,13.833333333333334,59.666666666666664,3.0
401752677,2025,1,regular,2025-08-30 16:00:00+00:00,Ohio State,Texas,14,7,False,False,1.0,0.0,0.0,30.1,37.6,7.7,16.2,32.9,17.9,973.69,973.54,7,21,1,-2.1666666666666665,46.833333333333336,3.0
401752801,2025,1,regular,2025-08-30 16:00:00+00:00,Purdue,Ball State,31,0,False,False,1.0,0.0,0.0,-6.1,21.9,29.9,-23.0,13.4,34.4,687.74,495.35,31,31,1,-16.5,49.166666666666664,3.0
401752676,2025,1,regular,2025-08-30 16:00:00+00:00,Tennessee,Syracuse,45,26,True,False,1.0,0.0,0.0,15.0,39.3,25.4,-13.1,18.8,33.0,866.57,727.83,19,71,1,-13.5,52.166666666666664,3.0
401752670,2025,1,regular,2025-08-30 16:45:00+00:00,Kentucky,Toledo,24,16,False,False,1.0,0.0,0.0,1.8,25.5,23.7,6.0,25.8,18.5,763.18,620.13,8,40,1,-9.833333333333334,48.666666666666664,3.0
401757167,2025,1,regular,2025-08-30 18:00:00+00:00,UConn,Central Connecticut,59,13,False,False,1.0,0.0,0.0,5.1,32.0,28.5,,,,568.12,,46,72,1,-28.75,51.5,2.0
401754518,2025,1,regular,2025-08-30 18:00:00+00:00,Boston College,Fordham,66,10,False,False,1.0,0.0,0.0,-8.5,23.3,33.1,,,,650.12,,56,76,1,-34.75,53.0,2.0
401756878,2025,1,regular,2025-08-30 18:00:00+00:00,West Virginia,Robert Morris,45,3,False,False,1.0,0.0,0.0,-6.8,22.8,30.0,,,,662.33,,42,48,1,-41.75,57.5,2.0
401752806,2025,1,regular,2025-08-30 18:30:00+00:00,Indiana,Old Dominion,27,14,False,False,1.0,0.0,0.0,32.4,40.8,9.9,5.9,31.6,23.7,645.34,477.45,13,41,1,-23.333333333333332,53.666666666666664,3.0
401754519,2025,1,regular,2025-08-30 19:00:00+00:00,Louisville,Eastern Kentucky,51,17,False,False,1.0,0.0,0.0,12.4,31.6,19.8,,,,700.77,,34,68,1,-37.75,57.0,2.0
401756853,2025,1,regular,2025-08-30 19:30:00+00:00,Iowa State,South Dakota,55,7,False,False,1.0,120.0,0.0,9.9,28.1,19.5,,,,648.93,,48,62,1,-15.0,47.5,2.0
401762456,2025,1,regular,2025-08-30 19:30:00+00:00,Massachusetts,Temple,10,42,False,False,1.0,0.0,0.0,-36.6,7.8,42.8,-5.1,27.1,33.2,488.73,507.91,-32,52,0,2.3333333333333335,49.5,3.0
401752807,2025,1,regular,2025-08-30 19:30:00+00:00,Penn State,Nevada,46,11,False,False,1.0,0.0,0.0,18.1,35.1,18.8,-13.4,14.2,28.7,910.42,488.69,35,57,1,-44.166666666666664,55.833333333333336,3.0
401752669,2025,1,regular,2025-08-30 19:30:00+00:00,Georgia,Marshall,45,7,False,False,1.0,0.0,0.0,24.1,37.0,14.8,-4.5,29.6,34.8,1002.98,590.64,38,52,1,-38.833333333333336,52.833333333333336,3.0
401762793,2025,1,regular,2025-08-30 19:30:00+00:00,Northern Illinois,Holy Cross,19,17,False,False,1.0,0.0,0.0,-16.7,12.0,28.1,,,,471.01,,2,36,1,-13.5,48.5,2.0
401760359,2025,1,regular,2025-08-30 19:30:00+00:00,Air Force,Bucknell,49,13,False,False,1.0,0.0,0.0,-3.2,28.3,31.7,,,,,,36,62,1,-30.75,54.0,2.0
401752665,2025,1,regular,2025-08-30 19:30:00+00:00,Florida State,Alabama,31,17,False,False,1.0,0.0,0.0,7.2,29.3,21.2,14.8,32.2,16.1,828.45,993.55,14,48,1,13.5,48.0,3.0
401752804,2025,1,regular,2025-08-30 20:00:00+00:00,Oregon,Montana State,59,13,False,False,1.0,0.0,0.0,25.9,38.7,13.5,,,,941.22,,46,72,1,-28.25,56.0,2.0
401757220,2025,1,regular,2025-08-30 20:00:00+00:00,Liberty,Maine,28,7,False,False,1.0,0.0,0.0,-9.0,24.6,32.8,,,,599.12,,21,35,1,-25.5,50.75,2.0
401752666,2025,1,regular,2025-08-30 20:15:00+00:00,Arkansas,Alabama A&M,52,7,False,False,1.0,0.0,0.0,5.1,35.8,31.4,,,,772.64,,45,59,1,-47.0,63.75,2.0
401762433,2025,1,regular,2025-08-30 20:30:00+00:00,Memphis,Chattanooga,45,10,False,False,1.0,0.0,0.0,7.6,34.3,28.3,,,,668.63,,35,55,1,-30.5,55.5,2.0
401754616,2025,1,regular,2025-08-30 22:00:00+00:00,Virginia,Coastal Carolina,48,7,False,False,1.0,0.0,0.0,11.1,28.8,18.1,-15.1,23.4,37.0,666.74,610.88,41,55,1,-13.166666666666666,55.666666666666664,3.0
401761590,2025,1,regular,2025-08-30 22:00:00+00:00,James Madison,Weber State,45,10,False,False,1.0,0.0,0.0,12.3,34.9,21.4,,,,459.53,,35,55,1,-27.0,54.5,2.0
401752799,2025,1,regular,2025-08-30 22:00:00+00:00,Iowa,UAlbany,34,7,False,False,1.0,0.0,0.0,19.7,32.1,14.2,,,,710.0,,27,41,1,-39.5,48.5,1.0
401752675,2025,1,regular,2025-08-30 22:00:00+00:00,Oklahoma,Illinois State,35,3,False,False,1.0,0.0,0.0,18.3,30.1,12.9,,,,882.59,,32,38,1,-39.0,60.75,2.0
401761591,2025,1,regular,2025-08-30 23:00:00+00:00,Arkansas State,Southeast Missouri State,42,24,False,False,1.0,0.0,0.0,-8.8,24.4,33.5,,,,591.27,,18,66,1,-15.5,59.5,1.0
401756855,2025,1,regular,2025-08-30 23:00:00+00:00,Kansas State,North Dakota,38,35,False,False,1.0,-25.0,0.0,7.0,31.3,25.0,,,,705.85,,3,73,1,-27.5,55.5,2.0
401752679,2025,1,regular,2025-08-30 23:00:00+00:00,Vanderbilt,Charleston Southern,45,3,False,False,1.0,0.0,0.0,20.3,39.9,21.4,,,,685.42,,42,48,1,-38.0,50.0,2.0
401761595,2025,1,regular,2025-08-30 23:00:00+00:00,Troy,Nicholls,38,20,False,False,1.0,0.0,0.0,-4.8,23.6,29.0,,,,561.87,,18,58,1,-18.0,47.0,2.0
401752668,2025,1,regular,2025-08-30 23:00:00+00:00,Florida,Long Island University,55,0,False,False,1.0,0.0,0.0,3.5,24.5,22.6,,,,898.58,,55,55,1,-46.75,56.5,2.0
401761593,2025,1,regular,2025-08-30 23:00:00+00:00,South Alabama,Morgan State,38,21,False,False,1.0,0.0,0.0,-12.7,25.4,36.0,,,,544.87,,17,59,1,-28.5,51.0,2.0
401757222,2025,1,regular,2025-08-30 23:00:00+00:00,Middle Tennessee,Austin Peay,14,34,False,False,1.0,0.0,0.0,-16.0,20.4,37.0,,,,520.55,,-20,48,0,-15.5,53.5,2.0
401757226,2025,1,regular,2025-08-30 23:00:00+00:00,Western Kentucky,North Alabama,55,6,False,False,1.0,60.0,0.0,1.6,28.8,28.6,,,,561.36,,49,61,1,-27.5,60.5,2.0
401752678,2025,1,regular,2025-08-30 23:00:00+00:00,Texas A&M,UTSA,42,24,False,False,1.0,0.0,0.0,20.7,38.0,16.4,3.7,33.3,30.0,917.29,662.09,18,66,1,-23.0,58.166666666666664,3.0
401752808,2025,1,regular,2025-08-30 23:30:00+00:00,Michigan,New Mexico,34,17,False,False,1.0,0.0,0.0,12.4,30.9,17.0,0.9,25.4,26.1,907.22,378.8,17,51,1,-35.166666666666664,50.5,3.0
401752798,2025,1,regular,2025-08-30 23:30:00+00:00,USC,Missouri State,73,13,False,False,1.0,0.0,0.0,16.9,38.9,21.0,-10.7,25.6,34.8,847.53,426.1,60,86,1,-35.833333333333336,60.0,3.0
401752671,2025,1,regular,2025-08-30 23:30:00+00:00,Clemson,LSU,10,17,False,False,1.0,0.0,0.0,9.5,27.5,18.9,10.3,25.8,16.1,918.43,920.05,-7,27,0,-4.833333333333333,56.166666666666664,3.0
401756877,2025,1,regular,2025-08-30 23:30:00+00:00,Texas Tech,Arkansas-Pine Bluff,67,7,False,False,1.0,0.0,0.0,27.6,39.3,12.3,,,,757.49,,60,74,1,-54.5,63.0,2.0
401757221,2025,1,regular,2025-08-30 23:30:00+00:00,Louisiana Tech,SE Louisiana,24,0,False,False,1.0,0.0,0.0,-1.3,25.6,27.0,,,,493.5,,24,24,1,-14.5,50.75,2.0
401757225,2025,1,regular,2025-08-30 23:30:00+00:00,Utah State,UTEP,28,16,False,False,1.0,0.0,0.0,-3.1,29.5,31.2,-17.5,20.2,36.3,503.59,551.88,12,44,1,-4.5,58.833333333333336,3.0
401752672,2025,1,regular,2025-08-30 23:45:00+00:00,Ole Miss,Georgia State,63,7,False,False,1.0,0.0,0.0,24.0,40.4,18.3,-24.5,18.6,41.1,813.11,611.97,56,70,1,-35.166666666666664,61.666666666666664,3.0
401761594,2025,1,regular,2025-08-31 00:00:00+00:00,Texas State,Eastern Michigan,52,27,False,False,1.0,0.0,0.0,2.3,36.6,34.6,-14.7,19.4,34.1,612.16,572.9,25,79,1,-13.833333333333334,57.0,3.0
401756851,2025,1,regular,2025-08-31 00:00:00+00:00,BYU,Portland State,69,0,False,False,1.0,0.0,0.0,15.9,33.9,18.8,,,,649.36,,69,69,1,-44.0,62.0,2.0
401762435,2025,1,regular,2025-08-31 00:00:00+00:00,North Texas,Lamar,51,0,False,False,1.0,0.0,0.0,13.8,43.1,28.6,,,,569.15,,51,51,1,-27.5,63.0,2.0
401761592,2025,1,regular,2025-08-31 00:00:00+00:00,Louisiana,Rice,12,14,False,False,1.0,0.0,0.0,-10.1,25.3,34.0,-14.8,17.7,33.9,585.82,530.06,-2,26,0,-11.166666666666666,48.666666666666664,3.0
401762457,2025,1,regular,2025-08-31 00:00:00+00:00,Tulsa,Abilene Christian,35,7,False,False,1.0,0.0,0.0,-10.0,21.7,33.1,,,,594.78,,28,42,1,-5.25,59.5,2.0
401757223,2025,1,regular,2025-08-31 01:00:00+00:00,New Mexico State,Bryant,19,3,False,False,1.0,0.0,0.0,-15.5,19.7,34.9,,,,402.9,,16,22,1,-19.5,53.0,2.0
401754521,2025,1,regular,2025-08-31 01:00:00+00:00,SMU,East Texas A&M,42,13,False,False,1.0,0.0,0.0,13.4,34.2,19.5,,,,766.67,,29,55,1,-50.75,64.75,2.0
401760361,2025,1,regular,2025-08-31 01:30:00+00:00,Fresno State,Georgia Southern,42,14,False,False,1.0,-57.2,0.0,1.8,23.0,21.1,-9.4,28.3,37.7,586.84,574.48,28,56,1,-1.0,51.833333333333336,3.0
401756850,2025,1,regular,2025-08-31 02:00:00+00:00,Arizona State,Northern Arizona,38,19,False,False,1.0,0.0,0.0,3.9,28.3,22.7,,,,738.52,,19,57,1,-30.0,52.5,2.0
401752947,2025,1,regular,2025-08-31 02:00:00+00:00,Washington State,Idaho,13,10,False,False,1.0,0.0,0.0,3.8,24.6,20.5,,,,569.46,,3,23,1,-16.75,50.75,2.0
401756849,2025,1,regular,2025-08-31 02:30:00+00:00,Arizona,Hawai'i,40,6,False,False,1.0,0.0,50.0,12.0,33.0,19.5,1.7,27.3,27.3,651.62,481.2,34,46,1,-14.833333333333334,55.333333333333336,3.0
401752936,2025,1,regular,2025-08-31 02:30:00+00:00,Oregon State,California,15,34,False,False,1.0,0.0,0.0,-15.9,17.0,30.8,-3.2,25.6,27.9,667.99,726.21,-19,49,0,0.8333333333333334,49.333333333333336,3.0
401752805,2025,1,regular,2025-08-31 03:00:00+00:00,Washington,Colorado State,38,21,False,False,1.0,0.0,0.0,18.4,34.5,15.3,-15.6,17.6,32.9,720.56,583.71,17,59,1,-21.833333333333332,52.0,3.0
401752800,2025,1,regular,2025-08-31 03:00:00+00:00,UCLA,Utah,10,43,False,False,1.0,0.0,0.0,-8.7,21.7,30.4,22.2,39.7,17.5,766.62,707.86,-33,53,0,6.5,49.333333333333336,3.0
401752680,2025,1,regular,2025-08-31 19:00:00+00:00,South Carolina,Virginia Tech,24,11,True,False,1.0,0.0,0.0,5.9,24.6,20.2,-10.1,21.4,30.8,833.26,712.19,13,35,1,-7.666666666666667,50.666666666666664,3.0
401754522,2025,1,regular,2025-08-31 23:30:00+00:00,Miami,Notre Dame,27,24,False,False,1.0,0.0,0.0,20.7,34.2,14.3,24.4,40.0,16.3,874.57,912.11,3,51,1,2.6666666666666665,51.5,3.0
401754523,2025,1,regular,2025-09-02 00:00:00+00:00,North Carolina,TCU,14,48,False,False,1.0,0.0,0.0,-6.6,17.2,25.0,8.3,32.9,23.9,753.2,745.01,-34,62,0,3.3333333333333335,56.333333333333336,3.0
401754528,2025,2,regular,2025-09-05 23:00:00+00:00,Louisville,James Madison,28,14,False,False,1.0,60.0,60.0,12.4,31.6,19.8,12.3,34.9,21.4,700.77,459.53,14,42,1,-15.25,56.75,2.0
401752826,2025,2,regular,2025-09-05 23:30:00+00:00,Maryland,Northern Illinois,20,9,False,False,1.0,60.0,50.0,0.6,24.4,24.7,-16.7,12.0,28.1,699.31,471.01,11,29,1,-16.75,44.5,2.0
401752817,2025,2,regular,2025-09-05 23:30:00+00:00,Northwestern,Western Illinois,42,7,False,False,1.0,-3.0,-19.0,5.8,24.4,20.0,,,,677.97,,35,49,1,-31.0,49.0,2.0
401760363,2025,2,regular,2025-09-06 01:00:00+00:00,Boise State,Eastern Washington,51,14,False,False,1.0,-19.0,0.0,3.1,29.1,25.1,,,,610.65,,37,65,1,-33.25,60.0,2.0
401754524,2025,2,regular,2025-09-06 16:00:00+00:00,NC State,Virginia,35,31,False,False,1.0,100.0,60.0,4.8,31.4,25.5,11.1,28.8,18.1,707.51,666.74,4,66,1,-2.75,52.75,2.0
401754529,2025,2,regular,2025-09-06 16:00:00+00:00,Pittsburgh,Central Michigan,45,17,False,False,1.0,60.0,58.0,8.4,31.6,23.5,-8.8,17.6,25.7,681.21,481.16,28,62,1,-21.5,48.5,2.0
401756885,2025,2,regular,2025-09-06 16:00:00+00:00,Texas Tech,Kent State,62,14,False,False,1.0,60.0,50.0,27.6,39.3,12.3,-19.3,17.0,34.9,757.49,456.24,48,76,1,-48.0,59.75,2.0
401754621,2025,2,regular,2025-09-06 16:00:00+00:00,Florida State,East Texas A&M,77,3,False,False,1.0,154.0,-19.0,7.2,29.3,21.2,,,,828.45,,74,80,1,-44.5,57.5,2.0
401752812,2025,2,regular,2025-09-06 16:00:00+00:00,Indiana,Kennesaw State,56,9,False,False,1.0,96.0,-37.2,32.4,40.8,9.9,-5.4,26.4,30.2,645.34,338.87,47,65,1,-35.5,51.5,2.0
401752825,2025,2,regular,2025-09-06 16:00:00+00:00,Duke,Illinois,19,45,False,False,1.0,60.0,60.0,6.6,34.8,29.2,12.9,33.3,21.7,669.18,662.13,-26,64,0,2.5,49.25,2.0
401752813,2025,2,regular,2025-09-06 16:00:00+00:00,Minnesota,Northwestern State,66,0,False,False,1.0,60.0,0.0,1.5,23.8,20.8,,,,711.04,,66,66,1,-43.0,51.0,2.0
401757227,2025,2,regular,2025-09-06 16:00:00+00:00,Jacksonville State,Liberty,34,24,False,True,1.0,-37.2,60.0,-6.7,27.2,32.4,-9.0,24.6,32.8,519.93,599.12,10,58,1,6.25,50.5,2.0
401752822,2025,2,regular,2025-09-06 16:00:00+00:00,Iowa State,Iowa,16,13,False,False,1.0,180.0,60.0,9.9,28.1,19.5,19.7,32.1,14.2,648.93,710.0,3,29,1,-2.6666666666666665,43.25,3.0
401754525,2025,2,regular,2025-09-06 16:00:00+00:00,SMU,Baylor,45,48,False,False,1.0,60.0,-35.0,13.4,34.2,19.5,1.4,32.8,33.3,766.67,726.3,-3,93,0,-2.75,65.5,2.0
401752811,2025,2,regular,2025-09-06 16:00:00+00:00,Penn State,Florida International,34,0,False,False,1.0,60.0,60.0,18.1,35.1,18.8,-10.5,26.1,35.8,910.42,562.61,34,34,1,-41.75,53.5,2.0
401754618,2025,2,regular,2025-09-06 16:00:00+00:00,Syracuse,UConn,27,20,False,False,1.0,-35.0,60.0,-13.1,18.8,33.0,5.1,32.0,28.5,727.83,568.12,7,47,1,-7.25,57.5,2.0
401752693,2025,2,regular,2025-09-06 16:00:00+00:00,Texas,San José State,38,7,False,False,1.0,33.0,-75.0,16.2,32.9,17.9,-14.3,21.6,34.4,973.54,522.91,31,45,1,-36.75,52.5,2.0
401752694,2025,2,regular,2025-09-06 16:45:00+00:00,Texas A&M,Utah State,44,22,False,False,1.0,96.0,60.0,20.7,38.0,16.4,-3.1,29.5,31.2,917.29,503.59,22,66,1,-34.5,57.5,2.0
401754620,2025,2,regular,2025-09-06 18:00:00+00:00,Wake Forest,Western Carolina,42,10,False,False,1.0,80.0,0.0,5.7,26.6,20.9,,,,627.16,,32,52,1,-17.5,60.0,2.0
401762462,2025,2,regular,2025-09-06 18:00:00+00:00,Temple,Howard,55,7,False,False,1.0,68.0,0.0,-5.1,27.1,33.2,,,,507.91,,48,62,1,-27.75,46.25,2.0
401760366,2025,2,regular,2025-09-06 19:00:00+00:00,New Mexico,Idaho State,32,22,False,False,1.0,-9.0,-37.2,0.9,25.4,26.1,,,,378.8,,10,54,1,-17.5,60.25,2.0
401752692,2025,2,regular,2025-09-06 19:30:00+00:00,Tennessee,East Tennessee State,72,17,False,False,1.0,90.0,0.0,15.0,39.3,25.4,,,,866.57,,55,89,1,-40.0,58.5,2.0
401756880,2025,2,regular,2025-09-06 19:30:00+00:00,Cincinnati,Bowling Green,34,20,False,False,1.0,-50.0,60.0,4.5,30.2,26.4,-12.6,15.4,28.8,644.1,527.31,14,54,1,-22.0,46.5,2.0
401752815,2025,2,regular,2025-09-06 19:30:00+00:00,Ohio State,Grambling,70,0,False,False,1.0,128.0,0.0,30.1,37.6,7.7,,,,973.69,,70,70,1,-53.5,63.5,2.0
401752937,2025,2,regular,2025-09-06 19:30:00+00:00,Oregon State,Fresno State,27,36,False,False,1.0,-70.0,2.799999999999997,-15.9,17.0,30.8,1.8,23.0,21.1,667.99,586.84,-9,63,0,-1.25,45.0,2.0
401762816,2025,2,regular,2025-09-06 19:30:00+00:00,Massachusetts,Bryant,26,27,False,False,1.0,-70.0,-97.0,-36.6,7.8,42.8,,,,488.73,,-1,53,0,-15.5,52.25,2.0
401752818,2025,2,regular,2025-09-06 19:30:00+00:00,Rutgers,Miami (OH),45,17,False,False,1.0,80.0,-57.2,1.0,31.6,30.7,-3.4,19.3,24.2,689.22,592.1,28,62,1,-15.5,45.5,2.0
401754622,2025,2,regular,2025-09-06 19:30:00+00:00,Georgia Tech,Gardner-Webb,59,12,False,False,1.0,58.0,0.0,9.3,32.5,24.9,,,,715.56,,47,71,1,-37.5,59.5,2.0
401761603,2025,2,regular,2025-09-06 19:30:00+00:00,UTSA,Texas State,36,43,False,False,1.0,17.0,60.0,3.7,33.3,30.0,2.3,36.6,34.6,662.09,612.16,-7,79,0,-4.5,64.5,2.0
401761596,2025,2,regular,2025-09-06 19:30:00+00:00,App State,Lindenwood,20,13,False,False,1.0,90.0,0.0,-11.4,23.0,35.2,,,,611.31,,7,33,1,-30.5,55.25,2.0
401762461,2025,2,regular,2025-09-06 19:30:00+00:00,Western Michigan,North Texas,30,33,False,False,1.0,-57.2,60.0,-1.4,21.7,21.8,13.8,43.1,28.6,534.35,569.15,-3,63,0,12.25,56.25,2.0
401762458,2025,2,regular,2025-09-06 19:30:00+00:00,Navy,UAB,38,24,False,True,1.0,60.0,60.0,6.2,33.6,27.9,-15.8,25.5,39.8,,540.93,14,62,1,-21.5,58.75,2.0
401752689,2025,2,regular,2025-09-06 19:30:00+00:00,Missouri,Kansas,42,31,False,False,1.0,60.0,156.0,14.4,31.2,15.4,4.1,30.9,28.5,804.77,705.32,11,73,1,-6.333333333333333,50.25,3.0
401752685,2025,2,regular,2025-09-06 19:30:00+00:00,Georgia,Austin Peay,28,6,False,False,1.0,96.0,68.0,24.1,37.0,14.8,,,,1002.98,,22,34,1,-46.75,56.0,2.0
401762794,2025,2,regular,2025-09-06 19:30:00+00:00,Buffalo,Saint Francis,45,6,False,False,1.0,-57.2,-97.0,-7.5,18.2,27.4,,,,513.33,,39,51,1,-37.25,48.25,2.0
401752824,2025,2,regular,2025-09-06 19:30:00+00:00,Oregon,Oklahoma State,69,3,False,False,1.0,60.0,60.0,25.9,38.7,13.5,-15.1,15.2,31.6,941.22,702.74,66,72,1,-28.5,55.5,2.0
401756881,2025,2,regular,2025-09-06 19:30:00+00:00,Colorado,Delaware,31,7,False,False,1.0,-25.0,60.0,-8.3,22.6,29.5,-10.9,26.2,36.2,755.2,242.85,24,38,1,-23.5,49.5,2.0
401752686,2025,2,regular,2025-09-06 19:30:00+00:00,Kentucky,Ole Miss,23,30,False,True,1.0,80.0,60.0,1.8,25.5,23.7,24.0,40.4,18.3,763.18,813.11,-7,53,0,7.75,51.5,2.0
401754637,2025,2,regular,2025-09-06 19:30:00+00:00,Clemson,Troy,27,16,False,False,1.0,-25.0,60.0,9.5,27.5,18.9,-4.8,23.6,29.0,918.43,561.87,11,43,1,-30.25,51.5,2.0
401756883,2025,2,regular,2025-09-06 20:00:00+00:00,Ohio,West Virginia,17,10,False,False,1.0,-37.2,60.0,-4.0,23.2,25.2,-6.8,22.8,30.0,469.99,662.33,7,27,1,3.5,58.5,2.0
401760367,2025,2,regular,2025-09-06 20:00:00+00:00,Wyoming,Northern Iowa,31,7,False,False,1.0,68.0,0.0,-11.3,15.3,24.7,,,,489.33,,24,38,1,-13.75,46.5,2.0
401752820,2025,2,regular,2025-09-06 20:00:00+00:00,Wisconsin,Middle Tennessee,42,10,False,False,1.0,96.0,-105.0,-4.4,17.4,20.9,-16.0,20.4,37.0,763.17,520.55,32,52,1,-28.5,45.0,2.0
401752684,2025,2,regular,2025-09-06 20:15:00+00:00,Florida,South Florida,16,18,False,False,1.0,60.0,96.0,3.5,24.5,22.6,11.6,37.7,25.3,898.58,666.89,-2,34,0,-18.5,58.25,2.0
401760365,2025,2,regular,2025-09-06 21:00:00+00:00,Nevada,Sacramento State,20,17,False,False,1.0,-19.0,0.0,-13.4,14.2,28.7,,,,488.69,,3,37,1,-8.75,55.75,2.0
401752682,2025,2,regular,2025-09-06 21:00:00+00:00,Arkansas,Arkansas State,56,14,True,False,1.0,60.0,60.0,5.1,35.8,31.4,-8.8,24.4,33.5,772.64,591.27,42,70,1,-24.0,61.75,2.0
401761602,2025,2,regular,2025-09-06 21:00:00+00:00,Southern Miss,Jackson State,38,20,False,False,1.0,-70.0,0.0,-7.1,27.0,32.8,,,,602.53,,18,58,1,-13.5,52.75,2.0
401762460,2025,2,regular,2025-09-06 22:00:00+00:00,Florida Atlantic,Florida A&M,56,14,False,False,1.0,-57.2,0.0,-8.7,27.8,38.1,,,,605.22,,42,70,1,-21.25,50.75,2.0
401754530,2025,2,regular,2025-09-06 22:00:00+00:00,California,Texas Southern,35,3,False,False,1.0,68.0,0.0,-3.2,25.6,27.9,,,,726.21,,32,38,1,-44.5,54.5,2.0
401756887,2025,2,regular,2025-09-06 22:00:00+00:00,Utah,Cal Poly,63,9,False,False,1.0,68.0,0.0,22.2,39.7,17.5,,,,707.86,,54,72,1,-42.5,53.0,2.0
401757228,2025,2,regular,2025-09-06 22:00:00+00:00,Marshall,Missouri State,20,21,False,False,1.0,21.0,-7.0,-4.5,29.6,34.8,-10.7,25.6,34.8,590.64,426.1,-1,41,0,-7.25,53.5,2.0
401762459,2025,2,regular,2025-09-06 22:00:00+00:00,East Carolina,Campbell,56,3,False,False,1.0,-37.2,0.0,8.0,32.6,24.0,,,,611.55,,53,59,1,-30.25,55.75,2.0
401761599,2025,2,regular,2025-09-06 22:00:00+00:00,Old Dominion,North Carolina Central,54,6,False,False,1.0,31.0,0.0,5.9,31.6,23.7,,,,477.45,,48,60,1,-21.75,49.5,2.0
401760364,2025,2,regular,2025-09-06 23:00:00+00:00,Colorado State,Northern Colorado,21,17,False,False,1.0,-19.0,0.0,-15.6,17.6,32.9,,,,583.71,,4,38,1,-34.75,52.5,2.0
401757232,2025,2,regular,2025-09-06 23:00:00+00:00,Toledo,Western Kentucky,45,21,False,False,1.0,-37.2,120.0,6.0,25.8,18.5,1.6,28.8,28.6,620.13,561.36,24,66,1,-8.0,57.0,2.0
401761598,2025,2,regular,2025-09-06 23:00:00+00:00,Georgia State,Memphis,16,38,False,False,1.0,27.0,60.0,-24.5,18.6,41.1,7.6,34.3,28.3,611.97,668.63,-22,54,0,15.0,57.5,2.0
401761601,2025,2,regular,2025-09-06 23:00:00+00:00,South Alabama,Tulane,31,33,False,False,1.0,60.0,96.0,-12.7,25.4,36.0,6.3,32.4,27.6,544.87,650.87,-2,64,0,13.5,51.5,2.0
401754641,2025,2,regular,2025-09-06 23:00:00+00:00,Miami,Bethune-Cookman,45,3,False,False,1.0,132.0,-97.0,20.7,34.2,14.3,,,,874.57,,42,48,1,-54.5,64.5,1.0
401762795,2025,2,regular,2025-09-06 23:00:00+00:00,Eastern Michigan,Long Island University,23,28,False,False,1.0,-57.2,-57.2,-14.7,19.4,34.1,,,,572.9,,-5,51,0,-22.0,54.0,2.0
401756884,2025,2,regular,2025-09-06 23:00:00+00:00,Rice,Houston,9,35,False,False,1.0,58.0,60.0,-14.8,17.7,33.9,7.4,31.5,23.0,530.06,656.74,-26,44,0,13.5,38.5,2.0
401756882,2025,2,regular,2025-09-06 23:00:00+00:00,Kansas State,Army,21,24,False,False,1.0,25.0,-75.0,7.0,31.3,25.0,0.8,24.7,24.1,705.85,23.66,-3,45,0,-16.75,48.5,2.0
401756886,2025,2,regular,2025-09-06 23:00:00+00:00,UCF,North Carolina A&T,68,7,False,False,1.0,50.0,0.0,-1.2,23.2,24.0,,,,709.99,,61,75,1,-37.5,51.25,2.0
401752691,2025,2,regular,2025-09-06 23:00:00+00:00,South Carolina,South Carolina State,38,10,False,False,1.0,90.0,0.0,5.9,24.6,20.2,,,,833.26,,28,48,1,-42.75,54.25,2.0
401754527,2025,2,regular,2025-09-06 23:00:00+00:00,Charlotte,North Carolina,3,20,False,False,1.0,-105.0,-33.0,-26.7,14.5,39.8,-6.6,17.2,25.0,526.3,753.2,-17,23,0,15.75,49.5,2.0
401752683,2025,2,regular,2025-09-06 23:30:00+00:00,Auburn,Ball State,42,3,False,False,1.0,108.80000000000001,-97.0,11.6,28.3,17.4,-23.0,13.4,34.4,891.84,495.35,39,45,1,-42.75,52.5,2.0
401752687,2025,2,regular,2025-09-06 23:30:00+00:00,LSU,Louisiana Tech,23,7,False,False,1.0,116.0,60.0,10.3,25.8,16.1,-1.3,25.6,27.0,920.05,493.5,16,30,1,-36.5,49.5,2.0
401752690,2025,2,regular,2025-09-06 23:30:00+00:00,Oklahoma,Michigan,24,13,False,False,1.0,60.0,96.0,18.3,30.1,12.9,12.4,30.9,17.0,882.59,907.22,11,37,1,-3.5,45.333333333333336,3.0
401752814,2025,2,regular,2025-09-06 23:30:00+00:00,USC,Georgia Southern,59,20,False,False,1.0,60.0,-57.2,16.9,38.9,21.0,-9.4,28.3,37.7,847.53,574.48,39,79,1,-28.75,62.0,2.0
401752695,2025,2,regular,2025-09-06 23:30:00+00:00,Virginia Tech,Vanderbilt,20,44,False,False,1.0,-70.0,60.0,-10.1,21.4,30.8,20.3,39.9,21.4,712.19,685.42,-24,64,0,-2.0,45.5,2.0
401752819,2025,2,regular,2025-09-06 23:30:00+00:00,Purdue,Southern Illinois,34,17,False,False,1.0,60.0,0.0,-6.1,21.9,29.9,,,,687.74,,17,51,1,-21.0,52.25,2.0
401752688,2025,2,regular,2025-09-06 23:30:00+00:00,Mississippi State,Arizona State,24,20,False,False,1.0,68.0,60.0,4.1,31.6,29.0,3.9,28.3,22.7,770.48,738.52,4,44,1,5.75,58.5,2.0
401752816,2025,2,regular,2025-09-06 23:30:00+00:00,Michigan State,Boston College,42,40,False,False,1.0,96.0,60.0,-3.4,26.6,28.7,-8.5,23.3,33.1,717.42,650.12,2,82,1,-3.5,45.5,2.0
401752810,2025,2,regular,2025-09-06 23:30:00+00:00,Nebraska,Akron,68,0,False,False,1.0,120.0,-105.0,6.2,28.8,22.7,-13.9,17.2,29.3,821.39,537.21,68,68,1,-33.75,47.5,2.0
401761597,2025,2,regular,2025-09-06 23:30:00+00:00,Coastal Carolina,Charleston Southern,13,0,False,False,1.0,1.0,3.0,-15.1,23.4,37.0,,,,610.88,,13,13,1,-28.0,48.75,2.0
401752681,2025,2,regular,2025-09-06 23:45:00+00:00,Alabama,UL Monroe,73,0,False,False,1.0,-57.2,60.0,14.8,32.2,16.1,-21.6,16.1,35.7,993.55,473.34,73,73,1,-34.25,50.25,2.0
401761600,2025,2,regular,2025-09-07 00:00:00+00:00,Louisiana,McNeese,34,10,False,False,1.0,-75.0,0.0,-10.1,25.3,34.0,,,,585.82,,24,44,1,-19.25,49.75,2.0
401752823,2025,2,regular,2025-09-07 00:00:00+00:00,UNLV,UCLA,30,23,False,False,1.0,140.0,-11.0,4.3,33.8,29.8,-8.7,21.7,30.4,700.54,766.62,7,53,1,2.5,54.5,2.0
401757229,2025,2,regular,2025-09-07 01:00:00+00:00,New Mexico State,Tulsa,21,14,False,False,1.0,60.0,60.0,-15.5,19.7,34.9,-10.0,21.7,33.1,402.9,594.78,7,35,1,3.25,53.0,2.0
401757231,2025,2,regular,2025-09-07 01:00:00+00:00,UTEP,UT Martin,42,17,False,False,1.0,-57.2,-97.0,-17.5,20.2,36.3,,,,551.88,,25,59,1,-7.5,49.5,2.0
401756879,2025,2,regular,2025-09-07 02:00:00+00:00,Arizona,Weber State,48,3,False,False,1.0,96.0,-5.0,12.0,33.0,19.5,,,,651.62,,45,51,1,-31.5,56.5,2.0
401754526,2025,2,regular,2025-09-07 02:15:00+00:00,BYU,Stanford,27,3,False,False,1.0,60.0,-37.2,15.9,33.9,18.8,-11.8,18.4,28.6,649.36,707.27,24,30,1,-20.5,44.0,2.0
401752948,2025,2,regular,2025-09-07 02:15:00+00:00,Washington State,San Diego State,36,13,False,False,1.0,50.0,60.0,3.8,24.6,20.5,6.7,24.4,19.6,569.46,594.27,23,49,1,-2.25,46.5,2.0
401752821,2025,2,regular,2025-09-07 03:00:00+00:00,Washington,UC Davis,70,10,False,False,1.0,60.0,0.0,18.4,34.5,15.3,,,,720.56,,60,80,1,-28.75,54.25,2.0
401757230,2025,2,regular,2025-09-07 03:59:00+00:00,Hawai'i,Sam Houston,37,20,False,False,1.0,31.0,-127.2,1.7,27.3,27.3,-27.8,15.3,41.8,481.2,477.35,17,57,1,-7.25,48.0,2.0
401754531,2025,3,regular,2025-09-11 23:30:00+00:00,Wake Forest,NC State,24,34,False,True,1.0,140.0,200.0,5.7,26.6,20.9,4.8,31.4,25.5,627.16,707.51,-10,58,0,7.333333333333333,52.666666666666664,3.0
401752836,2025,3,regular,2025-09-12 22:30:00+00:00,Indiana,Indiana State,73,0,False,False,1.0,192.0,0.0,32.4,40.8,9.9,,,,645.34,,73,73,1,-47.5,60.333333333333336,3.0
401754532,2025,3,regular,2025-09-12 23:00:00+00:00,Syracuse,Colgate,66,24,False,False,1.0,45.0,0.0,-13.1,18.8,33.0,,,,727.83,,42,90,1,-36.833333333333336,64.33333333333333,3.0
401756893,2025,3,regular,2025-09-12 23:30:00+00:00,Houston,Colorado,36,20,False,True,1.0,128.0,35.0,7.4,31.5,23.0,-8.3,22.6,29.5,656.74,755.2,16,56,1,-3.8333333333333335,45.333333333333336,3.0
401756888,2025,3,regular,2025-09-13 01:00:00+00:00,Arizona,Kansas State,23,17,False,False,1.0,156.0,-25.0,12.0,33.0,19.5,7.0,31.3,25.0,651.62,705.85,6,40,1,1.5,55.833333333333336,3.0
401752837,2025,3,regular,2025-09-13 02:00:00+00:00,UCLA,New Mexico,10,35,False,False,1.0,-48.2,51.0,-8.7,21.7,30.4,0.9,25.4,26.1,766.62,378.8,-25,45,0,-15.5,52.666666666666664,3.0
401752703,2025,3,regular,2025-09-13 16:00:00+00:00,Temple,Oklahoma,3,42,False,False,1.0,128.0,202.0,-5.1,27.1,33.2,18.3,30.1,12.9,507.91,882.59,-39,45,0,23.833333333333332,51.0,3.0
401752838,2025,3,regular,2025-09-13 16:00:00+00:00,Maryland,Towson,44,17,False,False,1.0,120.0,0.0,0.6,24.4,24.7,,,,699.31,,27,61,1,-28.5,53.166666666666664,3.0
401761608,2025,3,regular,2025-09-13 16:00:00+00:00,Troy,Memphis,7,28,False,False,1.0,77.0,128.0,-4.8,23.6,29.0,7.6,34.3,28.3,561.87,668.63,-21,35,0,4.5,51.333333333333336,3.0
401754619,2025,3,regular,2025-09-13 16:00:00+00:00,Virginia,William & Mary,55,16,False,False,1.0,22.799999999999997,0.0,11.1,28.8,18.1,,,,666.74,,39,71,1,-30.333333333333332,53.5,3.0
401752828,2025,3,regular,2025-09-13 16:00:00+00:00,Nebraska,Houston Christian,59,7,False,False,1.0,180.0,0.0,6.2,28.8,22.7,,,,821.39,,52,66,1,-47.833333333333336,58.333333333333336,3.0
401754623,2025,3,regular,2025-09-13 16:00:00+00:00,Georgia Tech,Clemson,24,21,False,True,1.0,118.0,71.0,9.3,32.5,24.9,9.5,27.5,18.9,715.56,918.43,3,45,1,2.8333333333333335,50.666666666666664,3.0
401752831,2025,3,regular,2025-09-13 16:00:00+00:00,Northwestern,Oregon,14,34,False,True,1.0,57.0,120.0,5.8,24.4,20.0,25.9,38.7,13.5,677.97,941.22,-20,48,0,25.5,50.5,3.0
401752696,2025,3,regular,2025-09-13 16:00:00+00:00,Alabama,Wisconsin,38,14,False,False,1.0,2.799999999999997,156.0,14.8,32.2,16.1,-4.4,17.4,20.9,993.55,763.17,24,52,1,-18.5,45.333333333333336,3.0
401752839,2025,3,regular,2025-09-13 16:00:00+00:00,Michigan,Central Michigan,63,3,False,False,1.0,93.0,39.0,12.4,30.9,17.0,-8.8,17.6,25.7,907.22,481.16,60,66,1,-27.666666666666668,42.666666666666664,3.0
401762817,2025,3,regular,2025-09-13 16:00:00+00:00,Kent State,Buffalo,28,31,False,True,1.0,35.0,2.799999999999997,-19.3,17.0,34.9,-7.5,18.2,27.4,456.24,513.33,-3,59,0,24.0,48.166666666666664,3.0
401756891,2025,3,regular,2025-09-13 16:00:00+00:00,Baylor,Samford,42,7,False,False,1.0,99.0,0.0,1.4,32.8,33.3,,,,726.3,,35,49,1,-52.0,64.83333333333333,3.0
401752697,2025,3,regular,2025-09-13 16:45:00+00:00,Auburn,South Alabama,31,15,False,False,1.0,168.8,10.0,11.6,28.3,17.4,-12.7,25.4,36.0,891.84,544.87,16,46,1,-26.333333333333332,56.0,3.0
401752702,2025,3,regular,2025-09-13 17:00:00+00:00,Missouri,Louisiana,52,10,False,False,1.0,156.0,-15.0,14.4,31.2,15.4,-10.1,25.3,34.0,804.77,585.82,42,62,1,-27.5,47.166666666666664,3.0
401762818,2025,3,regular,2025-09-13 18:00:00+00:00,Ball State,New Hampshire,34,29,False,False,1.0,-116.0,0.0,-23.0,13.4,34.4,,,,495.35,,5,63,1,-2.8333333333333335,46.5,3.0
401757168,2025,3,regular,2025-09-13 19:00:00+00:00,Delaware,UConn,44,41,False,False,1.0,-37.0,-7.0,-10.9,26.2,36.2,5.1,32.0,28.5,242.85,568.12,3,85,1,8.666666666666666,52.166666666666664,3.0
401752832,2025,3,regular,2025-09-13 19:30:00+00:00,Purdue,USC,17,33,False,True,1.0,120.0,120.0,-6.1,21.9,29.9,16.9,38.9,21.0,687.74,847.53,-16,50,0,20.5,59.333333333333336,3.0
401752705,2025,3,regular,2025-09-13 19:30:00+00:00,Tennessee,Georgia,41,44,False,True,1.0,150.0,156.0,15.0,39.3,25.4,24.1,37.0,14.8,866.57,1002.98,-3,85,0,3.5,50.5,3.0
401752835,2025,3,regular,2025-09-13 19:30:00+00:00,Penn State,Villanova,52,6,False,False,1.0,120.0,0.0,18.1,35.1,18.8,,,,910.42,,46,58,1,-47.166666666666664,56.833333333333336,3.0
401752833,2025,3,regular,2025-09-13 19:30:00+00:00,Rutgers,Norfolk State,60,10,False,False,1.0,176.0,0.0,1.0,31.6,30.7,,,,689.22,,50,70,1,-44.833333333333336,56.0,3.0
401754638,2025,3,regular,2025-09-13 19:30:00+00:00,West Virginia,Pittsburgh,31,24,False,False,1.0,22.799999999999997,120.0,-6.8,22.8,30.0,8.4,31.6,23.5,662.33,681.21,7,55,1,6.833333333333333,55.0,3.0
401754615,2025,3,regular,2025-09-13 19:30:00+00:00,Missouri State,SMU,10,28,False,False,1.0,85.80000000000001,10.0,-10.7,25.6,34.8,13.4,34.2,19.5,426.1,766.67,-18,38,0,28.833333333333332,60.333333333333336,3.0
401762819,2025,3,regular,2025-09-13 19:30:00+00:00,Toledo,Morgan State,60,0,False,False,1.0,58.8,-97.0,6.0,25.8,18.5,,,,620.13,,60,60,1,-33.666666666666664,54.5,3.0
401752834,2025,3,regular,2025-09-13 19:30:00+00:00,Michigan State,Youngstown State,41,24,False,False,1.0,146.0,0.0,-3.4,26.6,28.7,,,,717.42,,17,65,1,-24.833333333333332,55.666666666666664,3.0
401752938,2025,3,regular,2025-09-13 19:30:00+00:00,Texas Tech,Oregon State,45,14,False,False,1.0,120.0,-120.0,27.6,39.3,12.3,-15.9,17.0,30.8,757.49,667.99,31,59,1,-24.0,61.5,3.0
401762467,2025,3,regular,2025-09-13 19:30:00+00:00,UTSA,Incarnate Word,48,20,False,False,1.0,-33.0,0.0,3.7,33.3,30.0,,,,662.09,,28,68,1,-21.166666666666668,62.333333333333336,3.0
401752949,2025,3,regular,2025-09-13 19:30:00+00:00,North Texas,Washington State,59,10,False,False,1.0,152.8,146.0,13.8,43.1,28.6,3.8,24.6,20.5,569.15,569.46,49,69,1,-6.5,57.833333333333336,3.0
401756892,2025,3,regular,2025-09-13 19:30:00+00:00,Cincinnati,Northwestern State,70,0,False,False,1.0,10.0,-57.2,4.5,30.2,26.4,,,,644.1,,70,70,1,-48.5,55.833333333333336,3.0
401754639,2025,3,regular,2025-09-13 19:30:00+00:00,North Carolina,Richmond,41,6,False,False,1.0,35.0,0.0,-6.6,17.2,25.0,,,,753.2,,35,47,1,-24.5,47.666666666666664,3.0
401756890,2025,3,regular,2025-09-13 20:00:00+00:00,Arkansas State,Iowa State,16,24,False,False,1.0,-10.0,280.0,-8.8,24.4,33.5,9.9,28.1,19.5,591.27,648.93,-8,40,0,21.0,55.666666666666664,3.0
401752706,2025,3,regular,2025-09-13 20:15:00+00:00,Texas,UTEP,27,10,False,False,1.0,93.0,2.799999999999997,16.2,32.9,17.9,-17.5,20.2,36.3,973.54,551.88,17,37,1,-39.833333333333336,52.333333333333336,3.0
401754535,2025,3,regular,2025-09-13 20:30:00+00:00,Miami,South Florida,49,12,False,False,1.0,192.0,238.0,20.7,34.2,14.3,11.6,37.7,25.3,874.57,666.89,37,61,1,-17.666666666666668,56.5,3.0
401757256,2025,3,regular,2025-09-13 21:00:00+00:00,Bowling Green,Liberty,23,13,False,False,1.0,2.799999999999997,-37.0,-12.6,15.4,28.8,-9.0,24.6,32.8,527.31,599.12,10,36,1,6.0,51.5,3.0
401757258,2025,3,regular,2025-09-13 21:00:00+00:00,Nevada,Middle Tennessee,13,14,False,False,1.0,31.0,-162.2,-13.4,14.2,28.7,-16.0,20.4,37.0,488.69,520.55,-1,27,0,-9.333333333333334,49.666666666666664,3.0
401752701,2025,3,regular,2025-09-13 22:00:00+00:00,Mississippi State,Alcorn State,63,0,False,False,1.0,196.0,0.0,4.1,31.6,29.0,,,,770.48,,63,63,1,-42.75,55.5,3.0
401757233,2025,3,regular,2025-09-13 22:00:00+00:00,Florida International,Florida Atlantic,38,28,False,False,1.0,89.0,2.799999999999997,-10.5,26.1,35.8,-8.7,27.8,38.1,562.61,605.22,10,66,1,-2.0,56.5,3.0
401761606,2025,3,regular,2025-09-13 22:00:00+00:00,Marshall,Eastern Kentucky,38,7,False,False,1.0,-54.0,-19.0,-4.5,29.6,34.8,,,,590.64,,31,45,1,-15.666666666666666,50.0,3.0
401762464,2025,3,regular,2025-09-13 22:00:00+00:00,Charlotte,Monmouth,42,35,False,False,1.0,-210.0,0.0,-26.7,14.5,39.8,,,,526.3,,7,77,1,-2.6666666666666665,66.0,3.0
401757235,2025,3,regular,2025-09-13 22:00:00+00:00,Kennesaw State,Merrimack,27,13,False,False,1.0,-50.2,-67.0,-5.4,26.4,30.2,,,,338.87,,14,40,1,-17.333333333333332,44.5,3.0
401757234,2025,3,regular,2025-09-13 23:00:00+00:00,Georgia Southern,Jacksonville State,41,34,False,False,1.0,-76.2,22.799999999999997,-9.4,28.3,37.7,-6.7,27.2,32.4,574.48,519.93,7,75,1,-3.1666666666666665,58.333333333333336,3.0
401761607,2025,3,regular,2025-09-13 23:00:00+00:00,Southern Miss,App State,38,22,False,True,1.0,-10.0,140.0,-7.1,27.0,32.8,-11.4,23.0,35.2,602.53,611.31,16,60,1,2.8333333333333335,56.166666666666664,3.0
401761605,2025,3,regular,2025-09-13 23:00:00+00:00,Georgia State,Murray State,37,21,False,False,1.0,-8.0,0.0,-24.5,18.6,41.1,,,,611.97,,16,58,1,-31.666666666666668,63.5,3.0
401752700,2025,3,regular,2025-09-13 23:00:00+00:00,Ole Miss,Arkansas,41,35,False,True,1.0,152.8,150.0,24.0,40.4,18.3,5.1,35.8,31.4,813.11,772.64,6,76,1,-3.8333333333333335,60.5,3.0
401754536,2025,3,regular,2025-09-13 23:00:00+00:00,Virginia Tech,Old Dominion,26,45,False,False,1.0,-105.0,91.0,-10.1,21.4,30.8,5.9,31.6,23.7,712.19,477.45,-19,71,0,-5.5,50.666666666666664,3.0
401762466,2025,3,regular,2025-09-13 23:00:00+00:00,Rice,Prairie View A&M,38,17,False,False,1.0,23.0,0.0,-14.8,17.7,33.9,,,,530.06,,21,55,1,-29.0,48.333333333333336,3.0
401752829,2025,3,regular,2025-09-13 23:00:00+00:00,Illinois,Western Michigan,38,0,False,False,1.0,168.8,-82.2,12.9,33.3,21.7,-1.4,21.7,21.8,662.13,534.35,38,38,1,-27.5,50.666666666666664,3.0
401752827,2025,3,regular,2025-09-13 23:00:00+00:00,Ohio State,Ohio,37,9,False,False,1.0,188.0,12.799999999999997,30.1,37.6,7.7,-4.0,23.2,25.2,973.69,469.99,28,46,1,-28.333333333333332,49.333333333333336,3.0
401761604,2025,3,regular,2025-09-13 23:30:00+00:00,Coastal Carolina,East Carolina,0,38,False,False,1.0,61.0,22.799999999999997,-15.1,23.4,37.0,8.0,32.6,24.0,610.88,611.55,-38,38,0,7.166666666666667,57.333333333333336,3.0
401752830,2025,3,regular,2025-09-13 23:30:00+00:00,Iowa,Massachusetts,47,7,False,False,1.0,71.0,-145.0,19.7,32.1,14.2,-36.6,7.8,42.8,710.0,488.73,40,54,1,-35.333333333333336,44.333333333333336,3.0
401752698,2025,3,regular,2025-09-13 23:30:00+00:00,Kentucky,Eastern Michigan,48,23,False,False,1.0,67.0,-132.2,1.8,25.5,23.7,-14.7,19.4,34.1,763.18,572.9,25,71,1,-26.666666666666668,49.833333333333336,3.0
401752707,2025,3,regular,2025-09-13 23:30:00+00:00,Notre Dame,Texas A&M,40,41,False,False,1.0,39.0,192.0,24.4,40.0,16.3,20.7,38.0,16.4,912.11,917.29,-1,81,0,-6.833333333333333,49.333333333333336,3.0
401757257,2025,3,regular,2025-09-13 23:30:00+00:00,Louisiana Tech,New Mexico State,49,14,False,True,1.0,87.0,110.0,-1.3,25.6,27.0,-15.5,19.7,34.9,493.5,402.9,35,63,1,-10.166666666666666,42.666666666666664,3.0
401752699,2025,3,regular,2025-09-13 23:30:00+00:00,LSU,Florida,20,10,False,True,1.0,212.0,35.0,10.3,25.8,16.1,3.5,24.5,22.6,920.05,898.58,10,30,1,-5.0,47.333333333333336,3.0
401752704,2025,3,regular,2025-09-13 23:45:00+00:00,South Carolina,Vanderbilt,7,31,False,True,1.0,150.0,128.0,5.9,24.6,20.2,20.3,39.9,21.4,833.26,685.42,-24,38,0,-2.8333333333333335,48.5,3.0
401756894,2025,3,regular,2025-09-14 00:00:00+00:00,TCU,Abilene Christian,42,21,False,False,1.0,68.0,-97.0,8.3,32.9,23.9,,,,745.01,,21,63,1,-42.0,59.833333333333336,3.0
401756895,2025,3,regular,2025-09-14 00:00:00+00:00,Wyoming,Utah,6,31,False,False,1.0,128.0,128.0,-11.3,15.3,24.7,22.2,39.7,17.5,489.33,707.86,-25,37,0,24.5,47.333333333333336,3.0
401754534,2025,3,regular,2025-09-14 00:00:00+00:00,Tulane,Duke,34,27,False,False,1.0,154.0,55.0,6.3,32.4,27.6,6.6,34.8,29.2,650.87,669.18,7,61,1,-0.5,52.833333333333336,3.0
401762465,2025,3,regular,2025-09-14 00:00:00+00:00,Tulsa,Navy,23,42,False,True,1.0,-7.0,120.0,-10.0,21.7,33.1,6.2,33.6,27.9,594.78,,-19,65,0,13.666666666666666,52.666666666666664,3.0
401762463,2025,3,regular,2025-09-14 00:30:00+00:00,UAB,Akron,31,28,False,False,1.0,2.799999999999997,-162.2,-15.8,25.5,39.8,-13.9,17.2,29.3,540.93,537.21,3,59,1,-12.666666666666666,59.0,3.0
401760368,2025,3,regular,2025-09-14 01:45:00+00:00,Utah State,Air Force,49,30,False,True,1.0,55.0,60.0,-3.1,29.5,31.2,-3.2,28.3,31.7,503.59,,19,79,1,4.0,51.5,3.0
401760369,2025,3,regular,2025-09-14 02:00:00+00:00,Fresno State,Southern,56,7,False,False,1.0,60.8,0.0,1.8,23.0,21.1,,,,586.84,,49,63,1,-37.166666666666664,51.0,3.0
401754533,2025,3,regular,2025-09-14 02:30:00+00:00,Stanford,Boston College,30,20,False,True,1.0,-56.2,22.799999999999997,-11.8,18.4,28.6,-8.5,23.3,33.1,707.27,650.12,10,50,1,13.833333333333334,45.166666666666664,3.0
401752840,2025,3,regular,2025-09-14 02:30:00+00:00,California,Minnesota,27,14,False,False,1.0,128.0,120.0,-3.2,25.6,27.9,1.5,23.8,20.8,726.21,711.04,13,41,1,3.1666666666666665,40.5,3.0
401756889,2025,3,regular,2025-09-14 02:30:00+00:00,Arizona State,Texas State,34,15,False,False,1.0,22.799999999999997,152.8,3.9,28.3,22.7,2.3,36.6,34.6,738.52,612.16,19,49,1,-18.5,61.5,3.0
401760370,2025,3,regular,2025-09-14 03:59:00+00:00,Hawai'i,Portland State,23,3,False,False,1.0,91.0,11.0,1.7,27.3,27.3,,,,481.2,,20,26,1,-36.5,54.5,3.0
401762468,2025,4,regular,2025-09-18 23:30:00+00:00,Charlotte,Rice,17,28,False,True,1.0,-160.0,83.0,-26.7,14.5,39.8,-14.8,17.7,33.9,526.3,530.06,-11,45,0,1.6666666666666667,42.0,3.0
401756900,2025,4,regular,2025-09-19 23:30:00+00:00,Oklahoma State,Tulsa,12,19,False,False,1.0,81.0,-77.0,-15.1,15.2,31.6,-10.0,21.7,33.1,702.74,594.78,-7,31,0,-10.166666666666666,54.666666666666664,3.0
401752844,2025,4,regular,2025-09-20 00:00:00+00:00,Rutgers,Iowa,28,38,False,True,1.0,236.0,131.0,1.0,31.6,30.7,19.7,32.1,14.2,689.22,710.0,-10,66,0,2.3333333333333335,46.5,3.0
401754617,2025,4,regular,2025-09-20 16:00:00+00:00,Virginia Tech,Wofford,38,6,False,False,1.0,-175.0,0.0,-10.1,21.4,30.8,,,,712.19,,32,44,1,-35.0,51.5,3.0
401762470,2025,4,regular,2025-09-20 16:00:00+00:00,South Florida,South Carolina State,63,14,False,False,1.0,261.0,13.0,11.6,37.7,25.3,,,,666.89,,49,77,1,-36.0,57.833333333333336,3.0
401754642,2025,4,regular,2025-09-20 16:00:00+00:00,Louisville,Bowling Green,40,17,False,False,1.0,180.0,62.8,12.4,31.6,19.8,-12.6,15.4,28.8,700.77,527.31,23,57,1,-26.166666666666668,50.666666666666664,3.0
401752708,2025,4,regular,2025-09-20 16:00:00+00:00,Memphis,Arkansas,32,31,False,False,1.0,236.8,159.0,7.6,34.3,28.3,5.1,35.8,31.4,668.63,772.64,1,63,1,7.166666666666667,59.666666666666664,3.0
401762469,2025,4,regular,2025-09-20 16:00:00+00:00,Army,North Texas,38,45,False,True,1.0,17.80000000000001,248.8,0.8,24.7,24.1,13.8,43.1,28.6,23.66,569.15,-7,83,0,2.5,50.666666666666664,3.0
401756901,2025,4,regular,2025-09-20 16:00:00+00:00,Utah,Texas Tech,10,34,False,True,1.0,196.0,180.0,22.2,39.7,17.5,27.6,39.3,12.3,707.86,757.49,-24,44,0,-3.5,58.333333333333336,3.0
401754636,2025,4,regular,2025-09-20 16:00:00+00:00,TCU,SMU,35,24,False,False,1.0,128.0,78.0,8.3,32.9,23.9,13.4,34.2,19.5,745.01,766.67,11,59,1,-6.5,63.5,3.0
401752845,2025,4,regular,2025-09-20 16:00:00+00:00,Wisconsin,Maryland,10,27,False,True,1.0,151.0,180.0,-4.4,17.4,20.9,0.6,24.4,24.7,763.17,699.31,-17,37,0,-10.5,44.5,3.0
401760376,2025,4,regular,2025-09-20 16:00:00+00:00,Miami (OH),UNLV,38,41,False,False,1.0,-114.4,190.0,-3.4,19.3,24.2,4.3,33.8,29.8,592.1,700.54,-3,79,0,1.8333333333333333,49.333333333333336,3.0
401754537,2025,4,regular,2025-09-20 16:00:00+00:00,Clemson,Syracuse,21,34,False,True,1.0,62.0,105.0,9.5,27.5,18.9,-13.1,18.8,33.0,918.43,727.83,-13,55,0,-17.5,53.833333333333336,3.0
401752715,2025,4,regular,2025-09-20 16:45:00+00:00,Tennessee,UAB,56,24,False,False,1.0,165.0,52.8,15.0,39.3,25.4,-15.8,25.5,39.8,866.57,540.93,32,80,1,-39.0,68.83333333333333,3.0
401762822,2025,4,regular,2025-09-20 17:00:00+00:00,Central Michigan,Wagner,49,10,False,False,1.0,26.0,-57.2,-8.8,17.6,25.7,,,,481.16,,39,59,1,-29.666666666666668,46.666666666666664,3.0
401752841,2025,4,regular,2025-09-20 19:00:00+00:00,Oregon,Oregon State,41,7,False,False,1.0,228.8,-129.0,25.9,38.7,13.5,-15.9,17.0,30.8,941.22,667.99,34,48,1,-34.0,58.333333333333336,3.0
401752848,2025,4,regular,2025-09-20 19:30:00+00:00,Notre Dame,Purdue,56,30,False,False,1.0,34.0,85.0,24.4,40.0,16.3,-6.1,21.9,29.9,912.11,687.74,26,86,1,-24.5,51.5,3.0
401752714,2025,4,regular,2025-09-20 19:30:00+00:00,Oklahoma,Auburn,24,17,False,True,1.0,310.8,228.8,18.3,30.1,12.9,11.6,28.3,17.4,882.59,891.84,7,41,1,-6.5,47.5,3.0
401752711,2025,4,regular,2025-09-20 19:30:00+00:00,Ole Miss,Tulane,45,10,False,False,1.0,232.8,234.0,24.0,40.4,18.3,6.3,32.4,27.6,813.11,650.87,35,55,1,-12.166666666666666,61.5,3.0
401754640,2025,4,regular,2025-09-20 19:30:00+00:00,UCF,North Carolina,34,9,False,False,1.0,110.0,95.0,-1.2,23.2,24.0,-6.6,17.2,25.0,709.99,753.2,25,43,1,-7.166666666666667,46.333333333333336,3.0
401762820,2025,4,regular,2025-09-20 19:30:00+00:00,Western Michigan,Toledo,14,13,False,True,1.0,-67.2,118.8,-1.4,21.7,21.8,6.0,25.8,18.5,534.35,620.13,1,27,1,12.666666666666666,48.5,3.0
401762823,2025,4,regular,2025-09-20 19:30:00+00:00,Ohio,Gardner-Webb,52,35,False,False,1.0,43.8,-19.0,-4.0,23.2,25.2,,,,469.99,,17,87,1,-30.166666666666668,55.0,3.0
401757169,2025,4,regular,2025-09-20 19:30:00+00:00,UConn,Ball State,31,25,False,False,1.0,-74.0,-66.0,5.1,32.0,28.5,-23.0,13.4,34.4,568.12,495.35,6,56,1,-21.0,53.666666666666664,3.0
401761610,2025,4,regular,2025-09-20 19:30:00+00:00,Eastern Michigan,Louisiana,34,31,False,False,1.0,-189.4,-32.0,-14.7,19.4,34.1,-10.1,25.3,34.0,572.9,585.82,3,65,1,2.1666666666666665,51.333333333333336,3.0
401754541,2025,4,regular,2025-09-20 19:30:00+00:00,Florida State,Kent State,66,10,False,False,1.0,214.0,-40.0,7.2,29.3,21.2,-19.3,17.0,34.9,828.45,456.24,56,76,1,-45.0,56.333333333333336,3.0
401752846,2025,4,regular,2025-09-20 19:30:00+00:00,Nebraska,Michigan,27,30,False,True,1.0,240.0,153.0,6.2,28.8,22.7,12.4,30.9,17.0,821.39,907.22,-3,57,0,0.6666666666666666,47.833333333333336,3.0
401761613,2025,4,regular,2025-09-20 19:30:00+00:00,Buffalo,Troy,17,21,False,False,1.0,60.8,42.0,-7.5,18.2,27.4,-4.8,23.6,29.0,513.33,561.87,-4,38,0,-5.833333333333333,43.666666666666664,3.0
401757262,2025,4,regular,2025-09-20 19:30:00+00:00,Liberty,James Madison,13,31,False,False,1.0,-134.0,41.0,-9.0,24.6,32.8,12.3,34.9,21.4,599.12,459.53,-18,44,0,7.5,46.666666666666664,3.0
401754538,2025,4,regular,2025-09-20 20:00:00+00:00,Duke,NC State,45,33,False,True,1.0,17.799999999999997,308.8,6.6,34.8,29.2,4.8,31.4,25.5,669.18,707.51,12,78,1,-3.1666666666666665,57.333333333333336,3.0
401752712,2025,4,regular,2025-09-20 20:15:00+00:00,Mississippi State,Northern Illinois,38,10,False,False,1.0,256.0,-7.200000000000003,4.1,31.6,29.0,-16.7,12.0,28.1,770.48,471.01,28,48,1,-24.0,48.333333333333336,3.0
401754542,2025,4,regular,2025-09-20 20:30:00+00:00,Georgia Tech,Temple,45,24,False,False,1.0,246.0,119.0,9.3,32.5,24.9,-5.1,27.1,33.2,715.56,507.91,21,69,1,-24.5,52.833333333333336,3.0
401760375,2025,4,regular,2025-09-20 21:00:00+00:00,San José State,Idaho,31,28,False,False,1.0,-56.0,-37.2,-14.3,21.6,34.4,,,,522.91,,3,59,1,-14.0,51.5,3.0
401757259,2025,4,regular,2025-09-20 22:00:00+00:00,Florida International,Delaware,16,38,False,True,1.0,149.0,43.0,-10.5,26.1,35.8,-10.9,26.2,36.2,562.61,242.85,-22,54,0,-4.5,54.833333333333336,3.0
401762821,2025,4,regular,2025-09-20 22:00:00+00:00,Akron,Duquesne,51,7,False,False,1.0,-229.2,-19.0,-13.9,17.2,29.3,,,,537.21,,44,58,1,-10.5,51.333333333333336,3.0
401757261,2025,4,regular,2025-09-20 22:00:00+00:00,Kennesaw State,Arkansas State,28,21,False,False,1.0,9.799999999999997,-11.0,-5.4,26.4,30.2,-8.8,24.4,33.5,338.87,591.27,7,49,1,4.5,58.0,3.0
401756899,2025,4,regular,2025-09-20 22:00:00+00:00,Kansas,West Virginia,41,10,False,True,1.0,137.0,122.8,4.1,30.9,28.5,-6.8,22.8,30.0,705.32,662.33,31,51,1,-12.833333333333334,54.333333333333336,3.0
401752713,2025,4,regular,2025-09-20 23:00:00+00:00,Missouri,South Carolina,29,20,False,True,1.0,216.0,115.0,14.4,31.2,15.4,5.9,24.6,20.2,804.77,833.26,9,49,1,-10.166666666666666,48.5,3.0
401761609,2025,4,regular,2025-09-20 23:00:00+00:00,Georgia Southern,Maine,45,17,False,False,1.0,-26.200000000000003,-97.0,-9.4,28.3,37.7,,,,574.48,,28,62,1,-22.0,57.5,3.0
401757260,2025,4,regular,2025-09-20 23:00:00+00:00,Jacksonville State,Murray State,45,10,False,False,1.0,-44.2,-97.0,-6.7,27.2,32.4,,,,519.93,,35,55,1,-35.5,60.5,3.0
401757264,2025,4,regular,2025-09-20 23:00:00+00:00,Middle Tennessee,Marshall,28,42,False,False,1.0,-104.2,6.0,-16.0,20.4,37.0,-4.5,29.6,34.8,520.55,590.64,-14,70,0,2.5,46.166666666666664,3.0
401760372,2025,4,regular,2025-09-20 23:00:00+00:00,Air Force,Boise State,37,49,False,True,1.0,2.799999999999997,41.0,-3.2,28.3,31.7,3.1,29.1,25.1,,610.65,-12,86,0,11.0,51.666666666666664,3.0
401757268,2025,4,regular,2025-09-20 23:00:00+00:00,Western Kentucky,Nevada,31,16,False,False,1.0,62.8,-44.0,1.6,28.8,28.6,-13.4,14.2,28.7,561.36,488.69,15,47,1,-7.833333333333333,54.5,3.0
401761611,2025,4,regular,2025-09-20 23:00:00+00:00,South Alabama,Coastal Carolina,20,38,False,True,1.0,-5.0,26.0,-12.7,25.4,36.0,-15.1,23.4,37.0,544.87,610.88,-18,58,0,-14.666666666666666,51.833333333333336,3.0
401757265,2025,4,regular,2025-09-20 23:00:00+00:00,Missouri State,UT Martin,42,10,False,False,1.0,50.80000000000001,-194.0,-10.7,25.6,34.8,,,,426.1,,32,52,1,-14.333333333333334,55.166666666666664,3.0
401752842,2025,4,regular,2025-09-20 23:30:00+00:00,Washington State,Washington,24,59,False,False,1.0,127.0,120.0,3.8,24.6,20.5,18.4,34.5,15.3,569.46,720.56,-35,83,0,20.833333333333332,52.0,3.0
401757263,2025,4,regular,2025-09-20 23:30:00+00:00,Louisiana Tech,Southern Miss,30,20,False,False,1.0,147.0,50.0,-1.3,25.6,27.0,-7.1,27.0,32.8,493.5,602.53,10,50,1,-3.1666666666666665,51.166666666666664,3.0
401756896,2025,4,regular,2025-09-20 23:30:00+00:00,Baylor,Arizona State,24,27,False,True,1.0,159.0,118.8,1.4,32.8,33.3,3.9,28.3,22.7,726.3,738.52,-3,51,0,-2.5,60.833333333333336,3.0
401752843,2025,4,regular,2025-09-20 23:30:00+00:00,Indiana,Illinois,63,10,False,True,1.0,252.0,264.8,32.4,40.8,9.9,12.9,33.3,21.7,645.34,662.13,53,73,1,-7.0,51.0,3.0
401754539,2025,4,regular,2025-09-20 23:30:00+00:00,Virginia,Stanford,48,20,False,True,1.0,82.8,3.799999999999997,11.1,28.8,18.1,-11.8,18.4,28.6,666.74,707.27,28,68,1,-16.166666666666668,48.833333333333336,3.0
401756898,2025,4,regular,2025-09-20 23:30:00+00:00,East Carolina,BYU,13,34,False,False,1.0,90.8,120.0,8.0,32.6,24.0,15.9,33.9,18.8,611.55,649.36,-21,47,0,6.166666666666667,49.666666666666664,3.0
401752709,2025,4,regular,2025-09-20 23:30:00+00:00,Miami,Florida,26,7,False,False,1.0,328.0,62.0,20.7,34.2,14.3,3.5,24.5,22.6,874.57,898.58,19,33,1,-8.5,51.333333333333336,3.0
401752716,2025,4,regular,2025-09-20 23:30:00+00:00,Vanderbilt,Georgia State,70,21,False,False,1.0,294.0,52.0,20.3,39.9,21.4,-24.5,18.6,41.1,685.42,611.97,49,91,1,-27.333333333333332,53.166666666666664,3.0
401752710,2025,4,regular,2025-09-20 23:45:00+00:00,LSU,SE Louisiana,56,10,False,False,1.0,308.0,-57.2,10.3,25.8,16.1,,,,920.05,,46,66,1,-48.75,60.25,2.0
401761612,2025,4,regular,2025-09-21 00:00:00+00:00,Texas State,Nicholls,35,3,False,False,1.0,95.60000000000001,-57.2,2.3,36.6,34.6,,,,612.16,,32,38,1,-32.5,57.0,3.0
401760377,2025,4,regular,2025-09-21 00:00:00+00:00,Utah State,McNeese,48,7,False,False,1.0,151.0,-97.0,-3.1,29.5,31.2,,,,503.59,,41,55,1,-23.833333333333332,63.0,3.0
401752723,2025,4,regular,2025-09-21 00:00:00+00:00,Texas,Sam Houston,55,0,False,False,1.0,153.0,-184.4,16.2,32.9,17.9,-27.8,15.3,41.8,973.54,477.35,55,55,1,-39.5,51.5,3.0
401757267,2025,4,regular,2025-09-21 01:00:00+00:00,UTEP,UL Monroe,25,31,False,False,1.0,21.799999999999997,51.0,-17.5,20.2,36.3,-21.6,16.1,35.7,551.88,473.34,-6,56,0,-5.333333333333333,47.0,3.0
401760373,2025,4,regular,2025-09-21 01:30:00+00:00,Colorado State,UTSA,16,17,False,False,1.0,31.0,27.0,-15.6,17.6,32.9,3.7,33.3,30.0,583.71,662.09,-1,33,0,5.0,58.5,3.0
401756897,2025,4,regular,2025-09-21 02:15:00+00:00,Colorado,Wyoming,37,20,False,False,1.0,16.0,105.0,-8.3,22.6,29.5,-11.3,15.3,24.7,755.2,489.33,17,57,1,-12.333333333333334,45.666666666666664,3.0
401754540,2025,4,regular,2025-09-21 02:30:00+00:00,San Diego State,California,34,0,False,False,1.0,2.799999999999997,224.0,6.7,24.4,19.6,-3.2,25.6,27.9,594.27,726.21,34,34,1,13.833333333333334,46.666666666666664,3.0
401752847,2025,4,regular,2025-09-21 03:00:00+00:00,USC,Michigan State,45,31,False,True,1.0,188.0,206.0,16.9,38.9,21.0,-3.4,26.6,28.7,847.53,717.42,14,76,1,-18.5,55.5,3.0
401760374,2025,4,regular,2025-09-21 03:59:00+00:00,Hawai'i,Fresno State,21,23,False,True,1.0,151.0,120.8,1.7,27.3,27.3,1.8,23.0,21.1,481.2,586.84,-2,44,0,2.5,47.333333333333336,3.0
401762471,2025,5,regular,2025-09-25 23:30:00+00:00,East Carolina,Army,28,6,False,True,1.0,55.8,-7.199999999999989,8.0,32.6,24.0,0.8,24.7,24.1,611.55,23.66,22,34,1,-3.5,52.5,3.0
401754543,2025,5,regular,2025-09-26 23:00:00+00:00,Virginia,Florida State,46,38,False,True,1.0,142.8,274.0,11.1,28.8,18.1,7.2,29.3,21.2,666.74,828.45,8,84,1,6.833333333333333,60.166666666666664,3.0
401756902,2025,5,regular,2025-09-27 01:00:00+00:00,Arizona State,TCU,27,24,False,True,1.0,211.60000000000002,248.0,3.9,28.3,22.7,8.3,32.9,23.9,738.52,745.01,3,51,1,-2.8333333333333335,54.5,3.0
401752939,2025,5,regular,2025-09-27 02:30:00+00:00,Oregon State,Houston,24,27,False,False,1.0,-108.0,188.0,-15.9,17.0,30.8,7.4,31.5,23.0,667.99,656.74,-3,51,0,11.833333333333334,48.166666666666664,3.0
401756905,2025,5,regular,2025-09-27 16:00:00+00:00,Kansas,Cincinnati,34,37,False,True,1.0,197.0,70.0,4.1,30.9,28.5,4.5,30.2,26.4,705.32,644.1,-3,71,0,-5.166666666666667,56.333333333333336,3.0
401752717,2025,5,regular,2025-09-27 16:00:00+00:00,Arkansas,Notre Dame,13,56,False,False,1.0,150.0,94.0,5.1,35.8,31.4,24.4,40.0,16.3,772.64,912.11,-43,69,0,5.333333333333333,63.5,3.0
401752849,2025,5,regular,2025-09-27 16:00:00+00:00,Minnesota,Rutgers,31,28,False,True,1.0,62.8,201.0,1.5,23.8,20.8,1.0,31.6,30.7,711.04,689.22,3,59,1,-3.6666666666666665,51.5,3.0
401754547,2025,5,regular,2025-09-27 16:00:00+00:00,Pittsburgh,Louisville,27,34,False,True,1.0,53.0,240.0,8.4,31.6,23.5,12.4,31.6,19.8,681.21,700.77,-7,61,0,3.1666666666666665,53.333333333333336,3.0
401761617,2025,5,regular,2025-09-27 16:00:00+00:00,North Texas,South Alabama,36,22,False,False,1.0,341.6,-110.0,13.8,43.1,28.6,-12.7,25.4,36.0,569.15,544.87,14,58,1,-12.666666666666666,63.5,3.0
401756906,2025,5,regular,2025-09-27 16:00:00+00:00,Kansas State,UCF,34,20,False,True,1.0,-34.0,170.0,7.0,31.3,25.0,-1.2,23.2,24.0,705.85,709.99,14,54,1,-5.833333333333333,48.5,3.0
401752850,2025,5,regular,2025-09-27 16:00:00+00:00,Illinois,USC,34,32,False,True,1.0,259.8,284.0,12.9,33.3,21.7,16.9,38.9,21.0,662.13,847.53,2,66,1,6.5,62.333333333333336,3.0
401762825,2025,5,regular,2025-09-27 16:00:00+00:00,Ohio,Bowling Green,35,20,False,True,1.0,103.8,43.8,-4.0,23.2,25.2,-12.6,15.4,28.8,469.99,527.31,15,55,1,-7.666666666666667,49.666666666666664,3.0
401754546,2025,5,regular,2025-09-27 16:00:00+00:00,Wake Forest,Georgia Tech,29,30,False,True,1.0,70.0,342.0,5.7,26.6,20.9,9.3,32.5,24.9,627.16,715.56,-1,59,0,12.666666666666666,53.333333333333336,3.0
401754545,2025,5,regular,2025-09-27 16:00:00+00:00,Syracuse,Duke,3,38,False,True,1.0,241.0,113.8,-13.1,18.8,33.0,6.6,34.8,29.2,727.83,669.18,-35,41,0,4.0,59.5,3.0
401752725,2025,5,regular,2025-09-27 16:45:00+00:00,Vanderbilt,Utah State,55,35,False,False,1.0,354.0,211.0,20.3,39.9,21.4,-3.1,29.5,31.2,685.42,503.59,20,90,1,-23.666666666666668,57.833333333333336,3.0
401762826,2025,5,regular,2025-09-27 17:00:00+00:00,Central Michigan,Eastern Michigan,24,13,False,True,1.0,86.0,-139.4,-8.8,17.6,25.7,-14.7,19.4,34.1,481.16,572.9,11,37,1,-3.1666666666666665,55.166666666666664,3.0
401761614,2025,5,regular,2025-09-27 17:30:00+00:00,James Madison,Georgia Southern,35,10,False,True,1.0,109.0,33.8,12.3,34.9,21.4,-9.4,28.3,37.7,459.53,574.48,25,45,1,-15.333333333333334,54.5,3.0
401761616,2025,5,regular,2025-09-27 19:00:00+00:00,UL Monroe,Arkansas State,28,16,False,True,1.0,109.0,-48.2,-21.6,16.1,35.7,-8.8,24.4,33.5,473.34,591.27,12,44,1,-1.5,55.5,3.0
401762473,2025,5,regular,2025-09-27 19:30:00+00:00,Navy,Rice,21,13,False,True,1.0,188.0,151.0,6.2,33.6,27.9,-14.8,17.7,33.9,,530.06,8,34,1,-14.166666666666666,45.666666666666664,3.0
401757170,2025,5,regular,2025-09-27 19:30:00+00:00,Buffalo,UConn,17,20,False,False,1.0,10.799999999999997,-24.0,-7.5,18.2,27.4,5.1,32.0,28.5,513.33,568.12,-3,37,0,2.8333333333333335,51.333333333333336,3.0
401762824,2025,5,regular,2025-09-27 19:30:00+00:00,Toledo,Akron,45,3,False,True,1.0,81.6,-169.2,6.0,25.8,18.5,-13.9,17.2,29.3,620.13,537.21,42,48,1,-21.666666666666668,50.0,3.0
401756908,2025,5,regular,2025-09-27 19:30:00+00:00,West Virginia,Utah,14,48,False,True,1.0,65.6,179.0,-6.8,22.8,30.0,22.2,39.7,17.5,662.33,707.86,-34,62,0,13.166666666666666,46.666666666666664,3.0
401752719,2025,5,regular,2025-09-27 19:30:00+00:00,Ole Miss,LSU,24,19,False,True,1.0,328.8,368.0,24.0,40.4,18.3,10.3,25.8,16.1,813.11,920.05,5,43,1,-2.8333333333333335,58.0,3.0
401752851,2025,5,regular,2025-09-27 19:30:00+00:00,Northwestern,UCLA,17,14,False,True,1.0,66.0,-118.2,5.8,24.4,20.0,-8.7,21.7,30.4,677.97,766.62,3,31,1,-6.166666666666667,46.0,3.0
401754544,2025,5,regular,2025-09-27 19:30:00+00:00,Boston College,California,24,28,False,True,1.0,-74.2,166.8,-8.5,23.3,33.1,-3.2,25.6,27.9,650.12,726.21,-4,52,0,-6.166666666666667,54.166666666666664,3.0
401760380,2025,5,regular,2025-09-27 19:30:00+00:00,Northern Illinois,San Diego State,3,6,False,False,1.0,-64.4,98.8,-16.7,12.0,28.1,6.7,24.4,19.6,471.01,594.27,-3,9,0,1.6666666666666667,42.0,3.0
401762827,2025,5,regular,2025-09-27 19:30:00+00:00,Miami (OH),Lindenwood,38,0,False,False,1.0,-164.4,-67.0,-3.4,19.3,24.2,,,,592.1,,38,38,1,-22.333333333333332,49.333333333333336,3.0
401752852,2025,5,regular,2025-09-27 19:30:00+00:00,Washington,Ohio State,6,24,False,True,1.0,228.8,284.0,18.4,34.5,15.3,30.1,37.6,7.7,720.56,973.69,-18,30,0,9.333333333333334,52.833333333333336,3.0
401752853,2025,5,regular,2025-09-27 19:30:00+00:00,Iowa,Indiana,15,20,False,True,1.0,239.8,406.0,19.7,32.1,14.2,32.4,40.8,9.9,710.0,645.34,-5,35,0,9.166666666666666,47.5,3.0
401752724,2025,5,regular,2025-09-27 19:30:00+00:00,Texas A&M,Auburn,16,10,False,True,1.0,344.0,249.8,20.7,38.0,16.4,11.6,28.3,17.4,917.29,891.84,6,26,1,-6.5,51.5,3.0
401756907,2025,5,regular,2025-09-27 19:30:00+00:00,Oklahoma State,Baylor,27,45,False,True,1.0,6.0,109.0,-15.1,15.2,31.6,1.4,32.8,33.3,702.74,726.3,-18,72,0,21.166666666666668,58.666666666666664,3.0
401760378,2025,5,regular,2025-09-27 20:00:00+00:00,Air Force,Hawai'i,35,44,False,True,1.0,-67.2,101.0,-3.2,28.3,31.7,1.7,27.3,27.3,,481.2,-9,79,0,-6.833333333333333,52.333333333333336,3.0
401762474,2025,5,regular,2025-09-27 20:00:00+00:00,Tulsa,Tulane,14,31,False,True,1.0,-19.0,241.0,-10.0,21.7,33.1,6.3,32.4,27.6,594.78,650.87,-17,45,0,14.5,52.333333333333336,3.0
401757274,2025,5,regular,2025-09-27 20:00:00+00:00,New Mexico,New Mexico State,38,20,False,False,1.0,119.0,52.8,0.9,25.4,26.1,-15.5,19.7,34.9,378.8,402.9,18,58,1,-16.833333333333332,53.5,3.0
401752720,2025,5,regular,2025-09-27 20:15:00+00:00,Mississippi State,Tennessee,34,41,False,True,1.0,316.0,225.0,4.1,31.6,29.0,15.0,39.3,25.4,770.48,866.57,-7,75,0,7.5,63.5,3.0
401757270,2025,5,regular,2025-09-27 22:00:00+00:00,Kennesaw State,Middle Tennessee,24,16,False,True,1.0,59.8,-174.2,-5.4,26.4,30.2,-16.0,20.4,37.0,338.87,520.55,8,40,1,-7.166666666666667,54.166666666666664,3.0
401757271,2025,5,regular,2025-09-27 22:00:00+00:00,Old Dominion,Liberty,21,7,False,False,1.0,159.0,-169.0,5.9,31.6,23.7,-9.0,24.6,32.8,477.45,599.12,14,28,1,-14.5,53.5,3.0
401762828,2025,5,regular,2025-09-27 22:30:00+00:00,Western Michigan,Rhode Island,47,14,False,False,1.0,12.799999999999997,0.0,-1.4,21.7,21.8,,,,534.35,,33,61,1,-7.666666666666667,45.166666666666664,3.0
401757269,2025,5,regular,2025-09-27 23:00:00+00:00,Southern Miss,Jacksonville State,42,25,False,False,1.0,-7.200000000000003,15.799999999999997,-7.1,27.0,32.8,-6.7,27.2,32.4,602.53,519.93,17,67,1,-4.833333333333333,55.666666666666664,3.0
401762472,2025,5,regular,2025-09-27 23:00:00+00:00,Florida Atlantic,Memphis,26,55,False,True,1.0,-94.2,316.8,-8.7,27.8,38.1,7.6,34.3,28.3,605.22,668.63,-29,81,0,13.833333333333334,62.666666666666664,3.0
401756904,2025,5,regular,2025-09-27 23:00:00+00:00,Iowa State,Arizona,39,14,False,True,1.0,338.0,236.0,9.9,28.1,19.5,12.0,33.0,19.5,648.93,651.62,25,53,1,-4.0,48.5,3.0
401757273,2025,5,regular,2025-09-27 23:00:00+00:00,Missouri State,Western Kentucky,22,27,False,True,1.0,110.80000000000001,122.8,-10.7,25.6,34.8,1.6,28.8,28.6,426.1,561.36,-5,49,0,3.5,59.5,3.0
401754548,2025,5,regular,2025-09-27 23:00:00+00:00,NC State,Virginia Tech,21,23,False,True,1.0,251.60000000000002,-115.0,4.8,31.4,25.5,-10.1,21.4,30.8,707.51,712.19,-2,44,0,-10.166666666666666,57.166666666666664,3.0
401752721,2025,5,regular,2025-09-27 23:30:00+00:00,Missouri,Massachusetts,42,6,False,False,1.0,296.0,-164.0,14.4,31.2,15.4,-36.6,7.8,42.8,804.77,488.73,36,48,1,-44.5,57.0,3.0
401760379,2025,5,regular,2025-09-27 23:30:00+00:00,Boise State,App State,47,14,False,False,1.0,149.8,43.0,3.1,29.1,25.1,-11.4,23.0,35.2,610.65,611.31,33,61,1,-16.833333333333332,59.5,3.0
401752854,2025,5,regular,2025-09-27 23:30:00+00:00,Penn State,Oregon,24,30,False,True,1.0,180.0,288.8,18.1,35.1,18.8,25.9,38.7,13.5,910.42,941.22,-6,54,0,-4.0,53.0,3.0
401754549,2025,5,regular,2025-09-27 23:30:00+00:00,Stanford,San José State,30,29,False,False,1.0,-15.200000000000003,-6.0,-11.8,18.4,28.6,-14.3,21.6,34.4,707.27,522.91,1,59,1,-3.1666666666666665,49.666666666666664,3.0
401752718,2025,5,regular,2025-09-27 23:30:00+00:00,Georgia,Alabama,21,24,False,True,1.0,294.0,98.8,24.1,37.0,14.8,14.8,32.2,16.1,1002.98,993.55,-3,45,0,-2.3333333333333335,53.333333333333336,3.0
401752950,2025,5,regular,2025-09-27 23:30:00+00:00,Colorado State,Washington State,3,20,False,False,1.0,-19.0,92.0,-15.6,17.6,32.9,3.8,24.6,20.5,583.71,569.46,-17,23,0,-5.166666666666667,48.5,3.0
401752722,2025,5,regular,2025-09-27 23:45:00+00:00,South Carolina,Kentucky,35,13,False,True,1.0,112.0,127.0,5.9,24.6,20.2,1.8,25.5,23.7,833.26,763.18,22,48,1,-5.666666666666667,46.666666666666664,3.0
401761615,2025,5,regular,2025-09-28 00:00:00+00:00,Louisiana,Marshall,54,51,False,True,1.0,-99.0,74.0,-10.1,25.3,34.0,-4.5,29.6,34.8,585.82,590.64,3,105,1,2.1666666666666665,48.0,3.0
401757272,2025,5,regular,2025-09-28 01:00:00+00:00,UTEP,Louisiana Tech,11,30,False,True,1.0,-53.2,207.0,-17.5,20.2,36.3,-1.3,25.6,27.0,551.88,493.5,-19,41,0,3.5,48.0,3.0
401756903,2025,5,regular,2025-09-28 02:15:00+00:00,Colorado,BYU,21,24,False,True,1.0,76.0,256.0,-8.3,22.6,29.5,15.9,33.9,18.8,755.2,649.36,-3,45,0,6.5,48.666666666666664,3.0
401757275,2025,6,regular,2025-10-03 01:00:00+00:00,New Mexico State,Sam Houston,37,10,False,True,1.0,-4.400000000000006,-167.4,-15.5,19.7,34.9,-27.8,15.3,41.8,402.9,477.35,27,47,1,2.0,52.666666666666664,3.0
401762475,2025,6,regular,2025-10-03 23:00:00+00:00,South Florida,Charlotte,54,26,False,True,1.0,321.0,-265.0,11.6,37.7,25.3,-26.7,14.5,39.8,666.89,526.3,28,80,1,-28.0,54.833333333333336,3.0
401757276,2025,6,regular,2025-10-03 23:00:00+00:00,Delaware,Western Kentucky,24,27,False,True,1.0,111.0,180.8,-10.9,26.2,36.2,1.6,28.8,28.6,242.85,561.36,-3,51,0,-2.6666666666666665,63.0,3.0
401760384,2025,6,regular,2025-10-04 02:00:00+00:00,San José State,New Mexico,35,28,False,True,1.0,-73.0,179.0,-14.3,21.6,34.4,0.9,25.4,26.1,522.91,378.8,7,63,1,-2.0,58.833333333333336,3.0
401760382,2025,6,regular,2025-10-04 02:30:00+00:00,San Diego State,Colorado State,45,24,False,True,1.0,156.8,-89.0,6.7,24.4,19.6,-15.6,17.6,32.9,594.27,583.71,21,69,1,-4.5,40.5,3.0
401756909,2025,6,regular,2025-10-04 02:30:00+00:00,BYU,West Virginia,38,24,False,True,1.0,314.0,30.599999999999994,15.9,33.9,18.8,-6.8,22.8,30.0,649.36,662.33,14,62,1,-19.666666666666668,46.666666666666664,3.0
401760381,2025,6,regular,2025-10-04 16:00:00+00:00,Navy,Air Force,34,31,False,False,1.0,238.0,-117.2,6.2,33.6,27.9,-3.2,28.3,31.7,,,3,65,1,-13.5,51.0,3.0
401754552,2025,6,regular,2025-10-04 16:00:00+00:00,North Carolina,Clemson,10,38,False,True,1.0,37.8,-43.0,-6.6,17.2,25.0,9.5,27.5,18.9,753.2,918.43,-28,48,0,15.166666666666666,47.666666666666664,3.0
401752861,2025,6,regular,2025-10-04 16:00:00+00:00,Purdue,Illinois,27,43,False,True,1.0,70.0,369.8,-6.1,21.9,29.9,12.9,33.3,21.7,687.74,662.13,-16,70,0,7.166666666666667,54.833333333333336,3.0
401756911,2025,6,regular,2025-10-04 16:00:00+00:00,Baylor,Kansas State,35,34,False,True,1.0,177.0,62.0,1.4,32.8,33.3,7.0,31.3,25.0,726.3,705.85,1,69,1,-4.666666666666667,60.0,3.0
401762476,2025,6,regular,2025-10-04 16:00:00+00:00,UAB,Army,13,31,False,True,1.0,55.8,-26.19999999999999,-15.8,25.5,39.8,0.8,24.7,24.1,540.93,23.66,-18,44,0,6.5,55.5,3.0
401752856,2025,6,regular,2025-10-04 16:00:00+00:00,Michigan,Wisconsin,24,10,False,True,1.0,245.8,81.0,12.4,30.9,17.0,-4.4,17.4,20.9,907.22,763.17,14,34,1,-17.333333333333332,42.5,3.0
401756912,2025,6,regular,2025-10-04 16:00:00+00:00,Cincinnati,Iowa State,38,30,False,True,1.0,162.8,458.0,4.5,30.2,26.4,9.9,28.1,19.5,644.1,648.93,8,68,1,-1.6666666666666667,55.5,3.0
401762830,2025,6,regular,2025-10-04 16:00:00+00:00,Ball State,Ohio,20,14,False,True,1.0,-103.2,163.8,-23.0,13.4,34.4,-4.0,23.2,25.2,495.35,469.99,6,34,1,14.166666666666666,52.166666666666664,3.0
401752728,2025,6,regular,2025-10-04 16:00:00+00:00,Georgia,Kentucky,35,14,False,True,1.0,287.0,69.8,24.1,37.0,14.8,1.8,25.5,23.7,1002.98,763.18,21,49,1,-19.666666666666668,49.0,3.0
401754550,2025,6,regular,2025-10-04 16:00:00+00:00,Pittsburgh,Boston College,48,7,False,True,1.0,28.0,-124.2,8.4,31.6,23.5,-8.5,23.3,33.1,681.21,650.12,41,55,1,-6.666666666666667,54.666666666666664,3.0
401754556,2025,6,regular,2025-10-04 17:00:00+00:00,Virginia Tech,Wake Forest,23,30,False,True,1.0,-22.19999999999999,65.0,-10.1,21.4,30.8,5.7,26.6,20.9,712.19,627.16,-7,53,0,-5.0,51.333333333333336,3.0
401762479,2025,6,regular,2025-10-04 17:00:00+00:00,Temple,UTSA,27,21,False,True,1.0,116.0,85.0,-5.1,27.1,33.2,3.7,33.3,30.0,507.91,662.09,6,48,1,6.5,58.166666666666664,3.0
401754557,2025,6,regular,2025-10-04 18:00:00+00:00,NC State,Campbell,56,10,False,False,1.0,176.60000000000002,-19.0,4.8,31.4,25.5,,,,707.51,,46,66,1,-42.166666666666664,61.166666666666664,3.0
401762832,2025,6,regular,2025-10-04 18:30:00+00:00,Massachusetts,Western Michigan,3,21,False,True,1.0,-171.0,72.8,-36.6,7.8,42.8,-1.4,21.7,21.8,488.73,534.35,-18,24,0,12.333333333333334,46.166666666666664,3.0
401756910,2025,6,regular,2025-10-04 19:00:00+00:00,Arizona,Oklahoma State,41,13,False,True,1.0,241.0,-64.0,12.0,33.0,19.5,-15.1,15.2,31.6,651.62,702.74,28,54,1,-22.166666666666668,56.5,3.0
401752857,2025,6,regular,2025-10-04 19:30:00+00:00,Maryland,Washington,20,24,False,True,1.0,288.8,243.8,0.6,24.4,24.7,18.4,34.5,15.3,699.31,720.56,-4,44,0,5.5,52.666666666666664,3.0
401752727,2025,6,regular,2025-10-04 19:30:00+00:00,Florida,Texas,29,21,False,True,1.0,87.0,213.0,3.5,24.5,22.6,16.2,32.9,17.9,898.58,973.54,8,50,1,4.5,42.5,3.0
401752858,2025,6,regular,2025-10-04 19:30:00+00:00,Northwestern,UL Monroe,42,7,False,False,1.0,116.0,169.0,5.8,24.4,20.0,-21.6,16.1,35.7,677.97,473.34,35,49,1,-12.833333333333334,43.333333333333336,3.0
401761618,2025,6,regular,2025-10-04 19:30:00+00:00,Georgia State,James Madison,7,14,False,True,1.0,45.0,169.0,-24.5,18.6,41.1,12.3,34.9,21.4,611.97,459.53,-7,21,0,19.333333333333332,52.666666666666664,3.0
401762829,2025,6,regular,2025-10-04 19:30:00+00:00,Akron,Central Michigan,28,22,False,True,1.0,-226.4,146.0,-13.9,17.2,29.3,-8.8,17.6,25.7,537.21,481.16,6,50,1,7.0,47.5,3.0
401757171,2025,6,regular,2025-10-04 19:30:00+00:00,UConn,Florida International,51,10,False,False,1.0,34.0,44.0,5.1,32.0,28.5,-10.5,26.1,35.8,568.12,562.61,41,61,1,-6.833333333333333,52.0,3.0
401754554,2025,6,regular,2025-10-04 19:30:00+00:00,Louisville,Virginia,27,30,False,True,1.0,356.0,278.8,12.4,31.6,19.8,11.1,28.8,18.1,700.77,666.74,-3,57,0,-6.5,60.333333333333336,3.0
401752855,2025,6,regular,2025-10-04 19:30:00+00:00,UCLA,Penn State,42,37,False,True,1.0,-155.4,195.0,-8.7,21.7,30.4,18.1,35.1,18.8,766.62,910.42,5,79,1,24.5,48.0,3.0
401754555,2025,6,regular,2025-10-04 19:30:00+00:00,SMU,Syracuse,31,18,False,True,1.0,59.0,171.0,13.4,34.2,19.5,-13.1,18.8,33.0,766.67,727.83,13,49,1,-17.5,56.666666666666664,3.0
401752940,2025,6,regular,2025-10-04 19:30:00+00:00,App State,Oregon State,27,23,False,False,1.0,-14.200000000000003,-133.0,-11.4,23.0,35.2,-15.9,17.0,30.8,611.31,667.99,4,50,1,-2.0,53.833333333333336,3.0
401762873,2025,6,regular,2025-10-04 19:30:00+00:00,Northern Illinois,Miami (OH),14,25,False,True,1.0,-114.4,-104.4,-16.7,12.0,28.1,-3.4,19.3,24.2,471.01,592.1,-11,39,0,4.666666666666667,38.5,3.0
401752726,2025,6,regular,2025-10-04 19:30:00+00:00,Alabama,Vanderbilt,30,14,False,True,1.0,256.8,450.0,14.8,32.2,16.1,20.3,39.9,21.4,993.55,685.42,16,44,1,-13.5,57.833333333333336,3.0
401762831,2025,6,regular,2025-10-04 19:30:00+00:00,Buffalo,Eastern Michigan,31,30,False,True,1.0,-39.2,-236.4,-7.5,18.2,27.4,-14.7,19.4,34.1,513.33,572.9,1,61,1,-9.5,53.5,3.0
401757165,2025,6,regular,2025-10-04 19:30:00+00:00,Notre Dame,Boise State,28,7,False,False,1.0,202.8,209.8,24.4,40.0,16.3,3.1,29.1,25.1,912.11,610.65,21,35,1,-21.5,63.333333333333336,3.0
401752860,2025,6,regular,2025-10-04 20:00:00+00:00,Nebraska,Michigan State,38,27,False,True,1.0,225.0,189.0,6.2,28.8,22.7,-3.4,26.6,28.7,821.39,717.42,11,65,1,-12.833333333333334,48.833333333333336,3.0
401752729,2025,6,regular,2025-10-04 20:00:00+00:00,Oklahoma,Kent State,44,0,False,False,1.0,418.8,-21.0,18.3,30.1,12.9,-19.3,17.0,34.9,882.59,456.24,44,44,1,-46.5,53.666666666666664,3.0
401761620,2025,6,regular,2025-10-04 20:00:00+00:00,Arkansas State,Texas State,31,30,False,True,1.0,-145.2,155.60000000000002,-8.8,24.4,33.5,2.3,36.6,34.6,591.27,612.16,1,61,1,14.166666666666666,63.5,3.0
401761619,2025,6,regular,2025-10-04 22:00:00+00:00,Old Dominion,Coastal Carolina,47,7,False,True,1.0,219.0,94.0,5.9,31.6,23.7,-15.1,23.4,37.0,477.45,610.88,40,54,1,-19.0,53.333333333333336,3.0
401762477,2025,6,regular,2025-10-04 23:00:00+00:00,Rice,Florida Atlantic,21,27,False,True,1.0,113.8,-129.2,-14.8,17.7,33.9,-8.7,27.8,38.1,530.06,605.22,-6,48,0,-4.666666666666667,55.0,3.0
401761621,2025,6,regular,2025-10-04 23:00:00+00:00,Troy,South Alabama,31,24,False,True,1.0,100.0,-129.0,-4.8,23.6,29.0,-12.7,25.4,36.0,561.87,544.87,7,55,1,2.5,46.666666666666664,3.0
401760385,2025,6,regular,2025-10-04 23:00:00+00:00,Wyoming,UNLV,17,31,False,True,1.0,8.0,282.8,-11.3,15.3,24.7,4.3,33.8,29.8,489.33,700.54,-14,48,0,4.333333333333333,51.666666666666664,3.0
401756913,2025,6,regular,2025-10-04 23:00:00+00:00,Houston,Texas Tech,11,35,False,True,1.0,246.0,336.0,7.4,31.5,23.0,27.6,39.3,12.3,656.74,757.49,-24,46,0,12.666666666666666,51.5,3.0
401756914,2025,6,regular,2025-10-04 23:30:00+00:00,TCU,Colorado,35,21,False,True,1.0,210.8,53.0,8.3,32.9,23.9,-8.3,22.6,29.5,745.01,755.2,14,56,1,-13.833333333333334,57.0,3.0
401752730,2025,6,regular,2025-10-04 23:30:00+00:00,Texas A&M,Mississippi State,31,9,False,True,1.0,444.0,313.0,20.7,38.0,16.4,4.1,31.6,29.0,917.29,770.48,22,40,1,-17.5,57.166666666666664,3.0
401752859,2025,6,regular,2025-10-04 23:30:00+00:00,Ohio State,Minnesota,42,3,False,True,1.0,420.0,142.8,30.1,37.6,7.7,1.5,23.8,20.8,973.69,711.04,39,45,1,-23.5,42.333333333333336,3.0
401754553,2025,6,regular,2025-10-04 23:30:00+00:00,Florida State,Miami,22,28,False,True,1.0,265.0,424.0,7.2,29.3,21.2,20.7,34.2,14.3,828.45,874.57,-6,50,0,3.1666666666666665,54.5,3.0
401756915,2025,6,regular,2025-10-04 23:30:00+00:00,UCF,Kansas,20,27,False,True,1.0,112.8,147.0,-1.2,23.2,24.0,4.1,30.9,28.5,709.99,705.32,-7,47,0,3.8333333333333335,53.333333333333336,3.0
401762478,2025,6,regular,2025-10-05 00:00:00+00:00,Memphis,Tulsa,45,7,False,True,1.0,384.8,-89.0,7.6,34.3,28.3,-10.0,21.7,33.1,668.63,594.78,38,52,1,-21.166666666666668,53.833333333333336,3.0
401760383,2025,6,regular,2025-10-05 02:30:00+00:00,Fresno State,Nevada,20,17,False,True,1.0,213.60000000000002,-101.2,1.8,23.0,21.1,-13.4,14.2,28.7,586.84,488.69,3,37,1,-12.5,45.833333333333336,3.0
401754551,2025,6,regular,2025-10-05 02:30:00+00:00,California,Duke,21,45,False,True,1.0,224.8,181.8,-3.2,25.6,27.9,6.6,34.8,29.2,726.21,669.18,-24,66,0,3.5,54.833333333333336,3.0
401757278,2025,7,regular,2025-10-08 23:30:00+00:00,Middle Tennessee,Missouri State,20,22,False,True,1.0,-211.4,60.80000000000001,-16.0,20.4,37.0,-10.7,25.6,34.8,520.55,426.1,-2,42,0,2.8333333333333335,51.833333333333336,3.0
401757277,2025,7,regular,2025-10-09 00:00:00+00:00,UTEP,Liberty,8,19,False,True,1.0,-123.2,-226.2,-17.5,20.2,36.3,-9.0,24.6,32.8,551.88,599.12,-11,27,0,1.6666666666666667,46.833333333333336,3.0
401757280,2025,7,regular,2025-10-09 23:00:00+00:00,Kennesaw State,Louisiana Tech,35,7,False,True,1.0,109.8,275.0,-5.4,26.4,30.2,-1.3,25.6,27.0,338.87,493.5,28,42,1,4.833333333333333,46.166666666666664,3.0
401762480,2025,7,regular,2025-10-09 23:30:00+00:00,Tulane,East Carolina,26,19,False,True,1.0,309.0,151.8,6.3,32.4,27.6,8.0,32.6,24.0,650.87,611.55,7,45,1,-6.833333333333333,53.5,3.0
401757279,2025,7,regular,2025-10-10 00:00:00+00:00,Sam Houston,Jacksonville State,27,29,True,True,1.0,-264.4,-81.2,-27.8,15.3,41.8,-6.7,27.2,32.4,477.35,519.93,-2,56,0,7.166666666666667,53.333333333333336,3.0
401761622,2025,7,regular,2025-10-10 00:00:00+00:00,Georgia Southern,Southern Miss,35,38,False,True,1.0,14.799999999999997,52.8,-9.4,28.3,37.7,-7.1,27.0,32.8,574.48,602.53,-3,73,0,2.8333333333333335,60.0,3.0
401762481,2025,7,regular,2025-10-10 23:30:00+00:00,North Texas,South Florida,36,63,False,True,1.0,401.6,381.0,13.8,43.1,28.6,11.6,37.7,25.3,569.15,666.89,-27,99,0,-2.5,68.5,3.0
401760388,2025,7,regular,2025-10-11 01:00:00+00:00,Colorado State,Fresno State,49,21,False,True,1.0,-146.2,263.6,-15.6,17.6,32.9,1.8,23.0,21.1,583.71,586.84,28,70,1,5.666666666666667,47.833333333333336,3.0
401752862,2025,7,regular,2025-10-11 01:00:00+00:00,Washington,Rutgers,38,19,False,True,1.0,336.6,163.8,18.4,34.5,15.3,1.0,31.6,30.7,720.56,689.22,19,57,1,-9.5,62.333333333333336,3.0
401762483,2025,7,regular,2025-10-11 16:00:00+00:00,Army,Charlotte,24,7,False,True,1.0,41.80000000000001,-284.0,0.8,24.7,24.1,-26.7,14.5,39.8,23.66,526.3,17,31,1,-17.5,45.166666666666664,3.0
401752865,2025,7,regular,2025-10-11 16:00:00+00:00,Illinois,Ohio State,16,34,False,True,1.0,437.8,516.0,12.9,33.3,21.7,30.1,37.6,7.7,662.13,973.69,-18,50,0,15.0,51.333333333333336,3.0
401756917,2025,7,regular,2025-10-11 16:00:00+00:00,Cincinnati,UCF,20,11,False,True,1.0,286.8,62.8,4.5,30.2,26.4,-1.2,23.2,24.0,644.1,709.99,9,31,1,-10.333333333333334,55.5,3.0
401761625,2025,7,regular,2025-10-11 16:00:00+00:00,James Madison,Louisiana,24,14,False,True,1.0,227.0,-19.0,12.3,34.9,21.4,-10.1,25.3,34.0,459.53,585.82,10,38,1,-18.5,45.0,3.0
401754559,2025,7,regular,2025-10-11 16:00:00+00:00,Florida State,Pittsburgh,31,34,False,True,1.0,286.0,88.0,7.2,29.3,21.2,8.4,31.6,23.5,828.45,681.21,-3,65,0,-10.833333333333334,57.0,3.0
401754561,2025,7,regular,2025-10-11 16:00:00+00:00,SMU,Stanford,34,10,False,True,1.0,119.0,34.8,13.4,34.2,19.5,-11.8,18.4,28.6,766.67,707.27,24,44,1,-19.5,55.5,3.0
401762833,2025,7,regular,2025-10-11 16:00:00+00:00,Akron,Miami (OH),7,20,False,True,1.0,-176.4,-36.400000000000006,-13.9,17.2,29.3,-3.4,19.3,24.2,537.21,592.1,-13,27,0,11.666666666666666,47.5,3.0
401756920,2025,7,regular,2025-10-11 16:00:00+00:00,Oklahoma State,Houston,17,39,False,True,1.0,-83.0,241.0,-15.1,15.2,31.6,7.4,31.5,23.0,702.74,656.74,-22,56,0,14.5,47.666666666666664,3.0
401762835,2025,7,regular,2025-10-11 16:00:00+00:00,Bowling Green,Toledo,28,23,False,True,1.0,-13.400000000000006,141.6,-12.6,15.4,28.8,6.0,25.8,18.5,527.31,620.13,5,51,1,10.666666666666666,45.666666666666664,3.0
401752863,2025,7,regular,2025-10-11 16:00:00+00:00,Michigan State,UCLA,13,38,False,True,1.0,131.8,-17.400000000000006,-3.4,26.6,28.7,-8.7,21.7,30.4,717.42,766.62,-25,51,0,-6.833333333333333,51.666666666666664,3.0
401752734,2025,7,regular,2025-10-11 16:00:00+00:00,Missouri,Alabama,24,27,False,True,1.0,356.0,396.8,14.4,31.2,15.4,14.8,32.2,16.1,804.77,993.55,-3,51,0,3.1666666666666665,51.0,3.0
401752733,2025,7,regular,2025-10-11 16:45:00+00:00,Ole Miss,Washington State,24,21,False,False,1.0,472.8,160.0,24.0,40.4,18.3,3.8,24.6,20.5,813.11,569.46,3,45,1,-33.0,58.5,3.0
401762836,2025,7,regular,2025-10-11 17:00:00+00:00,Eastern Michigan,Northern Illinois,16,10,False,True,1.0,-303.4,-184.4,-14.7,19.4,34.1,-16.7,12.0,28.1,572.9,471.01,6,26,1,1.5,48.333333333333336,3.0
401762837,2025,7,regular,2025-10-11 18:30:00+00:00,Kent State,Massachusetts,42,6,False,True,1.0,2.0,-241.0,-19.3,17.0,34.9,-36.6,7.8,42.8,456.24,488.73,36,48,1,-1.3333333333333333,49.666666666666664,3.0
401760386,2025,7,regular,2025-10-11 19:30:00+00:00,UNLV,Air Force,51,48,False,True,1.0,350.8,-154.4,4.3,33.8,29.8,-3.2,28.3,31.7,700.54,,3,99,1,-7.166666666666667,65.83333333333333,3.0
401761624,2025,7,regular,2025-10-11 19:30:00+00:00,Georgia State,App State,20,41,False,True,1.0,20.0,35.8,-24.5,18.6,41.1,-11.4,23.0,35.2,611.97,611.31,-21,61,0,2.8333333333333335,55.5,3.0
401756919,2025,7,regular,2025-10-11 19:30:00+00:00,Kansas State,TCU,41,28,False,True,1.0,24.799999999999997,270.8,7.0,31.3,25.0,8.3,32.9,23.9,705.85,745.01,13,69,1,2.8333333333333335,54.5,3.0
401752736,2025,7,regular,2025-10-11 19:30:00+00:00,Texas,Oklahoma,23,6,True,True,1.0,175.8,478.8,16.2,32.9,17.9,18.3,30.1,12.9,973.54,882.59,17,29,1,-2.5,44.166666666666664,3.0
401754563,2025,7,regular,2025-10-11 19:30:00+00:00,Oregon State,Wake Forest,14,39,False,False,1.0,-200.0,123.0,-15.9,17.0,30.8,5.7,26.6,20.9,667.99,627.16,-25,53,0,1.5,47.666666666666664,3.0
401754560,2025,7,regular,2025-10-11 19:30:00+00:00,Georgia Tech,Virginia Tech,35,20,False,True,1.0,434.8,-72.19999999999999,9.3,32.5,24.9,-10.1,21.4,30.8,715.56,712.19,15,55,1,-14.166666666666666,55.5,3.0
401756918,2025,7,regular,2025-10-11 19:30:00+00:00,Colorado,Iowa State,24,17,False,True,1.0,34.0,420.8,-8.3,22.6,29.5,9.9,28.1,19.5,755.2,648.93,7,41,1,2.8333333333333335,52.5,3.0
401752870,2025,7,regular,2025-10-11 19:30:00+00:00,Oregon,Indiana,20,30,False,True,1.0,450.8,522.0,25.9,38.7,13.5,32.4,40.8,9.9,941.22,645.34,-10,50,0,-7.0,51.333333333333336,3.0
401761626,2025,7,regular,2025-10-11 19:30:00+00:00,Marshall,Old Dominion,48,24,False,True,1.0,7.0,279.0,-4.5,29.6,34.8,5.9,31.6,23.7,590.64,477.45,24,72,1,14.5,57.5,3.0
401754562,2025,7,regular,2025-10-11 19:30:00+00:00,Notre Dame,NC State,36,7,False,False,1.0,298.8,236.60000000000002,24.4,40.0,16.3,4.8,31.4,25.5,912.11,707.51,29,43,1,-23.833333333333332,59.5,3.0
401752867,2025,7,regular,2025-10-11 19:30:00+00:00,Maryland,Nebraska,31,34,False,True,1.0,263.8,321.0,0.6,24.4,24.7,6.2,28.8,22.7,699.31,821.39,-3,65,0,6.833333333333333,47.333333333333336,3.0
401762834,2025,7,regular,2025-10-11 19:30:00+00:00,Western Michigan,Ball State,42,0,False,True,1.0,140.8,-23.200000000000003,-1.4,21.7,21.8,-23.0,13.4,34.4,534.35,495.35,42,42,1,-9.5,43.0,3.0
401752866,2025,7,regular,2025-10-11 19:30:00+00:00,Penn State,Northwestern,21,22,False,True,1.0,128.0,176.0,18.1,35.1,18.8,5.8,24.4,20.0,910.42,677.97,-1,43,0,-20.5,46.5,3.0
401762484,2025,7,regular,2025-10-11 20:00:00+00:00,Temple,Navy,31,32,False,True,1.0,196.0,318.0,-5.1,27.1,33.2,6.2,33.6,27.9,507.91,,-1,63,0,10.166666666666666,52.5,3.0
401752735,2025,7,regular,2025-10-11 20:15:00+00:00,Tennessee,Arkansas,34,31,False,True,1.0,317.8,123.0,15.0,39.3,25.4,5.1,35.8,31.4,866.57,772.64,3,65,1,-10.166666666666666,68.5,3.0
401762482,2025,7,regular,2025-10-11 22:00:00+00:00,Florida Atlantic,UAB,53,33,False,True,1.0,-71.2,-14.200000000000003,-8.7,27.8,38.1,-15.8,25.5,39.8,605.22,540.93,20,86,1,-4.833333333333333,66.0,3.0
401752869,2025,7,regular,2025-10-11 23:00:00+00:00,Wisconsin,Iowa,0,37,False,True,1.0,74.0,244.8,-4.4,17.4,20.9,19.7,32.1,14.2,763.17,710.0,-37,37,0,5.0,37.5,3.0
401760391,2025,7,regular,2025-10-11 23:00:00+00:00,Wyoming,San José State,35,28,False,True,1.0,-62.0,7.0,-11.3,15.3,24.7,-14.3,21.6,34.4,489.33,522.91,7,63,1,1.5,49.833333333333336,3.0
401761623,2025,7,regular,2025-10-11 23:00:00+00:00,Coastal Carolina,UL Monroe,23,8,False,True,1.0,36.8,111.8,-15.1,23.4,37.0,-21.6,16.1,35.7,610.88,473.34,15,31,1,2.8333333333333335,46.166666666666664,3.0
401752737,2025,7,regular,2025-10-11 23:00:00+00:00,Texas A&M,Florida,34,17,False,True,1.0,540.0,221.0,20.7,38.0,16.4,3.5,24.5,22.6,917.29,898.58,17,51,1,-6.833333333333333,48.0,3.0
401762485,2025,7,regular,2025-10-11 23:30:00+00:00,UTSA,Rice,61,13,False,True,1.0,47.8,38.8,3.7,33.3,30.0,-14.8,17.7,33.9,662.09,530.06,48,74,1,-9.166666666666666,48.5,3.0
401752864,2025,7,regular,2025-10-11 23:30:00+00:00,Minnesota,Purdue,27,20,False,True,1.0,173.8,43.0,1.5,23.8,20.8,-6.1,21.9,29.9,711.04,687.74,7,47,1,-7.333333333333333,49.5,3.0
401752731,2025,7,regular,2025-10-11 23:30:00+00:00,Auburn,Georgia,10,20,False,True,1.0,274.8,383.0,11.6,28.3,17.4,24.1,37.0,14.8,891.84,1002.98,-10,30,0,4.5,46.166666666666664,3.0
401756921,2025,7,regular,2025-10-11 23:30:00+00:00,Texas Tech,Kansas,42,17,False,True,1.0,472.0,239.8,27.6,39.3,12.3,4.1,30.9,28.5,757.49,705.32,25,59,1,-13.5,58.5,3.0
401754558,2025,7,regular,2025-10-11 23:30:00+00:00,Boston College,Clemson,10,41,False,True,1.0,-143.2,25.0,-8.5,23.3,33.1,9.5,27.5,18.9,650.12,918.43,-31,51,0,13.833333333333334,54.333333333333336,3.0
401752868,2025,7,regular,2025-10-11 23:30:00+00:00,USC,Michigan,31,13,False,True,1.0,281.0,341.8,16.9,38.9,21.0,12.4,30.9,17.0,847.53,907.22,18,44,1,-2.8333333333333335,58.0,3.0
401752732,2025,7,regular,2025-10-11 23:45:00+00:00,LSU,South Carolina,20,10,False,True,1.0,385.0,208.0,10.3,25.8,16.1,5.9,24.6,20.2,920.05,833.26,10,30,1,-8.333333333333334,44.5,3.0
401761627,2025,7,regular,2025-10-12 00:00:00+00:00,Texas State,Troy,41,48,False,True,1.0,88.60000000000001,150.0,2.3,36.6,34.6,-4.8,23.6,29.0,612.16,561.87,-7,89,0,-7.5,53.5,3.0
401756916,2025,7,regular,2025-10-12 00:00:00+00:00,Arizona,BYU,27,33,False,True,1.0,301.0,374.0,12.0,33.0,19.5,15.9,33.9,18.8,651.62,649.36,-6,60,0,2.5,46.666666666666664,3.0
401760387,2025,7,regular,2025-10-12 01:45:00+00:00,Boise State,New Mexico,41,25,False,True,1.0,200.8,112.0,3.1,29.1,25.1,0.9,25.4,26.1,610.65,378.8,16,66,1,-14.833333333333334,58.166666666666664,3.0
401756922,2025,7,regular,2025-10-12 02:15:00+00:00,Utah,Arizona State,42,10,False,True,1.0,247.0,315.6,22.2,39.7,17.5,3.9,28.3,22.7,707.86,738.52,32,52,1,-9.166666666666666,43.833333333333336,3.0
401760390,2025,7,regular,2025-10-12 02:30:00+00:00,Nevada,San Diego State,10,44,False,True,1.0,-138.4,216.8,-13.4,14.2,28.7,6.7,24.4,19.6,488.69,594.27,-34,54,0,6.5,42.5,3.0
401760389,2025,7,regular,2025-10-12 03:59:00+00:00,Hawai'i,Utah State,44,26,False,True,1.0,193.8,208.0,1.7,27.3,27.3,-3.1,29.5,31.2,481.2,503.59,18,70,1,1.6666666666666667,57.166666666666664,3.0
401757282,2025,8,regular,2025-10-14 23:00:00+00:00,Liberty,New Mexico State,30,27,False,True,1.0,-158.2,55.599999999999994,-9.0,24.6,32.8,-15.5,19.7,34.9,599.12,402.9,3,57,1,-10.833333333333334,48.166666666666664,3.0
401761628,2025,8,regular,2025-10-14 23:30:00+00:00,South Alabama,Arkansas State,14,15,False,True,1.0,-166.2,-65.2,-12.7,25.4,36.0,-8.8,24.4,33.5,544.87,591.27,-1,29,0,-8.5,57.333333333333336,3.0
401757281,2025,8,regular,2025-10-15 00:00:00+00:00,Western Kentucky,Florida International,6,25,False,True,1.0,238.8,-13.200000000000003,1.6,28.8,28.6,-10.5,26.1,35.8,561.36,562.61,-19,31,0,-9.833333333333334,55.5,3.0
401757284,2025,8,regular,2025-10-15 23:00:00+00:00,Sam Houston,UTEP,17,35,True,True,1.0,-339.4,-228.2,-27.8,15.3,41.8,-17.5,20.2,36.3,477.35,551.88,-18,52,0,3.5,46.833333333333336,3.0
401757283,2025,8,regular,2025-10-15 23:00:00+00:00,Jacksonville State,Delaware,38,25,False,True,1.0,-6.200000000000003,61.0,-6.7,27.2,32.4,-10.9,26.2,36.2,519.93,242.85,13,63,1,2.8333333333333335,55.666666666666664,3.0
401762486,2025,8,regular,2025-10-16 23:30:00+00:00,East Carolina,Tulsa,41,27,False,True,1.0,114.6,-108.0,8.0,32.6,24.0,-10.0,21.7,33.1,611.55,594.78,14,68,1,-16.5,54.666666666666664,3.0
401754564,2025,8,regular,2025-10-17 23:00:00+00:00,Miami,Louisville,21,24,False,True,1.0,556.0,335.0,20.7,34.2,14.3,12.4,31.6,19.8,874.57,700.77,-3,45,0,-10.5,49.5,3.0
401752872,2025,8,regular,2025-10-18 00:00:00+00:00,Minnesota,Nebraska,24,6,False,True,1.0,223.8,413.8,1.5,23.8,20.8,6.2,28.8,22.7,711.04,821.39,18,30,1,6.833333333333333,47.833333333333336,3.0
401760396,2025,8,regular,2025-10-18 01:00:00+00:00,Utah State,San José State,30,25,False,True,1.0,150.8,-60.0,-3.1,29.5,31.2,-14.3,21.6,34.4,503.59,522.91,5,55,1,-3.1666666666666665,63.166666666666664,3.0
401754371,2025,8,regular,2025-10-18 02:30:00+00:00,California,North Carolina,21,18,False,True,1.0,154.8,2.799999999999997,-3.2,25.6,27.9,-6.6,17.2,25.0,726.21,753.2,3,39,1,-7.833333333333333,46.5,3.0
401762488,2025,8,regular,2025-10-18 16:00:00+00:00,Tulane,Army,24,17,False,True,1.0,409.0,101.80000000000001,6.3,32.4,27.6,0.8,24.7,24.1,650.87,23.66,7,41,1,-10.0,44.5,3.0
401762841,2025,8,regular,2025-10-18 16:00:00+00:00,Miami (OH),Eastern Michigan,44,30,False,True,1.0,31.599999999999994,-253.4,-3.4,19.3,24.2,-14.7,19.4,34.1,592.1,572.9,14,74,1,-12.166666666666666,47.333333333333336,3.0
401754569,2025,8,regular,2025-10-18 16:00:00+00:00,Boston College,UConn,23,38,False,False,1.0,-178.2,94.0,-8.5,23.3,33.1,5.1,32.0,28.5,650.12,568.12,-15,61,0,2.5,58.333333333333336,3.0
401752873,2025,8,regular,2025-10-18 16:00:00+00:00,Michigan,Washington,24,7,False,True,1.0,322.8,432.6,12.4,30.9,17.0,18.4,34.5,15.3,907.22,720.56,17,31,1,-4.166666666666667,50.5,3.0
401756927,2025,8,regular,2025-10-18 16:00:00+00:00,TCU,Baylor,42,36,False,True,1.0,213.6,257.0,8.3,32.9,23.9,1.4,32.8,33.3,745.01,726.3,6,78,1,-3.5,66.83333333333333,3.0
401756925,2025,8,regular,2025-10-18 16:00:00+00:00,Houston,Arizona,31,28,False,True,1.0,309.0,292.0,7.4,31.5,23.0,12.0,33.0,19.5,656.74,651.62,3,59,1,2.0,47.333333333333336,3.0
401754566,2025,8,regular,2025-10-18 16:00:00+00:00,Duke,Georgia Tech,18,27,False,True,1.0,290.6,494.8,6.6,34.8,29.2,9.3,32.5,24.9,669.18,715.56,-9,45,0,-3.5,60.833333333333336,3.0
401762839,2025,8,regular,2025-10-18 16:00:00+00:00,Bowling Green,Central Michigan,6,27,False,True,1.0,66.6,79.0,-12.6,15.4,28.8,-8.8,17.6,25.7,527.31,481.16,-21,33,0,-3.1666666666666665,43.833333333333336,3.0
401752745,2025,8,regular,2025-10-18 16:00:00+00:00,Vanderbilt,LSU,31,24,False,True,1.0,463.0,481.0,20.3,39.9,21.4,10.3,25.8,16.1,685.42,920.05,7,55,1,-1.5,48.333333333333336,3.0
401752744,2025,8,regular,2025-10-18 16:45:00+00:00,South Carolina,Oklahoma,7,26,False,True,1.0,219.0,443.8,5.9,24.6,20.2,18.3,30.1,12.9,833.26,882.59,-19,33,0,4.333333333333333,43.0,3.0
401756928,2025,8,regular,2025-10-18 17:00:00+00:00,UCF,West Virginia,45,13,False,True,1.0,25.599999999999994,17.599999999999994,-1.2,23.2,24.0,-6.8,22.8,30.0,709.99,662.33,32,58,1,-6.5,46.666666666666664,3.0
401762842,2025,8,regular,2025-10-18 18:00:00+00:00,Toledo,Kent State,45,10,False,True,1.0,74.6,62.0,6.0,25.8,18.5,-19.3,17.0,34.9,620.13,456.24,35,55,1,-25.333333333333332,48.5,3.0
401762840,2025,8,regular,2025-10-18 18:30:00+00:00,Massachusetts,Buffalo,21,28,False,True,1.0,-338.0,10.799999999999997,-36.6,7.8,42.8,-7.5,18.2,27.4,488.73,513.33,-7,49,0,16.5,47.5,3.0
401752874,2025,8,regular,2025-10-18 19:00:00+00:00,Northwestern,Purdue,19,0,False,True,1.0,292.0,5.799999999999997,5.8,24.4,20.0,-6.1,21.9,29.9,677.97,687.74,19,19,1,-3.3333333333333335,47.0,3.0
401761633,2025,8,regular,2025-10-18 19:00:00+00:00,UL Monroe,Troy,14,37,False,True,1.0,14.799999999999997,242.8,-21.6,16.1,35.7,-4.8,23.6,29.0,473.34,561.87,-23,51,0,4.833333333333333,45.666666666666664,3.0
401761629,2025,8,regular,2025-10-18 19:30:00+00:00,App State,Coastal Carolina,37,45,False,True,1.0,103.8,96.8,-11.4,23.0,35.2,-15.1,23.4,37.0,611.31,610.88,-8,82,0,-10.5,48.0,3.0
401761632,2025,8,regular,2025-10-18 19:30:00+00:00,Marshall,Texas State,40,37,False,True,1.0,103.0,38.60000000000001,-4.5,29.6,34.8,2.3,36.6,34.6,590.64,612.16,3,77,1,2.8333333333333335,65.66666666666667,3.0
401762489,2025,8,regular,2025-10-18 19:30:00+00:00,Charlotte,Temple,14,49,False,True,1.0,-341.2,146.0,-26.7,14.5,39.8,-5.1,27.1,33.2,526.3,507.91,-35,63,0,9.666666666666666,47.333333333333336,3.0
401762838,2025,8,regular,2025-10-18 19:30:00+00:00,Ball State,Akron,42,28,False,True,1.0,-80.4,-246.4,-23.0,13.4,34.4,-13.9,17.2,29.3,495.35,537.21,14,70,1,1.0,44.0,3.0
401762491,2025,8,regular,2025-10-18 19:30:00+00:00,North Texas,UTSA,55,17,False,True,1.0,370.6,107.8,13.8,43.1,28.6,3.7,33.3,30.0,569.15,662.09,38,72,1,-3.8333333333333335,64.0,3.0
401760392,2025,8,regular,2025-10-18 19:30:00+00:00,Air Force,Wyoming,24,21,False,True,1.0,-191.60000000000002,-12.0,-3.2,28.3,31.7,-11.3,15.3,24.7,,489.33,3,45,1,-3.8333333333333335,56.5,3.0
401752742,2025,8,regular,2025-10-18 19:30:00+00:00,Georgia,Ole Miss,43,35,False,True,1.0,519.0,552.8,24.1,37.0,14.8,24.0,40.4,18.3,1002.98,813.11,8,78,1,-7.5,56.5,3.0
401760393,2025,8,regular,2025-10-18 19:30:00+00:00,Boise State,UNLV,56,31,False,True,1.0,296.8,430.8,3.1,29.1,25.1,4.3,33.8,29.8,610.65,700.54,25,87,1,-13.0,61.0,3.0
401752878,2025,8,regular,2025-10-18 19:30:00+00:00,Indiana,Michigan State,38,13,False,True,1.0,704.0,26.799999999999997,32.4,40.8,9.9,-3.4,26.6,28.7,645.34,717.42,25,51,1,-26.5,49.5,3.0
401754565,2025,8,regular,2025-10-18 19:30:00+00:00,Clemson,SMU,24,35,False,True,1.0,93.0,179.0,9.5,27.5,18.9,13.4,34.2,19.5,918.43,766.67,-11,59,0,-4.166666666666667,49.666666666666664,3.0
401752877,2025,8,regular,2025-10-18 19:30:00+00:00,Wisconsin,Ohio State,0,34,False,True,1.0,39.0,670.0,-4.4,17.4,20.9,30.1,37.6,7.7,763.17,973.69,-34,34,0,24.5,41.333333333333336,3.0
401761631,2025,8,regular,2025-10-18 19:30:00+00:00,James Madison,Old Dominion,63,27,False,True,1.0,287.0,221.8,12.3,34.9,21.4,5.9,31.6,23.7,459.53,477.45,36,90,1,-3.1666666666666665,47.5,3.0
401762843,2025,8,regular,2025-10-18 19:30:00+00:00,Ohio,Northern Illinois,48,21,False,True,1.0,96.8,-251.4,-4.0,23.2,25.2,-16.7,12.0,28.1,469.99,471.01,27,69,1,-10.833333333333334,41.833333333333336,3.0
401752739,2025,8,regular,2025-10-18 19:30:00+00:00,Arkansas,Texas A&M,42,45,False,True,1.0,142.0,636.0,5.1,35.8,31.4,20.7,38.0,16.4,772.64,917.29,-3,87,0,7.666666666666667,57.5,3.0
401762487,2025,8,regular,2025-10-18 20:00:00+00:00,UAB,Memphis,31,24,False,True,1.0,-111.2,444.8,-15.8,25.5,39.8,7.6,34.3,28.3,540.93,668.63,7,55,1,23.5,59.5,3.0
401756923,2025,8,regular,2025-10-18 20:00:00+00:00,Arizona State,Texas Tech,26,22,False,True,1.0,296.6,568.0,3.9,28.3,22.7,27.6,39.3,12.3,738.52,757.49,4,48,1,8.0,52.333333333333336,3.0
401752741,2025,8,regular,2025-10-18 20:15:00+00:00,Florida,Mississippi State,23,21,False,True,1.0,244.0,334.0,3.5,24.5,22.6,4.1,31.6,29.0,898.58,770.48,2,44,1,-9.5,51.0,3.0
401761668,2025,8,regular,2025-10-18 21:00:00+00:00,Louisiana,Southern Miss,10,22,False,True,1.0,-38.0,110.8,-10.1,25.3,34.0,-7.1,27.0,32.8,585.82,602.53,-12,32,0,4.333333333333333,54.5,3.0
401752951,2025,8,regular,2025-10-18 22:30:00+00:00,Virginia,Washington State,22,20,False,False,1.0,394.8,195.0,11.1,28.8,18.1,3.8,24.6,20.5,666.74,569.46,2,42,1,-16.5,56.5,3.0
401752876,2025,8,regular,2025-10-18 22:30:00+00:00,Rutgers,Oregon,10,56,False,True,1.0,144.8,453.8,1.0,31.6,30.7,25.9,38.7,13.5,689.22,941.22,-46,66,0,17.833333333333332,62.0,3.0
401752875,2025,8,regular,2025-10-18 23:00:00+00:00,Iowa,Penn State,25,24,False,True,1.0,353.6,78.0,19.7,32.1,14.2,18.1,35.1,18.8,710.0,910.42,1,49,1,-3.1666666666666665,41.333333333333336,3.0
401752743,2025,8,regular,2025-10-18 23:00:00+00:00,Kentucky,Texas,13,16,False,True,1.0,78.8,415.8,1.8,25.5,23.7,16.2,32.9,17.9,763.18,973.54,-3,29,0,12.666666666666666,45.333333333333336,3.0
401760394,2025,8,regular,2025-10-18 23:00:00+00:00,Colorado State,Hawai'i,19,31,False,True,1.0,-50.2,289.8,-15.6,17.6,32.9,1.7,27.3,27.3,583.71,481.2,-12,50,0,-2.6666666666666665,53.5,3.0
401752879,2025,8,regular,2025-10-18 23:00:00+00:00,UCLA,Maryland,20,17,False,True,1.0,91.4,213.8,-8.7,21.7,30.4,0.6,24.4,24.7,766.62,699.31,3,37,1,-4.0,52.5,3.0
401761630,2025,8,regular,2025-10-18 23:00:00+00:00,Georgia Southern,Georgia State,41,24,False,True,1.0,-60.2,-85.0,-9.4,28.3,37.7,-24.5,18.6,41.1,574.48,611.97,17,65,1,-6.5,58.666666666666664,3.0
401752738,2025,8,regular,2025-10-18 23:30:00+00:00,Alabama,Tennessee,37,20,False,True,1.0,536.8,397.8,14.8,32.2,16.1,15.0,39.3,25.4,993.55,866.57,17,57,1,-8.666666666666666,60.833333333333336,3.0
401754568,2025,8,regular,2025-10-18 23:30:00+00:00,Syracuse,Pittsburgh,13,30,False,True,1.0,152.0,206.0,-13.1,18.8,33.0,8.4,31.6,23.5,727.83,681.21,-17,43,0,9.166666666666666,54.5,3.0
401752871,2025,8,regular,2025-10-18 23:30:00+00:00,Notre Dame,USC,34,24,False,False,1.0,394.8,423.0,24.4,40.0,16.3,16.9,38.9,21.0,912.11,847.53,10,58,1,-10.666666666666666,60.5,3.0
401762490,2025,8,regular,2025-10-18 23:30:00+00:00,South Florida,Florida Atlantic,48,13,False,True,1.0,517.0,-11.200000000000003,11.6,37.7,25.3,-8.7,27.8,38.1,666.89,605.22,35,61,1,-20.5,72.5,3.0
401752740,2025,8,regular,2025-10-18 23:45:00+00:00,Auburn,Missouri,17,23,False,True,1.0,271.8,367.0,11.6,28.3,17.4,14.4,31.2,15.4,891.84,804.77,-6,40,0,1.5,43.666666666666664,3.0
401756924,2025,8,regular,2025-10-19 00:00:00+00:00,BYU,Utah,24,21,False,True,1.0,490.0,377.0,15.9,33.9,18.8,22.2,39.7,17.5,649.36,707.86,3,45,1,4.5,49.5,3.0
401756926,2025,8,regular,2025-10-19 00:00:00+00:00,Oklahoma State,Cincinnati,17,49,False,True,1.0,-118.0,366.8,-15.1,15.2,31.6,4.5,30.2,26.4,702.74,644.1,-32,66,0,23.666666666666668,57.666666666666664,3.0
401760395,2025,8,regular,2025-10-19 01:45:00+00:00,New Mexico,Nevada,24,22,False,True,1.0,54.8,-208.4,0.9,25.4,26.1,-13.4,14.2,28.7,378.8,488.69,2,46,1,-14.166666666666666,49.5,3.0
401752941,2025,8,regular,2025-10-19 02:00:00+00:00,Oregon State,Lafayette,45,13,False,False,1.0,-270.0,-97.0,-15.9,17.0,30.8,,,,667.99,,32,58,1,-21.166666666666668,56.166666666666664,3.0
401754567,2025,8,regular,2025-10-19 02:30:00+00:00,Stanford,Florida State,20,13,False,True,1.0,15.799999999999997,261.0,-11.8,18.4,28.6,7.2,29.3,21.2,707.27,828.45,7,33,1,17.5,55.333333333333336,3.0
401757285,2025,9,regular,2025-10-21 23:00:00+00:00,Florida International,Kennesaw State,26,45,False,True,1.0,95.60000000000001,205.8,-10.5,26.1,35.8,-5.4,26.4,30.2,562.61,338.87,-19,71,0,2.8333333333333335,48.833333333333336,3.0
401757286,2025,9,regular,2025-10-21 23:30:00+00:00,Louisiana Tech,Western Kentucky,27,28,False,True,1.0,217.8,133.8,-1.3,25.6,27.0,1.6,28.8,28.6,493.5,561.36,-1,55,0,-5.0,49.333333333333336,3.0
401757287,2025,9,regular,2025-10-22 23:30:00+00:00,Delaware,Middle Tennessee,31,28,False,True,1.0,-36.0,-286.4,-10.9,26.2,36.2,-16.0,20.4,37.0,242.85,520.55,3,59,1,-8.666666666666666,55.333333333333336,3.0
401757288,2025,9,regular,2025-10-23 01:00:00+00:00,New Mexico State,Missouri State,17,24,False,True,1.0,-11.400000000000006,118.80000000000001,-15.5,19.7,34.9,-10.7,25.6,34.8,402.9,426.1,-7,41,0,2.5,51.5,3.0
401761634,2025,9,regular,2025-10-23 23:30:00+00:00,Georgia State,South Alabama,31,38,False,True,1.0,-182.0,-241.2,-24.5,18.6,41.1,-12.7,25.4,36.0,611.97,544.87,-7,69,0,5.833333333333333,54.0,3.0
401762492,2025,9,regular,2025-10-24 23:00:00+00:00,Charlotte,North Texas,20,54,False,True,1.0,-411.2,466.6,-26.7,14.5,39.8,13.8,43.1,28.6,526.3,569.15,-34,74,0,25.333333333333332,60.833333333333336,3.0
401754372,2025,9,regular,2025-10-24 23:30:00+00:00,Virginia Tech,California,42,34,False,True,1.0,-65.19999999999999,204.8,-10.1,21.4,30.8,-3.2,25.6,27.9,712.19,726.21,8,76,1,-6.166666666666667,50.666666666666664,3.0
401760397,2025,9,regular,2025-10-25 02:00:00+00:00,Nevada,Boise State,3,24,False,True,1.0,-245.60000000000002,392.8,-13.4,14.2,28.7,3.1,29.1,25.1,488.69,610.65,-21,27,0,20.833333333333332,50.833333333333336,3.0
401756932,2025,9,regular,2025-10-25 16:00:00+00:00,Kansas,Kansas State,17,42,False,True,1.0,254.8,144.8,4.1,30.9,28.5,7.0,31.3,25.0,705.32,705.85,-25,59,0,-3.5,55.666666666666664,3.0
401762494,2025,9,regular,2025-10-25 16:00:00+00:00,Memphis,South Florida,34,31,False,True,1.0,377.8,577.0,7.6,34.3,28.3,11.6,37.7,25.3,668.63,666.89,3,65,1,3.5,58.833333333333336,3.0
401754571,2025,9,regular,2025-10-25 16:00:00+00:00,Georgia Tech,Syracuse,41,16,False,True,1.0,587.6,117.0,9.3,32.5,24.9,-13.1,18.8,33.0,715.56,727.83,25,57,1,-17.5,52.833333333333336,3.0
401752942,2025,9,regular,2025-10-25 16:00:00+00:00,Wake Forest,SMU,13,12,False,True,1.0,191.0,315.0,5.7,26.6,20.9,13.4,34.2,19.5,627.16,766.67,1,25,1,5.5,52.666666666666664,3.0
401752750,2025,9,regular,2025-10-25 16:00:00+00:00,Oklahoma,Ole Miss,26,34,False,True,1.0,552.6,577.8,18.3,30.1,12.9,24.0,40.4,18.3,882.59,813.11,-8,60,0,-5.5,52.5,3.0
401762848,2025,9,regular,2025-10-25 16:00:00+00:00,Eastern Michigan,Ohio,21,28,False,True,1.0,-310.6,156.8,-14.7,19.4,34.1,-4.0,23.2,25.2,572.9,469.99,-7,49,0,12.333333333333334,60.333333333333336,3.0
401752885,2025,9,regular,2025-10-25 16:00:00+00:00,Indiana,UCLA,56,6,False,True,1.0,800.0,171.4,32.4,40.8,9.9,-8.7,21.7,30.4,645.34,766.62,50,62,1,-27.166666666666668,53.5,3.0
401752884,2025,9,regular,2025-10-25 16:00:00+00:00,Purdue,Rutgers,24,27,False,True,1.0,-51.400000000000006,145.8,-6.1,21.9,29.9,1.0,31.6,30.7,687.74,689.22,-3,51,0,-2.5,60.333333333333336,3.0
401762846,2025,9,regular,2025-10-25 16:00:00+00:00,Kent State,Bowling Green,24,21,False,True,1.0,4.799999999999997,-38.400000000000006,-19.3,17.0,34.9,-12.6,15.4,28.8,456.24,527.31,3,45,1,7.5,47.333333333333336,3.0
401761635,2025,9,regular,2025-10-25 16:00:00+00:00,Old Dominion,App State,24,21,False,True,1.0,202.8,28.799999999999997,5.9,31.6,23.7,-11.4,23.0,35.2,477.45,611.31,3,45,1,-13.166666666666666,61.833333333333336,3.0
401752883,2025,9,regular,2025-10-25 16:00:00+00:00,Nebraska,Northwestern,28,21,False,True,1.0,356.6,352.0,6.2,28.8,22.7,5.8,24.4,20.0,821.39,677.97,7,49,1,-7.166666666666667,44.5,3.0
401754573,2025,9,regular,2025-10-25 16:00:00+00:00,North Carolina,Virginia,16,17,False,True,1.0,-34.400000000000006,474.8,-6.6,17.2,25.0,11.1,28.8,18.1,753.2,666.74,-1,33,0,11.666666666666666,50.833333333333336,3.0
401752746,2025,9,regular,2025-10-25 16:45:00+00:00,Arkansas,Auburn,24,33,False,True,1.0,161.0,266.8,5.1,35.8,31.4,11.6,28.3,17.4,772.64,891.84,-9,57,0,-2.5,56.0,3.0
401762844,2025,9,regular,2025-10-25 17:00:00+00:00,Buffalo,Akron,16,24,False,True,1.0,68.8,-343.4,-7.5,18.2,27.4,-13.9,17.2,29.3,513.33,537.21,-8,40,0,-10.166666666666666,48.666666666666664,3.0
401760400,2025,9,regular,2025-10-25 19:00:00+00:00,New Mexico,Utah State,33,14,False,True,1.0,104.8,200.8,0.9,25.4,26.1,-3.1,29.5,31.2,378.8,503.59,19,47,1,-2.8333333333333335,61.0,3.0
401757172,2025,9,regular,2025-10-25 19:00:00+00:00,Rice,UConn,37,34,False,False,1.0,-18.400000000000006,162.0,-14.8,17.7,33.9,5.1,32.0,28.5,530.06,568.12,3,71,1,10.0,48.5,3.0
401752752,2025,9,regular,2025-10-25 19:30:00+00:00,Vanderbilt,Missouri,17,10,False,True,1.0,595.0,483.0,20.3,39.9,21.4,14.4,31.2,15.4,685.42,804.77,7,27,1,-3.1666666666666665,52.5,3.0
401756931,2025,9,regular,2025-10-25 19:30:00+00:00,Iowa State,BYU,27,41,False,True,1.0,353.8,596.0,9.9,28.1,19.5,15.9,33.9,18.8,648.93,649.36,-14,68,0,-2.5,49.0,3.0
401760399,2025,9,regular,2025-10-25 19:30:00+00:00,Fresno State,San Diego State,0,23,False,True,1.0,166.60000000000002,284.8,1.8,23.0,21.1,6.7,24.4,19.6,586.84,594.27,-23,23,0,3.1666666666666665,46.0,3.0
401762845,2025,9,regular,2025-10-25 19:30:00+00:00,Northern Illinois,Ball State,21,7,False,True,1.0,-308.6,-20.400000000000006,-16.7,12.0,28.1,-23.0,13.4,34.4,471.01,495.35,14,28,1,-6.5,42.0,3.0
401752952,2025,9,regular,2025-10-25 19:30:00+00:00,Washington State,Toledo,28,7,False,False,1.0,202.0,134.6,3.8,24.6,20.5,6.0,25.8,18.5,569.46,620.13,21,35,1,1.6666666666666667,44.833333333333336,3.0
401762493,2025,9,regular,2025-10-25 19:30:00+00:00,Navy,Florida Atlantic,42,32,False,True,1.0,410.8,-16.200000000000003,6.2,33.6,27.9,-8.7,27.8,38.1,,605.22,10,74,1,-14.5,63.5,3.0
401761637,2025,9,regular,2025-10-25 19:30:00+00:00,Southern Miss,UL Monroe,49,21,False,True,1.0,178.8,-55.2,-7.1,27.0,32.8,-21.6,16.1,35.7,602.53,473.34,28,70,1,-13.833333333333334,48.666666666666664,3.0
401752880,2025,9,regular,2025-10-25 19:30:00+00:00,Washington,Illinois,42,25,False,True,1.0,413.6,452.8,18.4,34.5,15.3,12.9,33.3,21.7,720.56,662.13,17,67,1,-3.3333333333333335,54.5,3.0
401762847,2025,9,regular,2025-10-25 19:30:00+00:00,Central Michigan,Massachusetts,38,13,False,True,1.0,147.0,-413.0,-8.8,17.6,25.7,-36.6,7.8,42.8,481.16,488.73,25,51,1,-16.833333333333332,46.5,3.0
401762495,2025,9,regular,2025-10-25 19:30:00+00:00,Tulsa,Temple,37,38,False,True,1.0,-127.0,214.0,-10.0,21.7,33.1,-5.1,27.1,33.2,594.78,507.91,-1,75,0,4.333333333333333,52.5,3.0
401752751,2025,9,regular,2025-10-25 19:30:00+00:00,South Carolina,Alabama,22,29,False,True,1.0,208.0,686.8,5.9,24.6,20.2,14.8,32.2,16.1,833.26,993.55,-7,51,0,11.833333333333334,47.666666666666664,3.0
401754574,2025,9,regular,2025-10-25 19:30:00+00:00,Pittsburgh,NC State,53,34,False,True,1.0,274.0,237.60000000000002,8.4,31.6,23.5,4.8,31.4,25.5,681.21,707.51,19,87,1,-5.0,52.666666666666664,3.0
401762874,2025,9,regular,2025-10-25 19:30:00+00:00,Miami (OH),Western Michigan,26,17,False,True,1.0,91.6,200.8,-3.4,19.3,24.2,-1.4,21.7,21.8,592.1,534.35,9,43,1,-2.5,40.333333333333336,3.0
401752882,2025,9,regular,2025-10-25 19:30:00+00:00,Iowa,Minnesota,41,3,False,True,1.0,453.6,345.8,19.7,32.1,14.2,1.5,23.8,20.8,710.0,711.04,38,44,1,-7.333333333333333,39.166666666666664,3.0
401756933,2025,9,regular,2025-10-25 20:00:00+00:00,Texas Tech,Oklahoma State,42,0,False,True,1.0,530.8,-149.0,27.6,39.3,12.3,-15.1,15.2,31.6,757.49,702.74,42,42,1,-37.0,56.333333333333336,3.0
401756930,2025,9,regular,2025-10-25 20:00:00+00:00,Cincinnati,Baylor,41,20,False,True,1.0,434.8,248.0,4.5,30.2,26.4,1.4,32.8,33.3,644.1,726.3,21,61,1,-3.5,68.83333333333333,3.0
401752749,2025,9,regular,2025-10-25 20:15:00+00:00,Mississippi State,Texas,38,45,False,True,1.0,296.8,508.6,4.1,31.6,29.0,16.2,32.9,17.9,770.48,973.54,-7,83,0,8.333333333333334,48.833333333333336,3.0
401756935,2025,9,regular,2025-10-25 22:00:00+00:00,West Virginia,TCU,17,23,False,True,1.0,-39.60000000000001,293.6,-6.8,22.8,30.0,8.3,32.9,23.9,662.33,745.01,-6,40,0,16.5,55.5,3.0
401761636,2025,9,regular,2025-10-25 23:00:00+00:00,Arkansas State,Georgia Southern,34,24,False,True,1.0,-7.200000000000003,-0.20000000000000284,-8.8,24.4,33.5,-9.4,28.3,37.7,591.27,574.48,10,58,1,0.3333333333333333,59.5,3.0
401761638,2025,9,regular,2025-10-25 23:00:00+00:00,Troy,Louisiana,35,23,False,True,1.0,310.8,-143.0,-4.8,23.6,29.0,-10.1,25.3,34.0,561.87,585.82,12,58,1,-7.166666666666667,47.333333333333336,3.0
401754572,2025,9,regular,2025-10-25 23:00:00+00:00,Miami,Stanford,42,7,False,True,1.0,531.0,95.8,20.7,34.2,14.3,-11.8,18.4,28.6,874.57,707.27,35,49,1,-29.0,45.666666666666664,3.0
401752886,2025,9,regular,2025-10-25 23:00:00+00:00,Oregon,Wisconsin,21,7,False,True,1.0,562.6,54.0,25.9,38.7,13.5,-4.4,17.4,20.9,941.22,763.17,14,28,1,-31.333333333333332,45.0,3.0
401760398,2025,9,regular,2025-10-25 23:30:00+00:00,Wyoming,Colorado State,28,0,False,True,1.0,-49.2,-120.2,-11.3,15.3,24.7,-15.6,17.6,32.9,489.33,583.71,28,28,1,-5.666666666666667,46.5,3.0
401752748,2025,9,regular,2025-10-25 23:30:00+00:00,LSU,Texas A&M,25,49,False,True,1.0,490.0,728.8,10.3,25.8,16.1,20.7,38.0,16.4,920.05,917.29,-24,74,0,1.5,50.166666666666664,3.0
401752881,2025,9,regular,2025-10-25 23:30:00+00:00,Michigan State,Michigan,20,31,False,True,1.0,53.8,442.8,-3.4,26.6,28.7,12.4,30.9,17.0,717.42,907.22,-11,51,0,13.5,47.5,3.0
401754570,2025,9,regular,2025-10-25 23:30:00+00:00,Louisville,Boston College,38,24,False,True,1.0,499.0,-248.2,12.4,31.6,19.8,-8.5,23.3,33.1,700.77,650.12,14,62,1,-25.5,54.5,3.0
401752747,2025,9,regular,2025-10-25 23:45:00+00:00,Kentucky,Tennessee,34,56,False,True,1.0,63.8,418.8,1.8,25.5,23.7,15.0,39.3,25.4,763.18,866.57,-22,90,0,7.5,55.0,3.0
401756929,2025,9,regular,2025-10-26 00:00:00+00:00,Arizona State,Houston,16,24,False,True,1.0,434.6,409.0,3.9,28.3,22.7,7.4,31.5,23.0,738.52,656.74,-8,40,0,-7.333333333333333,47.0,3.0
401756934,2025,9,regular,2025-10-26 02:15:00+00:00,Utah,Colorado,53,7,False,True,1.0,390.0,142.0,22.2,39.7,17.5,-8.3,22.6,29.5,707.86,755.2,46,60,1,-14.166666666666666,50.0,3.0
401757289,2025,10,regular,2025-10-29 00:00:00+00:00,Kennesaw State,UTEP,33,20,False,True,1.0,273.8,-138.2,-5.4,26.4,30.2,-17.5,20.2,36.3,338.87,551.88,13,53,1,-12.166666666666666,53.0,3.0
401761639,2025,10,regular,2025-10-29 00:00:00+00:00,Texas State,James Madison,20,52,False,True,1.0,1.4000000000000057,383.0,2.3,36.6,34.6,12.3,34.9,21.4,612.16,459.53,-32,72,0,7.333333333333333,55.333333333333336,3.0
401757292,2025,10,regular,2025-10-29 23:30:00+00:00,Middle Tennessee,Jacksonville State,21,24,False,True,1.0,-353.4,53.8,-16.0,20.4,37.0,-6.7,27.2,32.4,520.55,519.93,-3,45,0,4.333333333333333,54.0,3.0
401757291,2025,10,regular,2025-10-30 00:00:00+00:00,Missouri State,Florida International,28,21,False,True,1.0,176.8,25.60000000000001,-10.7,25.6,34.8,-10.5,26.1,35.8,426.1,562.61,7,49,1,-3.1666666666666665,50.0,3.0
401762443,2025,10,regular,2025-10-30 23:30:00+00:00,UTSA,Tulane,48,26,False,True,1.0,88.8,489.0,3.7,33.3,30.0,6.3,32.4,27.6,662.09,650.87,22,74,1,5.833333333333333,54.333333333333336,3.0
401761640,2025,10,regular,2025-10-30 23:30:00+00:00,Coastal Carolina,Marshall,44,27,False,True,1.0,154.8,183.0,-15.1,23.4,37.0,-4.5,29.6,34.8,610.88,590.64,17,71,1,7.166666666666667,55.166666666666664,3.0
401762497,2025,10,regular,2025-10-31 23:00:00+00:00,Rice,Memphis,14,38,False,True,1.0,61.599999999999994,493.8,-14.8,17.7,33.9,7.6,34.3,28.3,530.06,668.63,-24,52,0,13.833333333333334,48.333333333333336,3.0
401754575,2025,10,regular,2025-10-31 23:30:00+00:00,Syracuse,North Carolina,10,27,False,True,1.0,136.0,-39.400000000000006,-13.1,18.8,33.0,-6.6,17.2,25.0,727.83,753.2,-17,37,0,-1.5,45.5,3.0
401757290,2025,10,regular,2025-11-01 00:00:00+00:00,Louisiana Tech,Sam Houston,55,14,False,True,1.0,167.8,-444.4,-1.3,25.6,27.0,-27.8,15.3,41.8,493.5,477.35,41,69,1,-16.5,48.0,3.0
401756938,2025,10,regular,2025-11-01 16:00:00+00:00,Houston,West Virginia,35,45,False,True,1.0,529.0,-64.60000000000001,7.4,31.5,23.0,-6.8,22.8,30.0,656.74,662.33,-10,80,0,-13.0,48.833333333333336,3.0
401752889,2025,10,regular,2025-11-01 16:00:00+00:00,Ohio State,Penn State,38,14,False,True,1.0,778.8,69.0,30.1,37.6,7.7,18.1,35.1,18.8,973.69,910.42,24,52,1,-17.666666666666668,45.5,3.0
401762499,2025,10,regular,2025-11-01 16:00:00+00:00,North Texas,Navy,31,17,False,True,1.0,534.6,470.8,13.8,43.1,28.6,6.2,33.6,27.9,569.15,,14,48,1,-6.5,68.5,3.0
401752758,2025,10,regular,2025-11-01 16:00:00+00:00,Texas,Vanderbilt,34,31,False,True,1.0,601.4,717.0,16.2,32.9,17.9,20.3,39.9,21.4,973.54,685.42,3,65,1,-3.5,48.5,3.0
401762849,2025,10,regular,2025-11-01 16:00:00+00:00,Bowling Green,Buffalo,3,28,False,True,1.0,-105.4,-6.200000000000003,-12.6,15.4,28.8,-7.5,18.2,27.4,527.31,513.33,-25,31,0,-2.5,44.333333333333336,3.0
401756936,2025,10,regular,2025-11-01 16:00:00+00:00,Baylor,UCF,30,3,False,True,1.0,239.0,85.6,1.4,32.8,33.3,-1.2,23.2,24.0,726.3,709.99,27,33,1,-3.1666666666666665,58.5,3.0
401752891,2025,10,regular,2025-11-01 16:00:00+00:00,Illinois,Rutgers,35,13,False,True,1.0,433.8,203.8,12.9,33.3,21.7,1.0,31.6,30.7,662.13,689.22,22,48,1,-13.0,63.5,3.0
401754581,2025,10,regular,2025-11-01 16:00:00+00:00,SMU,Miami,26,20,False,True,1.0,277.8,591.0,13.4,34.2,19.5,20.7,34.2,14.3,766.67,874.57,6,46,1,7.833333333333333,49.166666666666664,3.0
401760401,2025,10,regular,2025-11-01 16:00:00+00:00,Air Force,Army,17,20,False,False,1.0,-141.60000000000002,64.60000000000001,-3.2,28.3,31.7,0.8,24.7,24.1,,23.66,-3,37,0,1.3333333333333333,48.5,3.0
401757173,2025,10,regular,2025-11-01 16:00:00+00:00,UConn,UAB,38,19,False,False,1.0,95.0,-3.200000000000003,5.1,32.0,28.5,-15.8,25.5,39.8,568.12,540.93,19,57,1,-10.333333333333334,61.5,3.0
401754577,2025,10,regular,2025-11-01 16:00:00+00:00,Clemson,Duke,45,46,False,True,1.0,58.0,293.6,9.5,27.5,18.9,6.6,34.8,29.2,918.43,669.18,-1,91,0,-4.166666666666667,55.0,3.0
401756939,2025,10,regular,2025-11-01 17:00:00+00:00,Iowa State,Arizona State,19,24,False,True,1.0,348.8,409.6,9.9,28.1,19.5,3.9,28.3,22.7,648.93,738.52,-5,43,0,-7.833333333333333,48.5,3.0
401762498,2025,10,regular,2025-11-01 18:00:00+00:00,Temple,East Carolina,14,45,False,True,1.0,272.0,174.6,-5.1,27.1,33.2,8.0,32.6,24.0,507.91,611.55,-31,59,0,5.333333333333333,58.333333333333336,3.0
401754580,2025,10,regular,2025-11-01 19:00:00+00:00,Virginia Tech,Louisville,16,28,False,True,1.0,14.800000000000011,559.0,-10.1,21.4,30.8,12.4,31.6,19.8,712.19,700.77,-12,44,0,10.5,52.5,3.0
401760404,2025,10,regular,2025-11-01 19:00:00+00:00,UNLV,New Mexico,35,40,False,True,1.0,373.6,200.8,4.3,33.8,29.8,0.9,25.4,26.1,700.54,378.8,-5,75,0,-3.8333333333333335,61.166666666666664,3.0
401760402,2025,10,regular,2025-11-01 19:30:00+00:00,Boise State,Fresno State,7,30,False,True,1.0,460.8,96.60000000000001,3.1,29.1,25.1,1.8,23.0,21.1,610.65,586.84,-23,37,0,-17.5,47.666666666666664,3.0
401752888,2025,10,regular,2025-11-01 19:30:00+00:00,Minnesota,Michigan State,23,20,False,True,1.0,326.8,20.799999999999997,1.5,23.8,20.8,-3.4,26.6,28.7,711.04,717.42,3,43,1,-4.5,44.5,3.0
401756941,2025,10,regular,2025-11-01 19:30:00+00:00,Kansas State,Texas Tech,20,43,False,True,1.0,253.60000000000002,590.8,7.0,31.3,25.0,27.6,39.3,12.3,705.85,757.49,-23,63,0,7.333333333333333,51.666666666666664,3.0
401752755,2025,10,regular,2025-11-01 19:30:00+00:00,Florida,Georgia,20,24,True,True,1.0,324.0,661.0,3.5,24.5,22.6,24.1,37.0,14.8,898.58,1002.98,-4,44,0,6.833333333333333,50.333333333333336,3.0
401757293,2025,10,regular,2025-11-01 19:30:00+00:00,Liberty,Delaware,59,30,False,True,1.0,-108.2,14.0,-9.0,24.6,32.8,-10.9,26.2,36.2,599.12,242.85,29,89,1,-3.5,52.333333333333336,3.0
401754582,2025,10,regular,2025-11-01 19:30:00+00:00,Stanford,Pittsburgh,20,35,False,True,1.0,110.8,370.0,-11.8,18.4,28.6,8.4,31.6,23.5,707.27,681.21,-15,55,0,13.5,51.833333333333336,3.0
401754583,2025,10,regular,2025-11-01 19:30:00+00:00,Boston College,Notre Dame,10,25,False,False,1.0,-253.2,526.8,-8.5,23.3,33.1,24.4,40.0,16.3,650.12,912.11,-15,35,0,31.0,55.333333333333336,3.0
401761642,2025,10,regular,2025-11-01 19:30:00+00:00,South Alabama,Louisiana,22,31,False,True,1.0,-183.2,-200.2,-12.7,25.4,36.0,-10.1,25.3,34.0,544.87,585.82,-9,53,0,-3.5,52.666666666666664,3.0
401761641,2025,10,regular,2025-11-01 19:30:00+00:00,UL Monroe,Old Dominion,6,31,False,True,1.0,-152.2,252.8,-21.6,16.1,35.7,5.9,31.6,23.7,473.34,477.45,-25,37,0,16.666666666666668,55.5,3.0
401757294,2025,10,regular,2025-11-01 19:30:00+00:00,Western Kentucky,New Mexico State,35,16,False,True,1.0,226.60000000000002,-86.4,1.6,28.8,28.6,-15.5,19.7,34.9,561.36,402.9,19,51,1,-7.5,53.833333333333336,3.0
401752887,2025,10,regular,2025-11-01 19:30:00+00:00,Maryland,Indiana,10,55,False,True,1.0,146.8,860.0,0.6,24.4,24.7,32.4,40.8,9.9,699.31,645.34,-45,65,0,21.166666666666668,50.666666666666664,3.0
401754576,2025,10,regular,2025-11-01 19:45:00+00:00,California,Virginia,21,31,False,True,1.0,137.8,532.8,-3.2,25.6,27.9,11.1,28.8,18.1,726.21,666.74,-10,52,0,6.166666666666667,52.333333333333336,3.0
401756940,2025,10,regular,2025-11-01 20:00:00+00:00,Kansas,Oklahoma State,38,21,False,True,1.0,184.8,-144.0,4.1,30.9,28.5,-15.1,15.2,31.6,705.32,702.74,17,59,1,-24.666666666666668,54.166666666666664,3.0
401762850,2025,10,regular,2025-11-01 20:00:00+00:00,Western Michigan,Central Michigan,24,21,False,True,1.0,163.6,207.0,-1.4,21.7,21.8,-8.8,17.6,25.7,534.35,481.16,3,45,1,-5.666666666666667,43.333333333333336,3.0
401752753,2025,10,regular,2025-11-01 20:00:00+00:00,Arkansas,Mississippi State,35,38,False,True,1.0,136.0,279.8,5.1,35.8,31.4,4.1,31.6,29.0,772.64,770.48,-3,73,0,-5.333333333333333,66.5,3.0
401752890,2025,10,regular,2025-11-01 23:00:00+00:00,Michigan,Purdue,21,16,False,True,1.0,551.6,-101.4,12.4,30.9,17.0,-6.1,21.9,29.9,907.22,687.74,5,37,1,-21.5,48.666666666666664,3.0
401752756,2025,10,regular,2025-11-01 23:00:00+00:00,Ole Miss,South Carolina,30,14,False,True,1.0,719.8,227.0,24.0,40.4,18.3,5.9,24.6,20.2,813.11,833.26,16,44,1,-13.0,55.833333333333336,3.0
401760405,2025,10,regular,2025-11-01 23:00:00+00:00,San Diego State,Wyoming,24,7,False,True,1.0,393.6,10.799999999999997,6.7,24.4,19.6,-11.3,15.3,24.7,594.27,489.33,17,31,1,-10.0,42.0,3.0
401756937,2025,10,regular,2025-11-01 23:00:00+00:00,Colorado,Arizona,17,52,False,True,1.0,123.0,283.0,-8.3,22.6,29.5,12.0,33.0,19.5,755.2,651.62,-35,69,0,3.6666666666666665,52.166666666666664,3.0
401752892,2025,10,regular,2025-11-01 23:30:00+00:00,Nebraska,USC,17,21,False,True,1.0,436.6,430.0,6.2,28.8,22.7,16.9,38.9,21.0,821.39,847.53,-4,38,0,4.5,59.333333333333336,3.0
401754579,2025,10,regular,2025-11-01 23:30:00+00:00,NC State,Georgia Tech,48,36,False,True,1.0,218.60000000000002,647.6,4.8,31.4,25.5,9.3,32.5,24.9,707.51,715.56,12,84,1,4.333333333333333,58.5,3.0
401752757,2025,10,regular,2025-11-01 23:30:00+00:00,Tennessee,Oklahoma,27,33,False,True,1.0,527.6,563.6,15.0,39.3,25.4,18.3,30.1,12.9,866.57,882.59,-6,60,0,-2.8333333333333335,55.666666666666664,3.0
401752754,2025,10,regular,2025-11-01 23:30:00+00:00,Auburn,Kentucky,3,10,False,True,1.0,359.6,46.8,11.6,28.3,17.4,1.8,25.5,23.7,891.84,763.18,-7,13,0,-11.666666666666666,44.5,3.0
401754578,2025,10,regular,2025-11-01 23:30:00+00:00,Florida State,Wake Forest,42,7,False,True,1.0,194.0,291.0,7.2,29.3,21.2,5.7,26.6,20.9,828.45,627.16,35,49,1,-12.666666666666666,50.666666666666664,3.0
401752943,2025,10,regular,2025-11-01 23:30:00+00:00,Oregon State,Washington State,10,7,False,True,1.0,-210.0,298.0,-15.9,17.0,30.8,3.8,24.6,20.5,667.99,569.46,3,17,1,3.3333333333333335,47.5,3.0
401761643,2025,10,regular,2025-11-02 00:00:00+00:00,Troy,Arkansas State,10,23,False,True,1.0,370.8,52.8,-4.8,23.6,29.0,-8.8,24.4,33.5,561.87,591.27,-13,33,0,-7.666666666666667,52.5,3.0
401756942,2025,10,regular,2025-11-02 02:15:00+00:00,Utah,Cincinnati,45,14,False,True,1.0,450.0,530.8,22.2,39.7,17.5,4.5,30.2,26.4,707.86,644.1,31,59,1,-10.666666666666666,57.833333333333336,3.0
401760403,2025,10,regular,2025-11-02 02:30:00+00:00,San José State,Hawai'i,45,38,False,True,1.0,-97.2,357.8,-14.3,21.6,34.4,1.7,27.3,27.3,522.91,481.2,7,83,1,-2.5,55.666666666666664,3.0
401762852,2025,11,regular,2025-11-05 00:00:00+00:00,Ohio,Miami (OH),24,20,False,True,1.0,214.8,171.6,-4.0,23.2,25.2,-3.4,19.3,24.2,469.99,592.1,4,44,1,-2.6666666666666665,50.666666666666664,3.0
401762851,2025,11,regular,2025-11-05 00:00:00+00:00,Akron,Massachusetts,44,10,False,True,1.0,-285.4,-510.0,-13.9,17.2,29.3,-36.6,7.8,42.8,537.21,488.73,34,54,1,-12.166666666666666,51.333333333333336,3.0
401762854,2025,11,regular,2025-11-06 00:00:00+00:00,Toledo,Northern Illinois,42,3,False,True,1.0,77.39999999999999,-248.60000000000002,6.0,25.8,18.5,-16.7,12.0,28.1,620.13,471.01,39,45,1,-15.166666666666666,42.0,3.0
401762853,2025,11,regular,2025-11-06 00:00:00+00:00,Ball State,Kent State,17,13,False,True,1.0,-117.4,54.8,-23.0,13.4,34.4,-19.3,17.0,34.9,495.35,456.24,4,30,1,-3.1666666666666665,48.333333333333336,3.0
401761644,2025,11,regular,2025-11-07 00:30:00+00:00,App State,Georgia Southern,23,25,False,True,1.0,-8.400000000000006,-97.2,-11.4,23.0,35.2,-9.4,28.3,37.7,611.31,574.48,-2,48,0,-4.666666666666667,61.833333333333336,3.0
401762500,2025,11,regular,2025-11-07 00:30:00+00:00,South Florida,UTSA,55,23,False,True,1.0,568.0,184.8,11.6,37.7,25.3,3.7,33.3,30.0,666.89,662.09,32,78,1,-13.833333333333334,67.0,3.0
401756946,2025,11,regular,2025-11-08 01:00:00+00:00,UCF,Houston,27,30,False,True,1.0,28.39999999999999,424.0,-1.2,23.2,24.0,7.4,31.5,23.0,709.99,656.74,-3,57,0,-1.3333333333333333,47.5,3.0
401752896,2025,11,regular,2025-11-08 02:00:00+00:00,USC,Northwestern,38,17,False,True,1.0,522.8,314.8,16.9,38.9,21.0,5.8,24.4,20.0,847.53,677.97,21,55,1,-14.5,54.333333333333336,3.0
401762501,2025,11,regular,2025-11-08 02:00:00+00:00,Memphis,Tulane,32,38,False,True,1.0,561.8,431.8,7.6,34.3,28.3,6.3,32.4,27.6,668.63,650.87,-6,70,0,-3.1666666666666665,53.666666666666664,3.0
401761647,2025,11,regular,2025-11-08 17:00:00+00:00,Arkansas State,Southern Miss,21,27,False,True,1.0,161.60000000000002,238.8,-8.8,24.4,33.5,-7.1,27.0,32.8,591.27,602.53,-6,48,0,6.5,54.666666666666664,3.0
401752762,2025,11,regular,2025-11-08 17:00:00+00:00,Mississippi State,Georgia,21,41,False,True,1.0,372.6,781.0,4.1,31.6,29.0,24.1,37.0,14.8,770.48,1002.98,-20,62,0,9.5,56.5,3.0
401754584,2025,11,regular,2025-11-08 17:00:00+00:00,Boston College,SMU,13,45,False,True,1.0,-260.2,409.8,-8.5,23.3,33.1,13.4,34.2,19.5,650.12,766.67,-32,58,0,10.5,54.5,3.0
401756947,2025,11,regular,2025-11-08 17:00:00+00:00,West Virginia,Colorado,29,22,False,True,1.0,79.39999999999999,88.0,-6.8,22.8,30.0,-8.3,22.6,29.5,662.33,755.2,7,51,1,-6.5,51.5,3.0
401761646,2025,11,regular,2025-11-08 17:00:00+00:00,Marshall,James Madison,23,35,False,True,1.0,86.0,491.8,-4.5,29.6,34.8,12.3,34.9,21.4,590.64,459.53,-12,58,0,13.5,53.166666666666664,3.0
401756945,2025,11,regular,2025-11-08 17:00:00+00:00,Texas Tech,BYU,29,7,False,True,1.0,699.6,732.0,27.6,39.3,12.3,15.9,33.9,18.8,757.49,649.36,22,36,1,-13.5,50.25,3.0
401752893,2025,11,regular,2025-11-08 17:00:00+00:00,Penn State,Indiana,24,27,False,True,1.0,100.0,968.8,18.1,35.1,18.8,32.4,40.8,9.9,910.42,645.34,-3,51,0,14.0,50.166666666666664,3.0
401762503,2025,11,regular,2025-11-08 17:00:00+00:00,Army,Temple,14,13,False,True,1.0,157.40000000000003,237.0,0.8,24.7,24.1,-5.1,27.1,33.2,23.66,507.91,1,27,1,-7.166666666666667,45.333333333333336,3.0
401752761,2025,11,regular,2025-11-08 18:00:00+00:00,Ole Miss,The Citadel,49,0,False,False,1.0,815.8,0.0,24.0,40.4,18.3,,,,813.11,,49,49,1,-51.833333333333336,63.5,3.0
401752897,2025,11,regular,2025-11-08 18:00:00+00:00,Purdue,Ohio State,10,34,False,True,1.0,-100.4,898.8,-6.1,21.9,29.9,30.1,37.6,7.7,687.74,973.69,-24,44,0,29.666666666666668,49.666666666666664,3.0
401757299,2025,11,regular,2025-11-08 18:00:00+00:00,Liberty,Missouri State,17,21,False,True,1.0,-48.2,226.8,-9.0,24.6,32.8,-10.7,25.6,34.8,599.12,426.1,-4,38,0,-7.666666666666667,51.5,3.0
401762855,2025,11,regular,2025-11-08 18:00:00+00:00,Eastern Michigan,Bowling Green,27,21,False,True,1.0,-360.6,-210.4,-14.7,19.4,34.1,-12.6,15.4,28.8,572.9,527.31,6,48,1,-3.1666666666666665,49.333333333333336,3.0
401762502,2025,11,regular,2025-11-08 19:00:00+00:00,Rice,UAB,24,17,False,True,1.0,28.599999999999994,-60.400000000000006,-14.8,17.7,33.9,-15.8,25.5,39.8,530.06,540.93,7,41,1,-0.3333333333333333,51.5,3.0
401752894,2025,11,regular,2025-11-08 19:30:00+00:00,Rutgers,Maryland,35,20,False,True,1.0,184.8,159.8,1.0,31.6,30.7,0.6,24.4,24.7,689.22,699.31,15,55,1,-1.5,56.666666666666664,3.0
401762504,2025,11,regular,2025-11-08 20:00:00+00:00,East Carolina,Charlotte,48,22,False,True,1.0,283.4,-446.2,8.0,32.6,24.0,-26.7,14.5,39.8,611.55,526.3,26,70,1,-28.333333333333332,56.5,3.0
401762505,2025,11,regular,2025-11-08 20:00:00+00:00,Florida Atlantic,Tulsa,40,21,False,True,1.0,-73.4,-177.0,-8.7,27.8,38.1,-10.0,21.7,33.1,605.22,594.78,19,61,1,-4.5,60.833333333333336,3.0
401757297,2025,11,regular,2025-11-08 20:00:00+00:00,UTEP,Jacksonville State,27,30,False,True,1.0,-195.4,111.8,-17.5,20.2,36.3,-6.7,27.2,32.4,551.88,519.93,-3,57,0,1.5,46.5,3.0
401757296,2025,11,regular,2025-11-08 20:00:00+00:00,Middle Tennessee,Florida International,30,56,False,True,1.0,-428.4,-41.39999999999999,-16.0,20.4,37.0,-10.5,26.1,35.8,520.55,562.61,-26,86,0,-1.6666666666666667,50.666666666666664,3.0
401757295,2025,11,regular,2025-11-08 20:00:00+00:00,Delaware,Louisiana Tech,25,24,False,True,1.0,-83.0,227.8,-10.9,26.2,36.2,-1.3,25.6,27.0,242.85,493.5,1,49,1,5.5,56.833333333333336,3.0
401756943,2025,11,regular,2025-11-08 20:30:00+00:00,Arizona,Kansas,24,20,False,True,1.0,351.0,244.8,12.0,33.0,19.5,4.1,30.9,28.5,651.62,705.32,4,44,1,-5.833333333333333,56.5,3.0
401754590,2025,11,regular,2025-11-08 20:30:00+00:00,UConn,Duke,37,34,False,False,1.0,155.0,409.6,5.1,32.0,28.5,6.6,34.8,29.2,568.12,669.18,3,71,1,7.666666666666667,63.0,3.0
401752763,2025,11,regular,2025-11-08 20:30:00+00:00,Missouri,Texas A&M,17,38,False,True,1.0,506.0,876.8,14.4,31.2,15.4,20.7,38.0,16.4,804.77,917.29,-21,55,0,6.833333333333333,48.333333333333336,3.0
401752898,2025,11,regular,2025-11-08 20:30:00+00:00,Iowa,Oregon,16,18,False,True,1.0,549.6,658.6,19.7,32.1,14.2,25.9,38.7,13.5,710.0,941.22,-2,34,0,4.5,41.666666666666664,3.0
401754587,2025,11,regular,2025-11-08 20:30:00+00:00,Miami,Syracuse,38,10,False,True,1.0,582.0,31.0,20.7,34.2,14.3,-13.1,18.8,33.0,874.57,727.83,28,48,1,-28.5,46.833333333333336,3.0
401756944,2025,11,regular,2025-11-08 20:30:00+00:00,TCU,Iowa State,17,20,False,True,1.0,351.6,298.8,8.3,32.9,23.9,9.9,28.1,19.5,745.01,648.93,-3,37,0,-7.5,58.333333333333336,3.0
401752764,2025,11,regular,2025-11-08 21:00:00+00:00,Vanderbilt,Auburn,45,38,False,True,1.0,720.0,309.6,20.3,39.9,21.4,11.6,28.3,17.4,685.42,891.84,7,83,1,-5.833333333333333,46.333333333333336,3.0
401761645,2025,11,regular,2025-11-08 21:00:00+00:00,Coastal Carolina,Georgia State,40,27,False,True,1.0,250.8,-257.0,-15.1,23.4,37.0,-24.5,18.6,41.1,610.88,611.97,13,67,1,-7.166666666666667,56.666666666666664,3.0
401757298,2025,11,regular,2025-11-08 21:00:00+00:00,New Mexico State,Kennesaw State,21,24,False,True,1.0,-143.60000000000002,333.8,-15.5,19.7,34.9,-5.4,26.4,30.2,402.9,338.87,-3,45,0,11.166666666666666,52.333333333333336,3.0
401752899,2025,11,regular,2025-11-08 21:30:00+00:00,Wisconsin,Washington,13,10,False,True,1.0,75.0,539.6,-4.4,17.4,20.9,18.4,34.5,15.3,763.17,720.56,3,23,1,10.5,44.5,3.0
401754588,2025,11,regular,2025-11-08 21:30:00+00:00,North Carolina,Stanford,20,15,False,True,1.0,28.599999999999994,75.8,-6.6,17.2,25.0,-11.8,18.4,28.6,753.2,707.27,5,35,1,-8.5,41.666666666666664,3.0
401761648,2025,11,regular,2025-11-08 22:00:00+00:00,Louisiana,Texas State,42,39,False,True,1.0,-142.2,-33.599999999999994,-10.1,25.3,34.0,2.3,36.6,34.6,585.82,612.16,3,81,1,3.5,63.166666666666664,3.0
401760406,2025,11,regular,2025-11-08 23:00:00+00:00,San José State,Air Force,16,26,False,True,1.0,-17.200000000000003,-191.60000000000002,-14.3,21.6,34.4,-3.2,28.3,31.7,522.91,,-10,42,0,-6.166666666666667,67.83333333333333,3.0
401754589,2025,11,regular,2025-11-09 00:00:00+00:00,Virginia,Wake Forest,9,16,False,True,1.0,641.6,233.8,11.1,28.8,18.1,5.7,26.6,20.9,666.74,627.16,-7,25,0,-7.166666666666667,48.5,3.0
401754586,2025,11,regular,2025-11-09 00:00:00+00:00,Clemson,Florida State,24,10,False,True,1.0,8.0,290.0,9.5,27.5,18.9,7.2,29.3,21.2,918.43,828.45,14,34,1,-1.5,56.833333333333336,3.0
401754585,2025,11,regular,2025-11-09 00:00:00+00:00,Louisville,California,26,29,False,True,1.0,627.0,124.8,12.4,31.6,19.8,-3.2,25.6,27.9,700.77,726.21,-3,55,0,-18.333333333333332,49.0,3.0
401760409,2025,11,regular,2025-11-09 00:30:00+00:00,Utah State,Nevada,51,14,False,True,1.0,143.6,-315.6,-3.1,29.5,31.2,-13.4,14.2,28.7,503.59,488.69,37,65,1,-9.833333333333334,52.333333333333336,3.0
401752760,2025,11,regular,2025-11-09 00:30:00+00:00,Kentucky,Florida,38,7,False,True,1.0,162.8,362.0,1.8,25.5,23.7,3.5,24.5,22.6,763.18,898.58,31,45,1,4.833333333333333,44.5,3.0
401757166,2025,11,regular,2025-11-09 00:30:00+00:00,Notre Dame,Navy,49,10,False,False,1.0,594.8,451.8,24.4,40.0,16.3,6.2,33.6,27.9,912.11,,39,59,1,-30.5,54.666666666666664,3.0
401752759,2025,11,regular,2025-11-09 00:30:00+00:00,Alabama,LSU,20,9,False,True,1.0,779.6,501.0,14.8,32.2,16.1,10.3,25.8,16.1,993.55,920.05,11,29,1,-10.166666666666666,49.5,3.0
401752895,2025,11,regular,2025-11-09 02:00:00+00:00,UCLA,Nebraska,21,28,False,True,1.0,200.4,417.6,-8.7,21.7,30.4,6.2,28.8,22.7,766.62,821.39,-7,49,0,-2.0,45.666666666666664,3.0
401760407,2025,11,regular,2025-11-09 02:30:00+00:00,Colorado State,UNLV,10,42,False,True,1.0,-217.2,323.6,-15.6,17.6,32.9,4.3,33.8,29.8,583.71,700.54,-32,52,0,5.166666666666667,61.0,3.0
401752944,2025,11,regular,2025-11-09 03:00:00+00:00,Oregon State,Sam Houston,17,21,False,False,1.0,-130.0,-501.6,-15.9,17.0,30.8,-27.8,15.3,41.8,667.99,477.35,-4,38,0,-21.166666666666668,52.166666666666664,3.0
401760408,2025,11,regular,2025-11-09 04:00:00+00:00,Hawai'i,San Diego State,38,6,False,True,1.0,290.8,453.6,1.7,27.3,27.3,6.7,24.4,19.6,481.2,594.27,32,44,1,6.5,48.0,3.0
401762856,2025,12,regular,2025-11-12 00:30:00+00:00,Akron,Kent State,35,42,False,True,1.0,-225.4,-12.200000000000003,-13.9,17.2,29.3,-19.3,17.0,34.9,537.21,456.24,-7,77,0,-7.5,49.5,3.0
401762857,2025,12,regular,2025-11-12 01:00:00+00:00,Western Michigan,Ohio,17,13,False,True,1.0,213.6,294.8,-1.4,21.7,21.8,-4.0,23.2,25.2,534.35,469.99,4,30,1,-1.5,47.0,3.0
401762860,2025,12,regular,2025-11-13 00:00:00+00:00,Miami (OH),Toledo,3,24,False,True,1.0,134.39999999999998,137.39999999999998,-3.4,19.3,24.2,6.0,25.8,18.5,592.1,620.13,-21,27,0,5.833333333333333,44.333333333333336,3.0
401762859,2025,12,regular,2025-11-13 00:00:00+00:00,Massachusetts,Northern Illinois,3,45,False,True,1.0,-607.0,-305.8,-36.6,7.8,42.8,-16.7,12.0,28.1,488.73,471.01,-42,48,0,9.166666666666666,43.333333333333336,3.0
401762858,2025,12,regular,2025-11-13 00:00:00+00:00,Central Michigan,Buffalo,38,19,False,True,1.0,169.8,61.8,-8.8,17.6,25.7,-7.5,18.2,27.4,481.16,513.33,19,57,1,-2.3333333333333335,44.666666666666664,3.0
401761649,2025,12,regular,2025-11-14 00:30:00+00:00,Old Dominion,Troy,33,0,False,True,1.0,320.8,265.8,5.9,31.6,23.7,-4.8,23.6,29.0,477.45,561.87,33,33,1,-9.666666666666666,53.333333333333336,3.0
401754591,2025,12,regular,2025-11-15 00:30:00+00:00,Louisville,Clemson,19,20,False,True,1.0,577.0,104.0,12.4,31.6,19.8,9.5,27.5,18.9,700.77,918.43,-1,39,0,-1.8333333333333333,50.666666666666664,3.0
401752904,2025,12,regular,2025-11-15 02:00:00+00:00,Oregon,Minnesota,42,13,False,True,1.0,774.6,406.8,25.9,38.7,13.5,1.5,23.8,20.8,941.22,711.04,29,55,1,-26.666666666666668,46.0,3.0
401762507,2025,12,regular,2025-11-15 17:00:00+00:00,Charlotte,UTSA,7,28,False,True,1.0,-465.2,165.8,-26.7,14.5,39.8,3.7,33.3,30.0,526.3,662.09,-21,35,0,17.0,57.5,3.0
401756952,2025,12,regular,2025-11-15 17:00:00+00:00,Oklahoma State,Kansas State,6,14,False,True,1.0,-201.2,244.60000000000002,-15.1,15.2,31.6,7.0,31.3,25.0,702.74,705.85,-8,20,0,19.5,50.333333333333336,3.0
401757174,2025,12,regular,2025-11-15 17:00:00+00:00,UConn,Air Force,26,16,False,False,1.0,235.0,-123.60000000000001,5.1,32.0,28.5,-3.2,28.3,31.7,568.12,,10,42,1,-7.5,64.5,3.0
401762510,2025,12,regular,2025-11-15 17:00:00+00:00,Navy,South Florida,41,38,False,True,1.0,464.8,664.0,6.2,33.6,27.9,11.6,37.7,25.3,,666.89,3,79,1,8.833333333333334,62.666666666666664,3.0
401756951,2025,12,regular,2025-11-15 17:00:00+00:00,Cincinnati,Arizona,24,30,False,True,1.0,515.8,431.0,4.5,30.2,26.4,12.0,33.0,19.5,644.1,651.62,-6,54,0,-6.0,56.333333333333336,3.0
401752905,2025,12,regular,2025-11-15 17:00:00+00:00,Northwestern,Michigan,22,24,True,True,1.0,307.8,601.6,5.8,24.4,20.0,12.4,30.9,17.0,677.97,907.22,-2,46,0,10.166666666666666,42.0,3.0
401762861,2025,12,regular,2025-11-15 17:00:00+00:00,Ball State,Eastern Michigan,9,24,False,True,1.0,-67.4,-310.6,-23.0,13.4,34.4,-14.7,19.4,34.1,495.35,572.9,-15,33,0,2.6666666666666665,48.666666666666664,3.0
401752901,2025,12,regular,2025-11-15 17:00:00+00:00,Indiana,Wisconsin,31,7,False,True,1.0,1084.8,179.0,32.4,40.8,9.9,-4.4,17.4,20.9,645.34,763.17,24,38,1,-28.0,43.5,3.0
401752772,2025,12,regular,2025-11-15 17:00:00+00:00,Texas A&M,South Carolina,31,30,False,True,1.0,1026.8,246.0,20.7,38.0,16.4,5.9,24.6,20.2,917.29,833.26,1,61,1,-16.5,49.5,3.0
401754597,2025,12,regular,2025-11-15 17:00:00+00:00,Pittsburgh,Notre Dame,15,37,False,False,1.0,438.0,690.8,8.4,31.6,23.5,24.4,40.0,16.3,681.21,912.11,-22,52,0,12.666666666666666,55.0,3.0
401752768,2025,12,regular,2025-11-15 17:45:00+00:00,LSU,Arkansas,23,22,False,True,1.0,526.0,86.0,10.3,25.8,16.1,5.1,35.8,31.4,920.05,772.64,1,45,1,-4.166666666666667,58.333333333333336,3.0
401756948,2025,12,regular,2025-11-15 18:00:00+00:00,Arizona State,West Virginia,25,23,False,True,1.0,525.6,129.39999999999998,3.9,28.3,22.7,-6.8,22.8,30.0,738.52,662.33,2,48,1,-9.833333333333334,46.5,3.0
401752945,2025,12,regular,2025-11-15 18:00:00+00:00,Tulsa,Oregon State,31,14,False,False,1.0,-274.0,-205.0,-10.0,21.7,33.1,-15.9,17.0,30.8,594.78,667.99,17,45,1,-1.3333333333333333,50.5,3.0
401752767,2025,12,regular,2025-11-15 18:30:00+00:00,Kentucky,Tennessee Tech,42,10,False,False,1.0,258.8,0.0,1.8,25.5,23.7,,,,763.18,,32,52,1,-22.833333333333332,52.0,3.0
401761651,2025,12,regular,2025-11-15 19:00:00+00:00,Georgia State,Marshall,18,30,False,True,1.0,-354.0,51.0,-24.5,18.6,41.1,-4.5,29.6,34.8,611.97,590.64,-12,48,0,9.5,59.833333333333336,3.0
401762506,2025,12,regular,2025-11-15 19:00:00+00:00,UAB,North Texas,24,53,False,True,1.0,-127.4,630.6,-15.8,25.5,39.8,13.8,43.1,28.6,540.93,569.15,-29,77,0,17.5,69.0,3.0
401757304,2025,12,regular,2025-11-15 20:00:00+00:00,Missouri State,UTEP,38,24,False,True,1.0,284.8,-270.4,-10.7,25.6,34.8,-17.5,20.2,36.3,426.1,551.88,14,62,1,-6.833333333333333,48.166666666666664,3.0
401760411,2025,12,regular,2025-11-15 20:00:00+00:00,New Mexico,Colorado State,20,17,False,True,1.0,293.6,-287.2,0.9,25.4,26.1,-15.6,17.6,32.9,378.8,583.71,3,37,1,-15.333333333333334,53.666666666666664,3.0
401752903,2025,12,regular,2025-11-15 20:30:00+00:00,Michigan State,Penn State,10,28,False,True,1.0,-16.400000000000006,123.0,-3.4,26.6,28.7,18.1,35.1,18.8,717.42,910.42,-18,38,0,6.833333333333333,49.0,3.0
401754592,2025,12,regular,2025-11-15 20:30:00+00:00,Boston College,Georgia Tech,34,36,False,True,1.0,-295.2,590.4,-8.5,23.3,33.1,9.3,32.5,24.9,650.12,715.56,-2,70,0,16.5,61.333333333333336,3.0
401754593,2025,12,regular,2025-11-15 20:30:00+00:00,Duke,Virginia,17,34,False,True,1.0,372.4,591.6,6.6,34.8,29.2,11.1,28.8,18.1,669.18,666.74,-17,51,0,-5.333333333333333,60.0,3.0
401757303,2025,12,regular,2025-11-15 20:30:00+00:00,Western Kentucky,Middle Tennessee,42,26,False,True,1.0,286.6,-533.4,1.6,28.8,28.6,-16.0,20.4,37.0,561.36,520.55,16,68,1,-13.5,51.833333333333336,3.0
401760413,2025,12,regular,2025-11-15 20:30:00+00:00,Nevada,San José State,55,10,False,True,1.0,-372.8,-87.2,-13.4,14.2,28.7,-14.3,21.6,34.4,488.69,522.91,45,65,1,9.666666666666666,49.5,3.0
401761653,2025,12,regular,2025-11-15 20:30:00+00:00,UL Monroe,South Alabama,14,26,False,True,1.0,-222.2,-258.2,-21.6,16.1,35.7,-12.7,25.4,36.0,473.34,544.87,-12,40,0,4.0,49.833333333333336,3.0
401761654,2025,12,regular,2025-11-15 20:30:00+00:00,Southern Miss,Texas State,14,41,False,True,1.0,296.8,-100.6,-7.1,27.0,32.8,2.3,36.6,34.6,602.53,612.16,-27,55,0,-3.1666666666666665,65.66666666666667,3.0
401752765,2025,12,regular,2025-11-15 20:30:00+00:00,Alabama,Oklahoma,21,23,False,True,1.0,899.6,703.6,14.8,32.2,16.1,18.3,30.1,12.9,993.55,882.59,-2,44,0,-6.5,45.833333333333336,3.0
401756953,2025,12,regular,2025-11-15 20:30:00+00:00,Texas Tech,UCF,48,9,False,True,1.0,855.6,3.3999999999999915,27.6,39.3,12.3,-1.2,23.2,24.0,757.49,709.99,39,57,1,-24.333333333333332,48.5,3.0
401761652,2025,12,regular,2025-11-15 20:30:00+00:00,James Madison,App State,58,10,False,True,1.0,600.6,-83.4,12.3,34.9,21.4,-11.4,23.0,35.2,459.53,611.31,48,68,1,-20.666666666666668,53.833333333333336,3.0
401752906,2025,12,regular,2025-11-15 20:30:00+00:00,Illinois,Maryland,24,6,False,True,1.0,529.8,102.60000000000001,12.9,33.3,21.7,0.6,24.4,24.7,662.13,699.31,18,30,1,-16.166666666666668,51.666666666666664,3.0
401752907,2025,12,regular,2025-11-15 20:30:00+00:00,USC,Iowa,26,21,False,True,1.0,618.8,564.6,16.9,38.9,21.0,19.7,32.1,14.2,847.53,710.0,5,47,1,-6.5,48.5,3.0
401754595,2025,12,regular,2025-11-15 20:30:00+00:00,Miami,NC State,41,7,False,True,1.0,642.0,374.6,20.7,34.2,14.3,4.8,31.4,25.5,874.57,707.51,34,48,1,-16.166666666666668,54.666666666666664,3.0
401762508,2025,12,regular,2025-11-15 21:00:00+00:00,East Carolina,Memphis,31,27,False,True,1.0,343.4,511.8,8.0,32.6,24.0,7.6,34.3,28.3,611.55,668.63,4,58,1,-2.8333333333333335,57.0,3.0
401762509,2025,12,regular,2025-11-15 21:00:00+00:00,Tulane,Florida Atlantic,35,24,False,True,1.0,555.8,-13.400000000000006,6.3,32.4,27.6,-8.7,27.8,38.1,650.87,605.22,11,59,1,-16.833333333333332,60.833333333333336,3.0
401752771,2025,12,regular,2025-11-15 21:15:00+00:00,Tennessee,New Mexico State,42,9,False,False,1.0,518.6,-193.60000000000002,15.0,39.3,25.4,-15.5,19.7,34.9,866.57,402.9,33,51,1,-41.5,60.0,3.0
401754596,2025,12,regular,2025-11-15 21:30:00+00:00,Wake Forest,North Carolina,28,12,False,True,1.0,377.8,78.6,5.7,26.6,20.9,-6.6,17.2,25.0,627.16,753.2,16,40,1,-3.5,37.666666666666664,3.0
401757301,2025,12,regular,2025-11-15 22:00:00+00:00,Florida International,Liberty,34,27,False,True,1.0,26.60000000000001,-123.2,-10.5,26.1,35.8,-9.0,24.6,32.8,562.61,599.12,7,61,1,3.1666666666666665,52.166666666666664,3.0
401761650,2025,12,regular,2025-11-15 23:00:00+00:00,Georgia Southern,Coastal Carolina,45,40,False,True,1.0,-39.2,310.8,-9.4,28.3,37.7,-15.1,23.4,37.0,574.48,610.88,5,85,1,-3.1666666666666665,59.166666666666664,3.0
401752769,2025,12,regular,2025-11-16 00:00:00+00:00,Ole Miss,Florida,34,24,False,True,1.0,875.8,304.8,24.0,40.4,18.3,3.5,24.5,22.6,813.11,898.58,10,58,1,-10.833333333333334,53.5,3.0
401752902,2025,12,regular,2025-11-16 00:00:00+00:00,Washington,Purdue,49,13,False,True,1.0,502.40000000000003,-85.4,18.4,34.5,15.3,-6.1,21.9,29.9,720.56,687.74,36,62,1,-14.833333333333334,51.333333333333336,3.0
401756949,2025,12,regular,2025-11-16 00:00:00+00:00,Baylor,Utah,28,55,False,True,1.0,335.0,588.0,1.4,32.8,33.3,22.2,39.7,17.5,726.3,707.86,-27,83,0,9.5,60.833333333333336,3.0
401760414,2025,12,regular,2025-11-16 00:00:00+00:00,UNLV,Utah State,29,26,False,True,1.0,391.6,203.6,4.3,33.8,29.8,-3.1,29.5,31.2,700.54,503.59,3,55,1,-4.666666666666667,68.5,3.0
401757300,2025,12,regular,2025-11-16 00:00:00+00:00,Sam Houston,Delaware,26,23,True,True,1.0,-443.6,-3.0,-27.8,15.3,41.8,-10.9,26.2,36.2,477.35,242.85,3,49,1,12.166666666666666,56.333333333333336,3.0
401754594,2025,12,regular,2025-11-16 00:30:00+00:00,Florida State,Virginia Tech,34,14,False,True,1.0,271.0,-0.19999999999998863,7.2,29.3,21.2,-10.1,21.4,30.8,828.45,712.19,20,48,1,-14.0,54.666666666666664,3.0
401752900,2025,12,regular,2025-11-16 00:30:00+00:00,Ohio State,UCLA,48,10,False,True,1.0,966.8,150.4,30.1,37.6,7.7,-8.7,21.7,30.4,973.69,766.62,38,58,1,-33.0,46.5,3.0
401752766,2025,12,regular,2025-11-16 00:30:00+00:00,Georgia,Texas,35,10,False,True,1.0,889.8,735.4,24.1,37.0,14.8,16.2,32.9,17.9,1002.98,973.54,25,45,1,-3.6666666666666665,50.5,3.0
401752770,2025,12,regular,2025-11-16 00:45:00+00:00,Missouri,Mississippi State,49,27,False,True,1.0,517.0,379.6,14.4,31.2,15.4,4.1,31.6,29.0,804.77,770.48,22,76,1,-7.333333333333333,50.333333333333336,3.0
401757302,2025,12,regular,2025-11-16 01:00:00+00:00,Jacksonville State,Kennesaw State,35,26,False,True,1.0,169.8,391.8,-6.7,27.2,32.4,-5.4,26.4,30.2,519.93,338.87,9,61,1,3.6666666666666665,56.0,3.0
401752953,2025,12,regular,2025-11-16 03:00:00+00:00,Washington State,Louisiana Tech,28,3,False,False,1.0,231.0,160.8,3.8,24.6,20.5,-1.3,25.6,27.0,569.46,493.5,25,31,1,-10.166666666666666,43.5,3.0
401756950,2025,12,regular,2025-11-16 03:15:00+00:00,BYU,TCU,44,13,False,True,1.0,747.0,326.6,15.9,33.9,18.8,8.3,32.9,23.9,649.36,745.01,31,57,1,-2.8333333333333335,51.666666666666664,3.0
401760410,2025,12,regular,2025-11-16 03:30:00+00:00,San Diego State,Boise State,17,7,False,True,1.0,396.4,390.8,6.7,24.4,19.6,3.1,29.1,25.1,594.27,610.65,10,24,1,-2.0,42.166666666666664,3.0
401760412,2025,12,regular,2025-11-16 03:30:00+00:00,Fresno State,Wyoming,24,3,False,True,1.0,205.40000000000003,-46.400000000000006,1.8,23.0,21.1,-11.3,15.3,24.7,586.84,489.33,21,27,1,-2.8333333333333335,40.5,3.0
401762864,2025,13,regular,2025-11-19 00:00:00+00:00,Northern Illinois,Western Michigan,19,35,False,True,1.0,-237.8,293.6,-16.7,12.0,28.1,-1.4,21.7,21.8,471.01,534.35,-16,54,0,6.833333333333333,39.166666666666664,3.0
401762863,2025,13,regular,2025-11-19 00:00:00+00:00,Ohio,Massachusetts,42,14,False,True,1.0,257.6,-712.0,-4.0,23.2,25.2,-36.6,7.8,42.8,469.99,488.73,28,56,1,-33.833333333333336,53.333333333333336,3.0
401762862,2025,13,regular,2025-11-19 00:00:00+00:00,Bowling Green,Akron,16,19,False,True,1.0,-277.4,-300.4,-12.6,15.4,28.8,-13.9,17.2,29.3,527.31,537.21,-3,35,0,-2.3333333333333335,47.666666666666664,3.0
401762866,2025,13,regular,2025-11-20 00:00:00+00:00,Kent State,Central Michigan,16,28,False,True,1.0,45.8,229.8,-19.3,17.0,34.9,-8.8,17.6,25.7,456.24,481.16,-12,44,0,7.5,50.5,3.0
401762865,2025,13,regular,2025-11-20 00:00:00+00:00,Buffalo,Miami (OH),20,37,False,True,1.0,-35.2,64.39999999999999,-7.5,18.2,27.4,-3.4,19.3,24.2,513.33,592.1,-17,57,0,2.5,38.5,3.0
401761655,2025,13,regular,2025-11-21 00:30:00+00:00,Arkansas State,Louisiana,30,34,False,True,1.0,86.60000000000001,-62.2,-8.8,24.4,33.5,-10.1,25.3,34.0,591.27,585.82,-4,64,0,-2.5,54.333333333333336,3.0
401754598,2025,13,regular,2025-11-22 01:00:00+00:00,NC State,Florida State,21,11,False,True,1.0,375.6,331.0,4.8,31.4,25.5,7.2,29.3,21.2,707.51,828.45,10,32,1,6.666666666666667,58.833333333333336,3.0
401760418,2025,13,regular,2025-11-22 03:30:00+00:00,UNLV,Hawai'i,38,10,False,True,1.0,471.6,386.8,4.3,33.8,29.8,1.7,27.3,27.3,700.54,481.2,28,48,1,-2.5,64.5,3.0
401762512,2025,13,regular,2025-11-22 17:00:00+00:00,Army,Tulsa,25,26,False,True,1.0,237.40000000000003,-214.0,0.8,24.7,24.1,-10.0,21.7,33.1,23.66,594.78,-1,51,0,-9.833333333333334,43.5,3.0
401752912,2025,13,regular,2025-11-22 17:00:00+00:00,Ohio State,Rutgers,42,9,False,True,1.0,1026.8,280.8,30.1,37.6,7.7,1.0,31.6,30.7,973.69,689.22,33,51,1,-28.666666666666668,54.333333333333336,3.0
401754602,2025,13,regular,2025-11-22 17:00:00+00:00,SMU,Louisville,38,6,False,True,1.0,477.8,552.0,13.4,34.2,19.5,12.4,31.6,19.8,766.67,700.77,32,44,1,-3.8333333333333335,49.833333333333336,3.0
401754603,2025,13,regular,2025-11-22 17:00:00+00:00,Virginia Tech,Miami,17,34,False,True,1.0,-57.39999999999999,738.0,-10.1,21.4,30.8,20.7,34.2,14.3,712.19,874.57,-17,51,0,17.833333333333332,49.0,3.0
401754606,2025,13,regular,2025-11-22 17:00:00+00:00,Wake Forest,Delaware,52,14,False,False,1.0,437.8,-78.0,5.7,26.6,20.9,-10.9,26.2,36.2,627.16,242.85,38,66,1,-17.5,49.166666666666664,3.0
401756958,2025,13,regular,2025-11-22 17:00:00+00:00,Iowa State,Kansas,38,14,False,True,1.0,414.8,235.8,9.9,28.1,19.5,4.1,30.9,28.5,648.93,705.32,24,52,1,-3.3333333333333335,55.5,3.0
401752909,2025,13,regular,2025-11-22 17:00:00+00:00,Northwestern,Minnesota,38,35,True,True,1.0,306.8,425.8,5.8,24.4,20.0,1.5,23.8,20.8,677.97,711.04,3,73,1,-4.166666666666667,41.0,3.0
401752778,2025,13,regular,2025-11-22 17:00:00+00:00,Oklahoma,Missouri,17,6,False,True,1.0,863.6,613.0,18.3,30.1,12.9,14.4,31.2,15.4,882.59,804.77,11,23,1,-4.5,42.5,3.0
401752781,2025,13,regular,2025-11-22 17:00:00+00:00,Texas A&M,Samford,48,0,False,False,1.0,1106.8,-57.2,20.7,38.0,16.4,,,,917.29,,48,48,1,-54.166666666666664,59.166666666666664,3.0
401752776,2025,13,regular,2025-11-22 17:45:00+00:00,Georgia,Charlotte,35,3,False,False,1.0,1041.8,-535.2,24.1,37.0,14.8,-26.7,14.5,39.8,1002.98,526.3,32,38,1,-42.5,53.333333333333336,3.0
401752954,2025,13,regular,2025-11-22 18:00:00+00:00,James Madison,Washington State,24,20,False,False,1.0,660.6,327.0,12.3,34.9,21.4,3.8,24.6,20.5,459.53,569.46,4,44,1,-15.333333333333334,44.833333333333336,3.0
401761657,2025,13,regular,2025-11-22 18:00:00+00:00,Georgia Southern,Old Dominion,10,45,False,True,1.0,10.799999999999997,416.8,-9.4,28.3,37.7,5.9,31.6,23.7,574.48,477.45,-35,55,0,10.166666666666666,62.0,3.0
401756954,2025,13,regular,2025-11-22 18:00:00+00:00,Arizona,Baylor,41,17,False,True,1.0,555.0,322.0,12.0,33.0,19.5,1.4,32.8,33.3,651.62,726.3,24,58,1,-6.5,61.166666666666664,3.0
401752774,2025,13,regular,2025-11-22 19:00:00+00:00,Auburn,Mercer,62,17,False,False,1.0,322.6,0.0,11.6,28.3,17.4,,,,891.84,,45,79,1,-26.333333333333332,50.5,3.0
401752773,2025,13,regular,2025-11-22 19:00:00+00:00,Alabama,Eastern Illinois,56,0,False,False,1.0,904.6,0.0,14.8,32.2,16.1,,,,993.55,,56,56,1,-51.333333333333336,58.0,3.0
401760419,2025,13,regular,2025-11-22 19:00:00+00:00,Wyoming,Nevada,7,13,False,True,1.0,-103.60000000000001,-312.8,-11.3,15.3,24.7,-13.4,14.2,28.7,489.33,488.69,-6,20,0,-6.333333333333333,39.833333333333336,3.0
401762867,2025,13,regular,2025-11-22 19:00:00+00:00,Toledo,Ball State,38,9,False,True,1.0,246.2,-172.4,6.0,25.8,18.5,-23.0,13.4,34.4,620.13,495.35,29,47,1,-29.166666666666668,45.5,3.0
401757306,2025,13,regular,2025-11-22 19:00:00+00:00,Kennesaw State,Missouri State,41,34,False,True,1.0,324.8,344.8,-5.4,26.4,30.2,-10.7,25.6,34.8,338.87,426.1,7,75,1,-6.5,54.333333333333336,3.0
401761656,2025,13,regular,2025-11-22 19:30:00+00:00,App State,Marshall,26,24,False,True,1.0,-98.4,119.0,-11.4,23.0,35.2,-4.5,29.6,34.8,611.31,590.64,2,50,1,3.8333333333333335,56.833333333333336,3.0
401757175,2025,13,regular,2025-11-22 20:00:00+00:00,Florida Atlantic,UConn,45,48,False,False,1.0,-70.60000000000001,331.0,-8.7,27.8,38.1,5.1,32.0,28.5,605.22,568.12,-3,93,0,5.833333333333333,64.0,3.0
401762511,2025,13,regular,2025-11-22 20:00:00+00:00,UAB,South Florida,18,48,False,True,1.0,-162.4,626.8,-15.8,25.5,39.8,11.6,37.7,25.3,540.93,666.89,-30,66,0,21.666666666666668,68.66666666666667,3.0
401757307,2025,13,regular,2025-11-22 20:00:00+00:00,Louisiana Tech,Liberty,34,28,False,True,1.0,103.6,-190.2,-1.3,25.6,27.0,-9.0,24.6,32.8,493.5,599.12,6,62,1,1.3333333333333333,45.333333333333336,3.0
401757309,2025,13,regular,2025-11-22 20:00:00+00:00,UTEP,New Mexico State,31,34,False,True,1.0,-367.4,-202.60000000000002,-17.5,20.2,36.3,-15.5,19.7,34.9,551.88,402.9,-3,65,0,-4.166666666666667,44.833333333333336,3.0
401757308,2025,13,regular,2025-11-22 20:00:00+00:00,Middle Tennessee,Sam Houston,31,17,False,True,1.0,-590.6,-368.6,-16.0,20.4,37.0,-27.8,15.3,41.8,520.55,477.35,14,48,1,-6.666666666666667,53.5,3.0
401754600,2025,13,regular,2025-11-22 20:30:00+00:00,North Carolina,Duke,25,32,False,True,1.0,21.39999999999999,349.4,-6.6,17.2,25.0,6.6,34.8,29.2,753.2,669.18,-7,57,0,6.833333333333333,50.333333333333336,3.0
401757305,2025,13,regular,2025-11-22 20:30:00+00:00,Florida International,Jacksonville State,27,21,False,True,1.0,76.60000000000001,249.8,-10.5,26.1,35.8,-6.7,27.2,32.4,562.61,519.93,6,48,1,-2.5,56.0,3.0
401762513,2025,13,regular,2025-11-22 20:30:00+00:00,UTSA,East Carolina,58,24,False,True,1.0,233.8,443.4,3.7,33.3,30.0,8.0,32.6,24.0,662.09,611.55,34,82,1,2.0,62.166666666666664,3.0
401752782,2025,13,regular,2025-11-22 20:30:00+00:00,Vanderbilt,Kentucky,45,17,False,True,1.0,820.0,318.8,20.3,39.9,21.4,1.8,25.5,23.7,685.42,763.18,28,62,1,-6.833333333333333,53.5,3.0
401752780,2025,13,regular,2025-11-22 20:30:00+00:00,Texas,Arkansas,52,37,False,True,1.0,758.4,77.0,16.2,32.9,17.9,5.1,35.8,31.4,973.54,772.64,15,89,1,-9.166666666666666,58.0,3.0
401754604,2025,13,regular,2025-11-22 20:30:00+00:00,Notre Dame,Syracuse,70,7,False,False,1.0,832.8,28.0,24.4,40.0,16.3,-13.1,18.8,33.0,912.11,727.83,63,77,1,-36.666666666666664,51.0,3.0
401752913,2025,13,regular,2025-11-22 20:30:00+00:00,Iowa,Michigan State,20,17,False,True,1.0,573.6,-51.400000000000006,19.7,32.1,14.2,-3.4,26.6,28.7,710.0,717.42,3,37,1,-17.5,43.0,3.0
401752911,2025,13,regular,2025-11-22 20:30:00+00:00,Oregon,USC,42,27,False,True,1.0,870.6,718.8,25.9,38.7,13.5,16.9,38.9,21.0,941.22,847.53,15,69,1,-11.333333333333334,59.666666666666664,3.0
401761658,2025,13,regular,2025-11-22 20:30:00+00:00,South Alabama,Southern Miss,42,35,False,True,1.0,-190.2,226.8,-12.7,25.4,36.0,-7.1,27.0,32.8,544.87,602.53,7,77,1,2.5,53.333333333333336,3.0
401762515,2025,13,regular,2025-11-22 20:45:00+00:00,Temple,Tulane,13,37,False,True,1.0,199.8,615.8,-5.1,27.1,33.2,6.3,32.4,27.6,507.91,650.87,-24,50,0,7.5,54.333333333333336,3.0
401752914,2025,13,regular,2025-11-22 21:00:00+00:00,Maryland,Michigan,20,45,False,True,1.0,83.60000000000001,721.6,0.6,24.4,24.7,12.4,30.9,17.0,699.31,907.22,-25,65,0,13.833333333333334,46.5,3.0
401756959,2025,13,regular,2025-11-22 21:00:00+00:00,UCF,Oklahoma State,17,14,False,True,1.0,20.39999999999999,-251.2,-1.2,23.2,24.0,-15.1,15.2,31.6,709.99,702.74,3,31,1,-13.166666666666666,47.5,3.0
401756957,2025,13,regular,2025-11-22 21:00:00+00:00,Houston,TCU,14,17,False,True,1.0,516.8,335.6,7.4,31.5,23.0,8.3,32.9,23.9,656.74,745.01,-3,31,0,1.5,55.833333333333336,3.0
401761660,2025,13,regular,2025-11-22 21:00:00+00:00,Troy,Georgia State,31,19,False,True,1.0,208.60000000000002,-424.0,-4.8,23.6,29.0,-24.5,18.6,41.1,561.87,611.97,12,50,1,-9.833333333333334,51.0,3.0
401756960,2025,13,regular,2025-11-22 21:00:00+00:00,Utah,Kansas State,51,47,False,True,1.0,696.8,302.6,22.2,39.7,17.5,7.0,31.3,25.0,707.86,705.85,4,98,1,-17.833333333333332,52.5,3.0
401752779,2025,13,regular,2025-11-22 21:15:00+00:00,South Carolina,Coastal Carolina,51,7,False,False,1.0,283.0,243.8,5.9,24.6,20.2,-15.1,23.4,37.0,833.26,610.88,44,58,1,-24.0,50.0,3.0
401754605,2025,13,regular,2025-11-22 21:30:00+00:00,Clemson,Furman,45,10,False,False,1.0,234.0,0.0,9.5,27.5,18.9,,,,918.43,,35,55,1,-42.166666666666664,55.333333333333336,3.0
401761659,2025,13,regular,2025-11-22 22:00:00+00:00,Texas State,UL Monroe,31,14,False,True,1.0,-32.599999999999994,-327.2,2.3,36.6,34.6,-21.6,16.1,35.7,612.16,473.34,17,45,1,-20.5,59.833333333333336,3.0
401760415,2025,13,regular,2025-11-23 00:00:00+00:00,Air Force,New Mexico,3,20,False,True,1.0,-180.8,343.6,-3.2,28.3,31.7,0.9,25.4,26.1,,378.8,-17,23,0,3.5,53.166666666666664,3.0
401752908,2025,13,regular,2025-11-23 00:00:00+00:00,Penn State,Nebraska,37,10,False,True,1.0,231.8,475.6,18.1,35.1,18.8,6.2,28.8,22.7,910.42,821.39,27,47,1,-7.166666666666667,45.333333333333336,3.0
401760416,2025,13,regular,2025-11-23 00:00:00+00:00,Boise State,Colorado State,49,21,False,True,1.0,333.6,-324.4,3.1,29.1,25.1,-15.6,17.6,32.9,610.65,583.71,28,70,1,-17.333333333333332,45.833333333333336,3.0
401754601,2025,13,regular,2025-11-23 00:00:00+00:00,Georgia Tech,Pittsburgh,28,42,False,True,1.0,648.4,437.0,9.3,32.5,24.9,8.4,31.6,23.5,715.56,681.21,-14,70,0,-2.5,61.0,3.0
401762514,2025,13,regular,2025-11-23 00:30:00+00:00,Rice,North Texas,24,56,False,True,1.0,78.6,698.6,-14.8,17.7,33.9,13.8,43.1,28.6,530.06,569.15,-32,80,0,18.5,57.0,3.0
401752915,2025,13,regular,2025-11-23 00:30:00+00:00,Wisconsin,Illinois,27,10,False,True,1.0,208.0,625.8,-4.4,17.4,20.9,12.9,33.3,21.7,763.17,662.13,17,37,1,8.833333333333334,42.0,3.0
401752775,2025,13,regular,2025-11-23 00:30:00+00:00,Florida,Tennessee,11,31,False,True,1.0,325.8,578.6,3.5,24.5,22.6,15.0,39.3,25.4,898.58,866.57,-20,42,0,3.3333333333333335,57.666666666666664,3.0
401754599,2025,13,regular,2025-11-23 00:30:00+00:00,Stanford,California,31,10,False,True,1.0,8.799999999999997,264.8,-11.8,18.4,28.6,-3.2,25.6,27.9,707.27,726.21,21,41,1,4.5,47.5,3.0
401752777,2025,13,regular,2025-11-23 00:45:00+00:00,LSU,Western Kentucky,13,10,False,False,1.0,606.0,346.6,10.3,25.8,16.1,1.6,28.8,28.6,920.05,561.36,3,23,1,-24.833333333333332,52.666666666666664,3.0
401756956,2025,13,regular,2025-11-23 01:00:00+00:00,Colorado,Arizona State,17,42,False,True,1.0,21.0,575.6,-8.3,22.6,29.5,3.9,28.3,22.7,755.2,738.52,-25,59,0,6.833333333333333,47.5,3.0
401756955,2025,13,regular,2025-11-23 01:00:00+00:00,Cincinnati,BYU,14,26,False,True,1.0,490.8,867.0,4.5,30.2,26.4,15.9,33.9,18.8,644.1,649.36,-12,40,0,2.5,56.833333333333336,3.0
401760420,2025,13,regular,2025-11-23 03:30:00+00:00,San Diego State,San José State,25,3,False,True,1.0,492.4,-184.2,6.7,24.4,19.6,-14.3,21.6,34.4,594.27,522.91,22,28,1,-9.833333333333334,51.166666666666664,3.0
401752910,2025,13,regular,2025-11-23 03:30:00+00:00,UCLA,Washington,14,48,False,True,1.0,181.4,562.4,-8.7,21.7,30.4,18.4,34.5,15.3,766.62,720.56,-34,62,0,10.666666666666666,51.333333333333336,3.0
401760417,2025,13,regular,2025-11-23 03:30:00+00:00,Fresno State,Utah State,17,28,False,True,1.0,265.40000000000003,166.39999999999998,1.8,23.0,21.1,-3.1,29.5,31.2,586.84,503.59,-11,45,0,-1.6666666666666667,50.333333333333336,3.0
401762868,2025,14,regular,2025-11-25 21:30:00+00:00,Massachusetts,Bowling Green,14,45,False,True,1.0,-769.2,-352.4,-36.6,7.8,42.8,-12.6,15.4,28.8,488.73,527.31,-31,59,0,14.166666666666666,44.5,3.0
401762869,2025,14,regular,2025-11-26 00:30:00+00:00,Eastern Michigan,Western Michigan,21,31,False,True,1.0,-242.60000000000002,361.6,-14.7,19.4,34.1,-1.4,21.7,21.8,572.9,534.35,-10,52,0,9.833333333333334,49.333333333333336,3.0
401762516,2025,14,regular,2025-11-28 00:30:00+00:00,Memphis,Navy,17,28,False,True,1.0,502.8,566.8,7.6,34.3,28.3,6.2,33.6,27.9,668.63,,-11,45,0,-3.6666666666666665,57.5,3.0
401762870,2025,14,regular,2025-11-28 17:00:00+00:00,Buffalo,Ohio,26,31,False,True,1.0,-105.2,317.6,-7.5,18.2,27.4,-4.0,23.2,25.2,513.33,469.99,-5,57,0,7.166666666666667,44.833333333333336,3.0
401752788,2025,14,regular,2025-11-28 17:00:00+00:00,Mississippi State,Ole Miss,19,38,False,True,1.0,360.6,971.8,4.1,31.6,29.0,24.0,40.4,18.3,770.48,813.11,-19,57,0,7.333333333333333,62.666666666666664,3.0
401756964,2025,14,regular,2025-11-28 17:00:00+00:00,Kansas,Utah,21,31,False,True,1.0,216.8,776.8,4.1,30.9,28.5,22.2,39.7,17.5,705.32,707.86,-10,52,0,10.166666666666666,60.166666666666664,3.0
401752916,2025,14,regular,2025-11-28 17:00:00+00:00,Nebraska,Iowa,16,40,False,True,1.0,456.6,653.6,6.2,28.8,22.7,19.7,32.1,14.2,821.39,710.0,-24,56,0,5.666666666666667,38.833333333333336,3.0
401762871,2025,14,regular,2025-11-28 17:00:00+00:00,Northern Illinois,Kent State,31,35,False,True,1.0,-307.8,-59.2,-16.7,12.0,28.1,-19.3,17.0,34.9,471.01,456.24,-4,66,0,-5.0,44.666666666666664,3.0
401760421,2025,14,regular,2025-11-28 20:00:00+00:00,Colorado State,Air Force,21,42,False,True,1.0,-381.6,-250.8,-15.6,17.6,32.9,-3.2,28.3,31.7,583.71,,-21,63,0,2.5,47.5,3.0
401760426,2025,14,regular,2025-11-28 20:30:00+00:00,New Mexico,San Diego State,23,17,False,True,1.0,452.40000000000003,552.4,0.9,25.4,26.1,6.7,24.4,19.6,378.8,594.27,6,40,1,1.3333333333333333,41.5,3.0
401752786,2025,14,regular,2025-11-28 20:30:00+00:00,Georgia Tech,Georgia,9,16,True,False,1.0,613.4,1101.8,9.3,32.5,24.9,24.1,37.0,14.8,715.56,1002.98,-7,25,0,16.166666666666668,59.833333333333336,3.0
401762442,2025,14,regular,2025-11-28 20:30:00+00:00,North Texas,Temple,52,25,False,True,1.0,766.6,168.8,13.8,43.1,28.6,-5.1,27.1,33.2,569.15,507.91,27,77,1,-20.333333333333332,65.5,3.0
401760422,2025,14,regular,2025-11-28 21:00:00+00:00,Utah State,Boise State,24,25,False,True,1.0,275.2,393.6,-3.1,29.5,31.2,3.1,29.1,25.1,503.59,610.65,-1,49,0,1.6666666666666667,54.666666666666664,3.0
401752924,2025,14,regular,2025-11-29 00:30:00+00:00,Purdue,Indiana,3,56,False,True,1.0,-104.4,1180.8,-6.1,21.9,29.9,32.4,40.8,9.9,687.74,645.34,-53,59,0,28.5,54.166666666666664,3.0
401752792,2025,14,regular,2025-11-29 00:30:00+00:00,Texas,Texas A&M,27,17,False,True,1.0,854.4,1166.8,16.2,32.9,17.9,20.7,38.0,16.4,973.54,917.29,10,44,1,2.5,54.5,3.0
401756961,2025,14,regular,2025-11-29 02:00:00+00:00,Arizona State,Arizona,7,23,False,True,1.0,643.6,651.0,3.9,28.3,22.7,12.0,33.0,19.5,738.52,651.62,-16,30,0,2.0,48.166666666666664,3.0
401756965,2025,14,regular,2025-11-29 17:00:00+00:00,Kansas State,Colorado,24,14,False,True,1.0,319.6,-49.0,7.0,31.3,25.0,-8.3,22.6,29.5,705.85,755.2,10,38,1,-16.5,49.833333333333336,3.0
401762519,2025,14,regular,2025-11-29 17:00:00+00:00,Florida Atlantic,East Carolina,3,42,False,True,1.0,-120.60000000000001,386.2,-8.7,27.8,38.1,8.0,32.6,24.0,605.22,611.55,-39,45,0,6.833333333333333,66.33333333333333,3.0
401754611,2025,14,regular,2025-11-29 17:00:00+00:00,Pittsburgh,Miami,7,38,False,True,1.0,595.0,806.0,8.4,31.6,23.5,20.7,34.2,14.3,681.21,874.57,-31,45,0,6.5,49.0,3.0
401756962,2025,14,regular,2025-11-29 17:00:00+00:00,Baylor,Houston,24,31,False,True,1.0,303.0,491.8,1.4,32.8,33.3,7.4,31.5,23.0,726.3,656.74,-7,55,0,-2.5,57.0,3.0
401756966,2025,14,regular,2025-11-29 17:00:00+00:00,Oklahoma State,Iowa State,13,20,False,True,1.0,-288.4,510.8,-15.1,15.2,31.6,9.9,28.1,19.5,702.74,648.93,-7,33,0,13.833333333333334,46.833333333333336,3.0
401752787,2025,14,regular,2025-11-29 17:00:00+00:00,Louisville,Kentucky,41,0,False,False,1.0,533.0,327.8,12.4,31.6,19.8,1.8,25.5,23.7,700.77,763.18,41,41,1,0.6666666666666666,45.5,3.0
401752921,2025,14,regular,2025-11-29 17:00:00+00:00,Michigan,Ohio State,9,27,False,True,1.0,830.4000000000001,1122.8,12.4,30.9,17.0,30.1,37.6,7.7,907.22,973.69,-18,36,0,9.5,43.0,3.0
401752790,2025,14,regular,2025-11-29 17:00:00+00:00,South Carolina,Clemson,14,28,False,False,1.0,343.0,294.0,5.9,24.6,20.2,9.5,27.5,18.9,833.26,918.43,-14,42,0,-2.5,45.666666666666664,3.0
401762872,2025,14,regular,2025-11-29 17:00:00+00:00,Central Michigan,Toledo,3,21,False,True,1.0,297.8,306.2,-8.8,17.6,25.7,6.0,25.8,18.5,481.16,620.13,-18,24,0,11.166666666666666,46.5,3.0
401756968,2025,14,regular,2025-11-29 17:00:00+00:00,West Virginia,Texas Tech,0,49,False,True,1.0,92.19999999999999,951.6,-6.8,22.8,30.0,27.6,39.3,12.3,662.33,757.49,-49,49,0,24.333333333333332,53.333333333333336,3.0
401762875,2025,14,regular,2025-11-29 17:00:00+00:00,Miami (OH),Ball State,45,24,False,True,1.0,132.39999999999998,-229.60000000000002,-3.4,19.3,24.2,-23.0,13.4,34.4,592.1,495.35,21,69,1,-16.666666666666668,40.5,3.0
401757310,2025,14,regular,2025-11-29 18:00:00+00:00,Delaware,UTEP,61,31,False,True,1.0,-135.2,-442.4,-10.9,26.2,36.2,-17.5,20.2,36.3,242.85,551.88,30,92,1,-4.5,55.5,3.0
401756963,2025,14,regular,2025-11-29 18:00:00+00:00,BYU,UCF,41,21,False,True,1.0,975.8,70.39999999999999,15.9,33.9,18.8,-1.2,23.2,24.0,649.36,709.99,20,62,1,-17.5,46.5,3.0
401757311,2025,14,regular,2025-11-29 18:00:00+00:00,Sam Houston,Florida International,16,56,True,True,1.0,-465.6,126.60000000000001,-27.8,15.3,41.8,-10.5,26.1,35.8,477.35,562.61,-40,72,0,10.5,50.666666666666664,3.0
401761663,2025,14,regular,2025-11-29 18:30:00+00:00,Marshall,Georgia Southern,19,24,False,True,1.0,52.0,-59.2,-4.5,29.6,34.8,-9.4,28.3,37.7,590.64,574.48,-5,43,0,-10.333333333333334,62.166666666666664,3.0
401757314,2025,14,regular,2025-11-29 19:00:00+00:00,Missouri State,Louisiana Tech,30,42,False,True,1.0,307.6,153.6,-10.7,25.6,34.8,-1.3,25.6,27.0,426.1,493.5,-12,72,0,-2.5,45.333333333333336,3.0
401761664,2025,14,regular,2025-11-29 19:00:00+00:00,Old Dominion,Georgia State,27,10,False,True,1.0,484.8,-481.2,5.9,31.6,23.7,-24.5,18.6,41.1,477.45,611.97,17,37,1,-28.666666666666668,58.5,3.0
401757312,2025,14,regular,2025-11-29 19:00:00+00:00,Jacksonville State,Western Kentucky,37,34,False,True,1.0,182.8,337.6,-6.7,27.2,32.4,1.6,28.8,28.6,519.93,561.36,3,71,1,1.5,56.5,3.0
401761661,2025,14,regular,2025-11-29 19:30:00+00:00,App State,Arkansas State,29,30,False,True,1.0,-18.400000000000006,11.600000000000009,-11.4,23.0,35.2,-8.8,24.4,33.5,611.31,591.27,-1,59,0,0.6666666666666666,54.5,3.0
401762517,2025,14,regular,2025-11-29 20:00:00+00:00,Tulsa,UAB,24,31,False,True,1.0,-121.19999999999999,-197.4,-10.0,21.7,33.1,-15.8,25.5,39.8,594.78,540.93,-7,55,0,-9.333333333333334,56.5,3.0
401761667,2025,14,regular,2025-11-29 20:00:00+00:00,Texas State,South Alabama,49,26,False,True,1.0,27.400000000000006,-140.2,2.3,36.6,34.6,-12.7,25.4,36.0,612.16,544.87,23,75,1,-9.666666666666666,62.5,3.0
401761665,2025,14,regular,2025-11-29 20:00:00+00:00,Louisiana,UL Monroe,30,27,False,True,1.0,-4.200000000000003,-384.4,-10.1,25.3,34.0,-21.6,16.1,35.7,585.82,473.34,3,57,1,-11.0,47.5,3.0
401757315,2025,14,regular,2025-11-29 20:00:00+00:00,New Mexico State,Middle Tennessee,24,31,False,True,1.0,-144.60000000000002,-530.6,-15.5,19.7,34.9,-16.0,20.4,37.0,402.9,520.55,-7,55,0,-3.3333333333333335,52.0,3.0
401754608,2025,14,regular,2025-11-29 20:00:00+00:00,Syracuse,Boston College,12,34,False,True,1.0,43.0,-296.2,-13.1,18.8,33.0,-8.5,23.3,33.1,727.83,650.12,-22,46,0,2.8333333333333335,54.0,3.0
401756967,2025,14,regular,2025-11-29 20:30:00+00:00,TCU,Cincinnati,45,23,False,True,1.0,453.6,485.8,8.3,32.9,23.9,4.5,30.2,26.4,745.01,644.1,22,68,1,-3.1666666666666665,58.5,3.0
401752917,2025,14,regular,2025-11-29 20:30:00+00:00,Washington,Oregon,14,26,False,True,1.0,630.4,1010.6,18.4,34.5,15.3,25.9,38.7,13.5,720.56,941.22,-12,40,0,6.666666666666667,51.333333333333336,3.0
401754610,2025,14,regular,2025-11-29 20:30:00+00:00,Duke,Wake Forest,49,32,False,True,1.0,407.4,497.8,6.6,34.8,29.2,5.7,26.6,20.9,669.18,627.16,17,81,1,-2.5,53.666666666666664,3.0
401752789,2025,14,regular,2025-11-29 20:30:00+00:00,Oklahoma,LSU,17,13,False,True,1.0,989.6,686.0,18.3,30.1,12.9,10.3,25.8,16.1,882.59,920.05,4,30,1,-11.5,36.333333333333336,3.0
401752918,2025,14,regular,2025-11-29 20:30:00+00:00,Minnesota,Wisconsin,17,7,False,True,1.0,375.8,328.0,1.5,23.8,20.8,-4.4,17.4,20.9,711.04,763.17,10,24,1,2.5,38.5,3.0
401752791,2025,14,regular,2025-11-29 20:30:00+00:00,Tennessee,Vanderbilt,24,45,False,True,1.0,687.4000000000001,916.0,15.0,39.3,25.4,20.3,39.9,21.4,866.57,685.42,-21,69,0,-2.3333333333333335,66.5,3.0
401757313,2025,14,regular,2025-11-29 20:30:00+00:00,Liberty,Kennesaw State,42,48,False,True,1.0,-227.4,374.8,-9.0,24.6,32.8,-5.4,26.4,30.2,599.12,338.87,-6,90,0,2.5,55.5,3.0
401761666,2025,14,regular,2025-11-29 20:30:00+00:00,Southern Miss,Troy,18,28,False,True,1.0,159.8,268.6,-7.1,27.0,32.8,-4.8,23.6,29.0,602.53,561.87,-10,46,0,-6.833333333333333,50.333333333333336,3.0
401752783,2025,14,regular,2025-11-29 20:30:00+00:00,Arkansas,Missouri,17,31,False,True,1.0,76.0,630.0,5.1,35.8,31.4,14.4,31.2,15.4,772.64,804.77,-14,48,0,4.5,54.5,3.0
401762441,2025,14,regular,2025-11-29 20:30:00+00:00,UTSA,Army,24,27,False,True,1.0,353.8,162.40000000000003,3.7,33.3,30.0,0.8,24.7,24.1,662.09,23.66,-3,51,0,-8.5,50.333333333333336,3.0
401752920,2025,14,regular,2025-11-29 20:30:00+00:00,Rutgers,Penn State,36,40,False,True,1.0,311.8,327.8,1.0,31.6,30.7,18.1,35.1,18.8,689.22,910.42,-4,76,0,14.166666666666666,55.5,3.0
401761662,2025,14,regular,2025-11-29 20:45:00+00:00,Coastal Carolina,James Madison,10,59,False,True,1.0,186.6,740.6,-15.1,23.4,37.0,12.3,34.9,21.4,610.88,459.53,-49,69,0,24.0,54.166666666666664,3.0
401752785,2025,14,regular,2025-11-29 21:30:00+00:00,Florida,Florida State,40,21,False,False,1.0,302.8,273.8,3.5,24.5,22.6,7.2,29.3,21.2,898.58,828.45,19,61,1,1.3333333333333333,49.0,3.0
401752946,2025,14,regular,2025-11-29 23:30:00+00:00,Washington State,Oregon State,32,8,False,True,1.0,328.0,-302.0,3.8,24.6,20.5,-15.9,17.0,30.8,569.46,667.99,24,40,1,-14.166666666666666,42.5,3.0
401752923,2025,14,regular,2025-11-30 00:00:00+00:00,Michigan State,Maryland,38,28,True,True,1.0,-60.400000000000006,64.60000000000001,-3.4,26.6,28.7,0.6,24.4,24.7,717.42,699.31,10,66,1,-4.166666666666667,49.166666666666664,3.0
401762520,2025,14,regular,2025-11-30 00:00:00+00:00,South Florida,Rice,52,3,False,True,1.0,694.8,51.599999999999994,11.6,37.7,25.3,-14.8,17.7,33.9,666.89,530.06,49,55,1,-28.333333333333332,57.5,3.0
401754613,2025,14,regular,2025-11-30 00:00:00+00:00,Virginia,Virginia Tech,27,7,False,True,1.0,700.4,-68.39999999999999,11.1,28.8,18.1,-10.1,21.4,30.8,666.74,712.19,20,34,1,-8.666666666666666,52.833333333333336,3.0
401754612,2025,14,regular,2025-11-30 00:30:00+00:00,NC State,North Carolina,42,19,False,True,1.0,471.6,-28.60000000000001,4.8,31.4,25.5,-6.6,17.2,25.0,707.51,753.2,23,61,1,-7.166666666666667,49.0,3.0
401762518,2025,14,regular,2025-11-30 00:30:00+00:00,Tulane,Charlotte,27,0,False,True,1.0,724.6,-510.2,6.3,32.4,27.6,-26.7,14.5,39.8,650.87,526.3,27,27,1,-31.0,52.166666666666664,3.0
401752922,2025,14,regular,2025-11-30 00:30:00+00:00,Illinois,Northwestern,20,13,False,True,1.0,568.6,426.8,12.9,33.3,21.7,5.8,24.4,20.0,662.13,677.97,7,33,1,-7.166666666666667,44.333333333333336,3.0
401752784,2025,14,regular,2025-11-30 00:30:00+00:00,Auburn,Alabama,20,27,False,True,1.0,382.6,964.6,11.6,28.3,17.4,14.8,32.2,16.1,891.84,993.55,-7,47,0,6.833333333333333,48.333333333333336,3.0
401752919,2025,14,regular,2025-11-30 00:30:00+00:00,USC,UCLA,29,10,False,True,1.0,739.8,146.4,16.9,38.9,21.0,-8.7,21.7,30.4,847.53,766.62,19,39,1,-21.333333333333332,59.0,3.0
401754609,2025,14,regular,2025-11-30 01:00:00+00:00,California,SMU,38,35,False,True,1.0,167.8,597.8,-3.2,25.6,27.9,13.4,34.2,19.5,726.21,766.67,3,73,1,13.5,53.166666666666664,3.0
401760425,2025,14,regular,2025-11-30 02:00:00+00:00,Nevada,UNLV,17,42,False,True,1.0,-254.8,567.6,-13.4,14.2,28.7,4.3,33.8,29.8,488.69,700.54,-25,59,0,7.5,52.666666666666664,3.0
401760423,2025,14,regular,2025-11-30 03:30:00+00:00,San José State,Fresno State,14,41,False,True,1.0,-241.4,195.40000000000003,-14.3,21.6,34.4,1.8,23.0,21.1,522.91,586.84,-27,55,0,3.3333333333333335,45.333333333333336,3.0
401754614,2025,14,regular,2025-11-30 03:30:00+00:00,Stanford,Notre Dame,20,49,False,False,1.0,104.8,892.8,-11.8,18.4,28.6,24.4,40.0,16.3,707.27,912.11,-29,69,0,32.833333333333336,49.833333333333336,3.0
401760424,2025,14,regular,2025-11-30 04:00:00+00:00,Hawai'i,Wyoming,27,7,False,True,1.0,329.6,-178.60000000000002,1.7,27.3,27.3,-11.3,15.3,24.7,481.2,489.33,20,34,1,-8.5,44.666666666666664,3.0
401777352,2025,15,regular,2025-12-06 00:00:00+00:00,James Madison,Troy,31,14,False,False,1.0,808.6,336.6,12.3,34.9,21.4,-4.8,23.6,29.0,459.53,561.87,17,45,1,-24.0,47.5,4.0
401777325,2025,15,regular,2025-12-06 00:00:00+00:00,Jacksonville State,Kennesaw State,15,19,False,False,1.0,262.8,432.8,-6.7,27.2,32.4,-5.4,26.4,30.2,519.93,338.87,-4,34,0,1.875,61.5,4.0
401777324,2025,15,regular,2025-12-06 01:00:00+00:00,Tulane,North Texas,34,21,False,False,1.0,784.6,862.6,6.3,32.4,27.6,13.8,43.1,28.6,650.87,569.15,13,55,1,1.625,66.75,4.0
401777326,2025,15,regular,2025-12-06 01:00:00+00:00,Boise State,UNLV,38,21,False,False,1.0,486.40000000000003,635.6,3.1,29.1,25.1,4.3,33.8,29.8,610.65,700.54,17,59,1,-5.375,59.125,4.0
401777327,2025,15,regular,2025-12-06 17:00:00+00:00,Texas Tech,BYU,34,7,True,False,1.0,1019.6,1071.8,27.6,39.3,12.3,15.9,33.9,18.8,757.49,649.36,27,41,1,-12.75,50.125,4.0
401777329,2025,15,regular,2025-12-06 17:00:00+00:00,Western Michigan,Miami (OH),23,13,True,False,1.0,429.6,192.39999999999998,-1.4,21.7,21.8,-3.4,19.3,24.2,534.35,592.1,10,36,1,-2.375,44.125,4.0
401777351,2025,15,regular,2025-12-06 21:00:00+00:00,Alabama,Georgia,7,28,True,False,1.0,1080.6,1260.8,14.8,32.2,16.1,24.1,37.0,14.8,993.55,1002.98,-21,35,0,1.75,48.25,4.0
401777353,2025,15,regular,2025-12-07 01:00:00+00:00,Ohio State,Indiana,10,13,True,False,1.0,1280.8,1248.8,30.1,37.6,7.7,32.4,40.8,9.9,973.69,645.34,-3,23,0,-4.0,46.375,4.0
401777328,2025,15,regular,2025-12-07 01:00:00+00:00,Virginia,Duke,20,27,True,False,1.0,760.4,503.4,11.1,28.8,18.1,6.6,34.8,29.2,666.74,669.18,-7,47,0,-3.5,58.5,4.0
401762521,2025,16,regular,2025-12-13 20:00:00+00:00,Navy,Army,17,16,True,True,1.0,702.8,255.20000000000005,6.2,33.6,27.9,0.8,24.7,24.1,,23.66,1,33,1,-5.5,38.125,4.0
401778302,2025,1,postseason,2025-12-14 01:00:00+00:00,Washington,Boise State,38,10,True,False,1.0,637.4,582.4,18.4,34.5,15.3,3.1,29.1,25.1,720.56,610.65,28,48,1,-9.833333333333334,55.5,3.0
401778303,2025,1,postseason,2025-12-17 02:00:00+00:00,Jacksonville State,Troy,17,13,True,False,1.0,212.8,331.6,-6.7,27.2,32.4,-4.8,23.6,29.0,519.93,561.87,4,30,1,-3.1666666666666665,47.5,3.0
401778304,2025,1,postseason,2025-12-17 22:00:00+00:00,South Florida,Old Dominion,10,24,True,False,1.0,754.8,544.8,11.6,37.7,25.3,5.9,31.6,23.7,666.89,477.45,-14,34,0,-3.6666666666666665,53.0,3.0
401778305,2025,1,postseason,2025-12-18 01:30:00+00:00,Delaware,Louisiana,20,13,True,False,1.0,-75.2,45.8,-10.9,26.2,36.2,-10.1,25.3,34.0,242.85,585.82,7,33,1,1.5,60.5,3.0
401838053,2025,1,postseason,2025-12-19 02:00:00+00:00,Arkansas State,Missouri State,34,28,True,False,1.0,69.60000000000001,237.60000000000002,-8.8,24.4,33.5,-10.7,25.6,34.8,591.27,426.1,6,62,1,-1.5,55.333333333333336,3.0
401778306,2025,1,postseason,2025-12-19 16:00:00+00:00,Western Michigan,Kennesaw State,41,6,True,False,1.0,573.6,490.8,-1.4,21.7,21.8,-5.4,26.4,30.2,534.35,338.87,35,47,1,-3.3333333333333335,47.333333333333336,3.0
401778307,2025,1,postseason,2025-12-19 19:30:00+00:00,NC State,Memphis,31,7,True,False,1.0,531.6,432.8,4.8,31.4,25.5,7.6,34.3,28.3,707.51,668.63,24,38,1,-4.333333333333333,56.5,3.0
401779840,2025,1,postseason,2025-12-20 01:00:00+00:00,Oklahoma,Alabama,24,34,False,False,1.0,1089.6,1114.6,18.3,30.1,12.9,14.8,32.2,16.1,882.59,993.55,-10,58,0,-1.8333333333333333,42.333333333333336,3.0
401779841,2025,1,postseason,2025-12-20 17:00:00+00:00,Texas A&M,Miami,3,10,False,False,1.0,1167.8,946.0,20.7,38.0,16.4,20.7,34.2,14.3,917.29,874.57,-7,13,0,-3.0,48.5,3.0
401779842,2025,1,postseason,2025-12-20 20:30:00+00:00,Ole Miss,Tulane,41,10,False,False,1.0,1080.6,916.6,24.0,40.4,18.3,6.3,32.4,27.6,813.11,650.87,31,51,1,-16.833333333333332,57.5,3.0
401779843,2025,1,postseason,2025-12-21 00:30:00+00:00,Oregon,James Madison,51,34,False,False,1.0,1146.6,904.6,25.9,38.7,13.5,12.3,34.9,21.4,941.22,459.53,17,85,1,-21.166666666666668,47.5,3.0
401778308,2025,1,postseason,2025-12-22 19:00:00+00:00,Utah State,Washington State,21,34,True,False,1.0,225.2,388.0,-3.1,29.5,31.2,3.8,24.6,20.5,503.59,569.46,-13,55,0,-1.3333333333333333,50.333333333333336,3.0
401778309,2025,1,postseason,2025-12-23 19:00:00+00:00,Louisville,Toledo,27,22,True,False,1.0,629.0,374.2,12.4,31.6,19.8,6.0,25.8,18.5,700.77,620.13,5,49,1,-10.833333333333334,44.5,3.0
401778310,2025,1,postseason,2025-12-23 22:30:00+00:00,Southern Miss,Western Kentucky,16,27,True,False,1.0,89.8,270.6,-7.1,27.0,32.8,1.6,28.8,28.6,602.53,561.36,-11,43,0,-2.8333333333333335,59.333333333333336,3.0
401778311,2025,1,postseason,2025-12-24 02:00:00+00:00,Ohio,UNLV,17,10,True,False,1.0,375.6,578.4,-4.0,23.2,25.2,4.3,33.8,29.8,469.99,700.54,7,27,1,6.333333333333333,64.5,3.0
401778312,2025,1,postseason,2025-12-25 01:00:00+00:00,Hawai'i,California,35,31,False,False,1.0,389.6,269.8,1.7,27.3,27.3,-3.2,25.6,27.9,481.2,726.21,4,66,1,-1.5,51.833333333333336,3.0
401778313,2025,1,postseason,2025-12-26 18:00:00+00:00,Northwestern,Central Michigan,34,7,True,False,1.0,417.8,227.8,5.8,24.4,20.0,-8.8,17.6,25.7,677.97,481.16,27,41,1,-13.0,43.333333333333336,3.0
401778314,2025,1,postseason,2025-12-26 21:30:00+00:00,Minnesota,New Mexico,20,17,True,False,1.0,471.8,532.4,1.5,23.8,20.8,0.9,25.4,26.1,711.04,378.8,3,37,1,-1.6666666666666667,44.5,3.0
401778315,2025,1,postseason,2025-12-27 01:00:00+00:00,UTSA,Florida International,57,20,True,False,1.0,303.8,216.60000000000002,3.7,33.3,30.0,-10.5,26.1,35.8,662.09,562.61,37,77,1,-7.166666666666667,62.833333333333336,3.0
401778316,2025,1,postseason,2025-12-27 16:00:00+00:00,East Carolina,Pittsburgh,23,17,True,False,1.0,454.2,586.0,8.0,32.6,24.0,8.4,31.6,23.5,611.55,681.21,6,40,1,10.666666666666666,54.0,3.0
401778317,2025,1,postseason,2025-12-27 17:00:00+00:00,Clemson,Penn State,10,22,True,False,1.0,402.8,420.6,9.5,27.5,18.9,18.1,35.1,18.8,918.43,910.42,-12,32,0,-2.5,47.5,3.0
401778318,2025,1,postseason,2025-12-27 19:15:00+00:00,Army,UConn,41,16,True,False,1.0,242.20000000000005,389.0,0.8,24.7,24.1,5.1,32.0,28.5,23.66,568.12,25,57,1,-7.166666666666667,41.5,3.0
401778319,2025,1,postseason,2025-12-27 20:30:00+00:00,BYU,Georgia Tech,25,21,True,False,1.0,1099.8,654.4,15.9,33.9,18.8,9.3,32.5,24.9,649.36,715.56,4,46,1,-3.5,55.0,3.0
401778320,2025,1,postseason,2025-12-27 21:30:00+00:00,Fresno State,Miami (OH),18,3,True,False,1.0,263.40000000000003,122.39999999999999,1.8,23.0,21.1,-3.4,19.3,24.2,586.84,592.1,15,21,1,-5.333333333333333,40.666666666666664,3.0
401778321,2025,1,postseason,2025-12-27 22:45:00+00:00,San Diego State,North Texas,47,49,True,False,1.0,515.2,853.6,6.7,24.4,19.6,13.8,43.1,28.6,594.27,569.15,-2,96,0,6.0,54.833333333333336,3.0
401778322,2025,1,postseason,2025-12-28 00:30:00+00:00,Missouri,Virginia,7,13,True,False,1.0,738.8,710.4,14.4,31.2,15.4,11.1,28.8,18.1,804.77,666.74,-6,20,0,-4.0,43.5,3.0
401778323,2025,1,postseason,2025-12-28 02:15:00+00:00,Houston,LSU,38,35,True,False,1.0,584.6,713.0,7.4,31.5,23.0,10.3,25.8,16.1,656.74,920.05,3,73,1,-1.3333333333333333,43.666666666666664,3.0
401778324,2025,1,postseason,2025-12-29 19:00:00+00:00,App State,Georgia Southern,10,29,True,False,1.0,-93.4,33.60000000000001,-11.4,23.0,35.2,-9.4,28.3,37.7,611.31,574.48,-19,39,0,10.0,58.0,3.0
401778325,2025,1,postseason,2025-12-30 19:00:00+00:00,Louisiana Tech,Coastal Carolina,23,14,True,False,1.0,221.6,163.6,-1.3,25.6,27.0,-15.1,23.4,37.0,493.5,610.88,9,37,1,-10.0,51.333333333333336,3.0
401778326,2025,1,postseason,2025-12-30 22:30:00+00:00,Illinois,Tennessee,30,28,True,False,1.0,648.6,680.4000000000001,12.9,33.3,21.7,15.0,39.3,25.4,662.13,866.57,2,58,1,2.8333333333333335,62.0,3.0
401778327,2025,1,postseason,2025-12-31 02:00:00+00:00,TCU,USC,30,27,True,False,1.0,549.6,799.8,8.3,32.9,23.9,16.9,38.9,21.0,745.01,847.53,3,57,1,4.5,56.5,3.0
401778328,2025,1,postseason,2025-12-31 17:00:00+00:00,Vanderbilt,Iowa,27,34,True,False,1.0,1068.0,762.4000000000001,20.3,39.9,21.4,19.7,32.1,14.2,685.42,710.0,-7,61,0,-3.0,47.333333333333336,3.0
401778329,2025,1,postseason,2025-12-31 19:00:00+00:00,Duke,Arizona State,42,39,True,False,1.0,683.4,608.6,6.6,34.8,29.2,3.9,28.3,22.7,669.18,738.52,3,81,1,-3.3333333333333335,49.5,3.0
401778330,2025,1,postseason,2025-12-31 20:00:00+00:00,Texas,Michigan,41,27,True,False,1.0,1020.4,845.4000000000001,16.2,32.9,17.9,12.4,30.9,17.0,973.54,907.22,14,68,1,-5.166666666666667,50.333333333333336,3.0
401778331,2025,1,postseason,2025-12-31 20:30:00+00:00,Utah,Nebraska,44,22,True,False,1.0,885.6,421.6,22.2,39.7,17.5,6.2,28.8,22.7,707.86,821.39,22,66,1,-13.666666666666666,51.333333333333336,3.0
401769070,2025,1,postseason,2026-01-01 00:30:00+00:00,Ohio State,Miami,14,24,True,False,1.0,1327.8,1098.0,30.1,37.6,7.7,20.7,34.2,14.3,973.69,874.57,-10,38,0,-7.666666666666667,39.666666666666664,3.0
401769071,2025,1,postseason,2026-01-01 17:00:00+00:00,Texas Tech,Oregon,0,23,True,False,1.0,1244.6,1280.6,27.6,39.3,12.3,25.9,38.7,13.5,757.49,941.22,-23,23,0,-1.3333333333333333,50.666666666666664,3.0
401769072,2025,1,postseason,2026-01-01 21:00:00+00:00,Indiana,Alabama,38,3,True,False,1.0,1473.8,1276.6,32.4,40.8,9.9,14.8,32.2,16.1,645.34,993.55,35,41,1,-7.5,46.5,3.0
401769073,2025,1,postseason,2026-01-02 01:00:00+00:00,Georgia,Ole Miss,34,39,True,False,1.0,1488.8,1216.6,24.1,37.0,14.8,24.0,40.4,18.3,1002.98,813.11,-5,73,0,-6.0,53.666666666666664,3.0
401778332,2025,1,postseason,2026-01-02 18:00:00+00:00,Texas State,Rice,41,10,True,False,1.0,87.4,32.599999999999994,2.3,36.6,34.6,-14.8,17.7,33.9,612.16,530.06,31,51,1,-19.5,55.5,3.0
401778333,2025,1,postseason,2026-01-02 21:30:00+00:00,Cincinnati,Navy,13,35,True,False,1.0,466.8,822.8,4.5,30.2,26.4,6.2,33.6,27.9,644.1,,-22,48,0,6.333333333333333,57.5,3.0
401778334,2025,1,postseason,2026-01-03 01:00:00+00:00,Mississippi State,Wake Forest,29,43,True,False,1.0,365.6,440.6,4.1,31.6,29.0,5.7,26.6,20.9,770.48,627.16,-14,72,0,-2.8333333333333335,52.5,3.0
401831583,2025,1,postseason,2026-01-03 01:00:00+00:00,SMU,Arizona,24,19,True,False,1.0,560.6,759.8,13.4,34.2,19.5,12.0,33.0,19.5,766.67,651.62,5,43,1,-2.5,55.333333333333336,3.0
401769075,2025,1,postseason,2026-01-09 00:30:00+00:00,Ole Miss,Miami,27,31,True,False,1.0,1426.6,1341.0,24.0,40.4,18.3,20.7,34.2,14.3,813.11,874.57,-4,58,0,3.0,52.666666666666664,3.0
401769074,2025,1,postseason,2026-01-10 00:30:00+00:00,Indiana,Oregon,56,22,True,False,1.0,1704.8,1517.6,32.4,40.8,9.9,25.9,38.7,13.5,645.34,941.22,34,78,1,-3.0,50.333333333333336,3.0
401769076,2025,1,postseason,2026-01-20 00:30:00+00:00,Indiana,Miami,27,21,True,False,1.0,1950.8,1560.0,32.4,40.8,9.9,20.7,34.2,14.3,645.34,874.57,6,48,1,-7.333333333333333,47.0,3.0
